capture,relative_seconds,state,state_label,focus_depth,calm,signal,signal_quality,mp_score,tension_score,focus_ev,mp_s_bit,v_s,t_progress
capture_01_ring_buffer.btsnoop,0.558948,2,adapting,74,74,130,0,70,28,0,16,65,0
capture_01_ring_buffer.btsnoop,0.996516,2,adapting,74,74,130,0,70,28,0,16,60,0
capture_01_ring_buffer.btsnoop,1.302834,2,adapting,74,74,130,0,70,28,0,16,60,0
capture_01_ring_buffer.btsnoop,1.69663,2,adapting,74,74,127,0,70,28,0,16,60,0
capture_01_ring_buffer.btsnoop,2.002814,2,adapting,74,74,127,0,70,28,0,16,60,0
capture_01_ring_buffer.btsnoop,2.308973,2,adapting,74,74,127,0,70,28,0,16,60,0
capture_01_ring_buffer.btsnoop,2.659055,2,adapting,74,74,127,0,70,28,0,16,60,0
capture_01_ring_buffer.btsnoop,3.009041,2,adapting,74,74,127,0,70,28,0,16,60,0
capture_01_ring_buffer.btsnoop,3.35919,2,adapting,74,74,127,0,70,28,0,16,60,0
capture_01_ring_buffer.btsnoop,3.709522,2,adapting,74,74,127,0,70,28,0,16,60,0
capture_01_ring_buffer.btsnoop,4.015223,2,adapting,74,74,127,0,70,28,0,16,60,0
capture_01_ring_buffer.btsnoop,4.365288,2,adapting,74,74,127,0,70,28,0,16,60,0
capture_01_ring_buffer.btsnoop,4.75904,2,adapting,74,74,125,0,70,28,0,16,60,0
capture_01_ring_buffer.btsnoop,5.415454,2,adapting,74,74,125,0,70,28,0,16,60,0
capture_01_ring_buffer.btsnoop,5.765308,2,adapting,74,74,125,0,70,28,0,16,60,0
capture_01_ring_buffer.btsnoop,6.027995,2,adapting,74,74,125,0,70,28,0,16,60,0
capture_01_ring_buffer.btsnoop,6.378021,2,adapting,74,74,125,0,70,28,0,16,60,0
capture_01_ring_buffer.btsnoop,6.727937,2,adapting,74,74,125,0,70,28,0,16,60,0
capture_01_ring_buffer.btsnoop,7.034237,2,adapting,74,74,125,0,70,28,0,16,60,0
capture_01_ring_buffer.btsnoop,7.384163,2,adapting,74,74,125,0,70,28,0,16,60,0
capture_01_ring_buffer.btsnoop,7.77781,2,adapting,74,74,125,0,70,28,0,16,60,0
capture_01_ring_buffer.btsnoop,8.084013,2,adapting,74,74,125,0,70,28,0,16,60,0
capture_01_ring_buffer.btsnoop,8.390378,2,adapting,74,74,125,0,70,28,0,16,60,0
capture_01_ring_buffer.btsnoop,8.740333,2,adapting,74,74,125,0,70,28,0,16,60,0
capture_01_ring_buffer.btsnoop,9.090485,2,adapting,74,74,125,0,70,28,0,16,60,0
capture_01_ring_buffer.btsnoop,9.396539,2,adapting,74,74,125,0,70,28,0,16,60,0
capture_01_ring_buffer.btsnoop,9.834029,2,adapting,74,74,125,0,70,28,0,16,60,0
capture_01_ring_buffer.btsnoop,10.402895,2,adapting,74,74,125,0,70,28,0,16,60,0
capture_01_ring_buffer.btsnoop,10.796512,2,adapting,74,74,118,0,70,28,0,16,60,0
capture_01_ring_buffer.btsnoop,11.102943,2,adapting,74,74,118,0,70,28,0,16,60,0
capture_01_ring_buffer.btsnoop,11.452716,2,adapting,74,74,118,0,70,28,0,16,60,0
capture_01_ring_buffer.btsnoop,11.802814,2,adapting,74,74,107,0,70,28,0,16,60,0
capture_01_ring_buffer.btsnoop,12.108978,2,adapting,74,74,107,0,70,28,0,16,60,0
capture_01_ring_buffer.btsnoop,12.459049,2,adapting,74,74,107,0,70,28,0,16,60,0
capture_01_ring_buffer.btsnoop,12.852967,2,adapting,74,74,107,0,70,28,0,16,60,0
capture_01_ring_buffer.btsnoop,13.465224,2,adapting,74,74,107,0,70,28,0,16,60,0
capture_01_ring_buffer.btsnoop,13.815137,2,adapting,74,74,107,0,70,28,0,16,60,0
capture_01_ring_buffer.btsnoop,14.121644,2,adapting,74,74,107,0,70,28,0,16,60,0
capture_01_ring_buffer.btsnoop,14.471459,2,adapting,74,74,107,0,70,28,0,16,60,0
capture_01_ring_buffer.btsnoop,14.821586,2,adapting,74,74,107,0,70,28,0,16,60,0
capture_01_ring_buffer.btsnoop,15.127718,2,adapting,74,74,107,0,70,28,0,16,60,0
capture_01_ring_buffer.btsnoop,15.477923,2,adapting,74,74,107,0,70,28,0,16,60,0
capture_01_ring_buffer.btsnoop,15.871455,2,adapting,74,74,107,0,70,28,0,16,60,0
capture_01_ring_buffer.btsnoop,16.134073,2,adapting,74,74,107,0,70,28,0,16,60,0
capture_01_ring_buffer.btsnoop,16.484122,2,adapting,74,74,107,0,70,28,0,16,60,0
capture_01_ring_buffer.btsnoop,16.833869,2,adapting,74,74,107,0,70,28,0,16,60,0
capture_01_ring_buffer.btsnoop,17.183959,2,adapting,74,74,107,0,70,28,0,16,60,0
capture_01_ring_buffer.btsnoop,17.490141,2,adapting,74,74,107,0,70,28,0,16,60,0
capture_01_ring_buffer.btsnoop,17.88391,2,adapting,74,74,107,0,70,28,0,16,60,0
capture_01_ring_buffer.btsnoop,18.190367,2,adapting,74,74,107,0,70,28,0,16,60,0
capture_01_ring_buffer.btsnoop,18.496579,2,adapting,74,74,107,0,70,28,0,16,60,0
capture_01_ring_buffer.btsnoop,18.933962,2,adapting,74,74,107,0,70,28,0,16,60,0
capture_01_ring_buffer.btsnoop,19.502812,2,adapting,74,74,107,0,70,28,0,16,60,0
capture_01_ring_buffer.btsnoop,19.896378,2,adapting,74,74,107,0,70,28,0,16,60,0
capture_01_ring_buffer.btsnoop,20.202803,2,adapting,74,74,107,0,70,28,0,16,60,0
capture_01_ring_buffer.btsnoop,20.508894,2,adapting,74,74,107,0,70,28,0,16,60,0
capture_01_ring_buffer.btsnoop,20.858915,2,adapting,74,74,107,0,70,28,0,16,60,0
capture_01_ring_buffer.btsnoop,21.208931,2,adapting,74,74,107,0,70,28,0,16,60,0
capture_01_ring_buffer.btsnoop,21.515208,2,adapting,74,74,107,0,70,28,0,16,60,0
capture_01_ring_buffer.btsnoop,21.909123,2,adapting,74,74,107,0,70,28,0,16,60,0
capture_01_ring_buffer.btsnoop,22.259157,2,adapting,74,74,107,0,70,28,0,16,60,0
capture_01_ring_buffer.btsnoop,22.565188,2,adapting,74,74,107,0,70,28,0,16,60,0
capture_01_ring_buffer.btsnoop,22.958887,2,adapting,74,74,107,0,70,28,0,16,60,0
capture_01_ring_buffer.btsnoop,23.571438,2,adapting,74,74,107,0,70,28,0,16,60,0
capture_01_ring_buffer.btsnoop,23.965225,2,adapting,74,74,107,0,70,28,0,16,60,0
capture_01_ring_buffer.btsnoop,24.227637,2,adapting,74,74,107,0,70,28,0,16,60,0
capture_01_ring_buffer.btsnoop,24.57776,2,adapting,74,74,107,0,70,28,0,16,60,0
capture_01_ring_buffer.btsnoop,24.927632,2,adapting,74,74,107,0,70,28,0,16,60,0
capture_01_ring_buffer.btsnoop,25.233981,2,adapting,74,74,107,0,70,28,0,16,60,0
capture_01_ring_buffer.btsnoop,25.584039,2,adapting,74,74,107,0,70,28,0,16,60,0
capture_01_ring_buffer.btsnoop,25.934183,2,adapting,74,74,107,0,70,28,0,16,60,0
capture_01_ring_buffer.btsnoop,26.240249,2,adapting,74,74,107,0,70,28,0,16,60,0
capture_01_ring_buffer.btsnoop,26.590165,2,adapting,74,74,107,0,70,28,0,16,60,0
capture_01_ring_buffer.btsnoop,26.983902,2,adapting,74,74,107,0,70,28,0,16,60,0
capture_01_ring_buffer.btsnoop,27.24661,2,adapting,74,74,107,0,70,28,0,16,60,0
capture_01_ring_buffer.btsnoop,27.596643,2,adapting,74,74,107,0,70,28,0,16,60,0
capture_01_ring_buffer.btsnoop,27.990086,2,adapting,74,74,107,0,70,28,0,16,60,0
capture_01_ring_buffer.btsnoop,28.296791,2,adapting,74,74,107,0,70,28,0,16,60,0
capture_01_ring_buffer.btsnoop,28.60285,2,adapting,74,74,107,0,70,28,0,16,60,0
capture_01_ring_buffer.btsnoop,28.952736,2,adapting,74,74,107,0,70,28,0,16,60,0
capture_01_ring_buffer.btsnoop,29.30289,2,adapting,74,74,107,0,70,28,0,16,60,0
capture_01_ring_buffer.btsnoop,29.609133,2,adapting,74,74,107,0,70,28,0,16,60,0
capture_01_ring_buffer.btsnoop,30.00275,2,adapting,74,74,107,0,70,28,0,16,60,0
capture_01_ring_buffer.btsnoop,30.308978,2,adapting,74,74,107,0,70,28,0,16,60,0
capture_01_ring_buffer.btsnoop,30.659115,2,adapting,74,74,107,0,70,28,0,16,60,0
capture_01_ring_buffer.btsnoop,31.008956,2,adapting,74,74,107,0,70,28,0,16,60,0
capture_01_ring_buffer.btsnoop,31.315435,2,adapting,74,74,107,0,70,28,0,16,60,0
capture_01_ring_buffer.btsnoop,31.665279,2,adapting,74,74,107,0,70,28,0,16,60,0
capture_01_ring_buffer.btsnoop,32.058955,2,adapting,74,74,107,0,70,28,0,16,60,0
capture_01_ring_buffer.btsnoop,32.671531,2,adapting,74,74,107,0,70,28,0,16,60,0
capture_01_ring_buffer.btsnoop,33.021675,2,adapting,74,74,109,0,70,28,0,16,60,0
capture_01_ring_buffer.btsnoop,33.327955,2,adapting,74,74,109,0,70,28,0,16,60,0
capture_01_ring_buffer.btsnoop,33.721804,2,adapting,74,74,109,0,70,28,0,16,60,0
capture_01_ring_buffer.btsnoop,34.071551,2,adapting,74,74,103,0,70,28,0,16,60,0
capture_01_ring_buffer.btsnoop,34.377983,2,adapting,74,74,103,0,70,28,0,16,60,0
capture_01_ring_buffer.btsnoop,34.684205,2,adapting,74,74,103,0,70,28,0,16,60,0
capture_01_ring_buffer.btsnoop,35.034175,2,adapting,74,74,103,0,70,28,0,16,60,0
capture_01_ring_buffer.btsnoop,35.340379,2,adapting,74,74,103,0,70,28,0,16,60,0
capture_01_ring_buffer.btsnoop,35.690287,2,adapting,74,74,103,0,70,28,0,16,60,0
capture_01_ring_buffer.btsnoop,36.04034,2,adapting,74,74,103,0,70,28,0,16,60,0
capture_01_ring_buffer.btsnoop,36.347327,2,adapting,74,74,103,0,70,28,0,16,60,0
capture_01_ring_buffer.btsnoop,36.696575,2,adapting,74,74,103,0,70,28,0,16,60,0
capture_01_ring_buffer.btsnoop,37.091049,2,adapting,74,74,103,0,70,28,0,16,60,0
capture_01_ring_buffer.btsnoop,37.396629,2,adapting,74,74,103,0,70,28,0,16,60,0
capture_01_ring_buffer.btsnoop,37.703012,2,adapting,74,74,103,0,70,28,0,16,60,0
capture_01_ring_buffer.btsnoop,38.096664,2,adapting,74,74,103,0,70,28,0,16,60,0
capture_01_ring_buffer.btsnoop,38.402888,2,adapting,74,74,103,0,70,28,0,16,60,0
capture_01_ring_buffer.btsnoop,38.709255,2,adapting,74,74,103,0,70,28,0,16,60,0
capture_01_ring_buffer.btsnoop,39.059143,2,adapting,74,74,103,0,70,28,0,16,60,0
capture_01_ring_buffer.btsnoop,39.409215,2,adapting,74,74,103,0,70,28,0,16,60,0
capture_01_ring_buffer.btsnoop,39.715269,2,adapting,74,74,103,0,70,28,0,16,60,0
capture_01_ring_buffer.btsnoop,40.19656,2,adapting,74,74,78,0,70,28,0,16,60,0
capture_01_ring_buffer.btsnoop,40.721823,2,adapting,74,74,78,0,70,28,0,16,60,0
capture_01_ring_buffer.btsnoop,41.071842,2,adapting,74,74,78,0,70,28,0,16,60,0
capture_01_ring_buffer.btsnoop,41.421768,2,adapting,74,74,78,0,70,28,0,16,60,0
capture_01_ring_buffer.btsnoop,41.771563,2,adapting,74,74,78,0,70,28,0,16,60,0
capture_01_ring_buffer.btsnoop,42.165514,2,adapting,74,74,78,0,70,28,0,16,60,0
capture_01_ring_buffer.btsnoop,42.427968,2,adapting,74,74,78,0,70,28,0,16,60,0
capture_01_ring_buffer.btsnoop,42.778105,2,adapting,74,74,78,0,70,28,0,16,60,0
capture_01_ring_buffer.btsnoop,43.171534,2,adapting,74,74,78,0,70,28,0,16,60,0
capture_01_ring_buffer.btsnoop,43.434054,2,adapting,74,74,78,0,70,28,0,16,60,0
capture_01_ring_buffer.btsnoop,43.784154,2,adapting,74,74,78,0,70,28,0,16,60,0
capture_01_ring_buffer.btsnoop,44.134095,2,adapting,74,74,78,0,70,28,0,16,60,0
capture_01_ring_buffer.btsnoop,44.440342,2,adapting,74,74,78,0,70,28,0,16,60,0
capture_01_ring_buffer.btsnoop,44.790445,2,adapting,74,74,78,0,70,28,0,16,60,0
capture_01_ring_buffer.btsnoop,45.227866,2,adapting,74,74,78,0,70,28,0,16,60,0
capture_01_ring_buffer.btsnoop,45.796712,2,adapting,74,74,78,0,70,28,0,16,60,0
capture_01_ring_buffer.btsnoop,46.190535,2,adapting,74,74,78,0,70,28,0,16,60,0
capture_01_ring_buffer.btsnoop,46.453081,2,adapting,74,74,78,0,70,28,0,16,60,0
capture_01_ring_buffer.btsnoop,46.802663,2,adapting,74,74,78,0,70,28,0,16,60,0
capture_01_ring_buffer.btsnoop,47.152659,2,adapting,74,74,78,0,70,28,0,16,60,0
capture_01_ring_buffer.btsnoop,47.502793,2,adapting,74,74,78,0,70,28,0,16,60,0
capture_01_ring_buffer.btsnoop,47.80889,2,adapting,74,74,78,0,70,28,0,16,60,0
capture_01_ring_buffer.btsnoop,48.202933,2,adapting,74,74,78,0,70,28,0,16,60,0
capture_01_ring_buffer.btsnoop,48.508885,2,adapting,74,74,78,0,70,28,0,16,60,0
capture_01_ring_buffer.btsnoop,48.815554,2,adapting,74,74,78,0,70,28,0,16,60,0
capture_01_ring_buffer.btsnoop,49.165205,2,adapting,74,74,78,0,70,28,0,16,60,0
capture_01_ring_buffer.btsnoop,49.51529,2,adapting,74,74,78,0,70,28,0,16,60,0
capture_01_ring_buffer.btsnoop,49.822419,2,adapting,74,74,78,0,70,28,0,16,60,0
capture_01_ring_buffer.btsnoop,50.215533,2,adapting,74,74,78,0,70,28,0,16,60,0
capture_01_ring_buffer.btsnoop,50.523044,2,adapting,74,74,78,0,70,28,0,16,60,0
capture_01_ring_buffer.btsnoop,50.871567,2,adapting,74,74,78,0,70,28,0,16,60,0
capture_01_ring_buffer.btsnoop,51.309195,2,adapting,74,74,67,0,70,28,0,16,60,0
capture_01_ring_buffer.btsnoop,51.878093,2,adapting,74,74,67,0,70,28,0,16,60,0
capture_01_ring_buffer.btsnoop,52.22788,2,adapting,74,74,48,0,70,28,0,16,60,0
capture_01_ring_buffer.btsnoop,52.53426,2,adapting,74,74,48,0,70,28,0,16,60,0
capture_01_ring_buffer.btsnoop,52.884343,2,adapting,74,74,48,0,70,28,0,16,60,0
capture_01_ring_buffer.btsnoop,53.277935,2,adapting,74,74,48,0,70,28,0,16,60,0
capture_01_ring_buffer.btsnoop,53.540634,2,adapting,74,74,48,0,70,28,0,16,60,0
capture_01_ring_buffer.btsnoop,53.890418,2,adapting,74,74,48,0,70,28,0,16,60,0
capture_01_ring_buffer.btsnoop,54.240514,2,adapting,74,74,48,0,70,28,0,16,60,0
capture_01_ring_buffer.btsnoop,54.546728,2,adapting,74,74,48,0,70,28,0,16,60,0
capture_01_ring_buffer.btsnoop,54.896704,2,adapting,74,74,48,0,70,28,0,16,60,0
capture_01_ring_buffer.btsnoop,55.246714,2,adapting,74,74,48,0,70,28,0,16,60,0
capture_01_ring_buffer.btsnoop,55.55315,2,adapting,74,74,48,0,70,28,0,16,60,0
capture_01_ring_buffer.btsnoop,55.903008,2,adapting,74,74,48,0,70,28,0,16,60,0
capture_01_ring_buffer.btsnoop,56.297093,2,adapting,74,74,48,0,70,28,0,16,60,0
capture_01_ring_buffer.btsnoop,56.60305,2,adapting,74,74,48,0,70,28,0,16,60,0
capture_01_ring_buffer.btsnoop,56.909174,2,adapting,74,74,48,0,70,28,0,16,60,0
capture_01_ring_buffer.btsnoop,57.302906,2,adapting,74,74,48,0,70,28,0,16,60,0
capture_01_ring_buffer.btsnoop,57.609476,2,adapting,74,74,48,0,70,28,0,16,60,0
capture_01_ring_buffer.btsnoop,57.915372,2,adapting,74,74,48,0,70,28,0,16,60,0
capture_01_ring_buffer.btsnoop,58.309183,2,adapting,74,74,48,0,70,28,0,16,60,0
capture_01_ring_buffer.btsnoop,58.615611,2,adapting,74,74,48,0,70,28,0,16,60,0
capture_01_ring_buffer.btsnoop,58.921745,2,adapting,74,74,48,0,70,28,0,16,60,0
capture_01_ring_buffer.btsnoop,59.315655,2,adapting,74,74,48,0,70,28,0,16,60,0
capture_01_ring_buffer.btsnoop,59.621714,2,adapting,74,74,48,0,70,28,0,16,60,0
capture_01_ring_buffer.btsnoop,59.971758,2,adapting,74,74,48,0,70,28,0,16,60,0
capture_01_ring_buffer.btsnoop,60.321711,2,adapting,74,74,48,0,70,28,0,16,60,0
capture_01_ring_buffer.btsnoop,60.628067,2,adapting,74,74,48,0,70,28,0,16,60,0
capture_01_ring_buffer.btsnoop,60.977998,2,adapting,74,74,48,0,70,28,0,16,60,0
capture_01_ring_buffer.btsnoop,61.371908,2,adapting,74,74,42,0,70,28,0,16,60,0
capture_01_ring_buffer.btsnoop,61.634243,2,adapting,74,74,42,0,70,28,0,16,56,0
capture_01_ring_buffer.btsnoop,61.98471,2,adapting,74,74,42,0,70,28,0,16,56,0
capture_01_ring_buffer.btsnoop,62.33439,2,adapting,74,74,42,0,70,28,0,16,56,0
capture_01_ring_buffer.btsnoop,62.68437,2,adapting,74,74,42,0,70,28,0,16,56,0
capture_01_ring_buffer.btsnoop,62.990781,2,adapting,74,74,42,0,70,28,0,16,56,0
capture_01_ring_buffer.btsnoop,63.384236,2,adapting,74,74,42,0,70,28,0,16,56,0
capture_01_ring_buffer.btsnoop,63.646805,2,adapting,74,74,42,0,70,28,0,16,56,0
capture_01_ring_buffer.btsnoop,63.99678,2,adapting,74,74,42,0,70,28,0,16,56,0
capture_01_ring_buffer.btsnoop,64.39071,2,adapting,74,74,15,0,70,28,0,16,56,0
capture_01_ring_buffer.btsnoop,64.652971,2,adapting,74,74,15,0,70,28,0,16,56,0
capture_01_ring_buffer.btsnoop,65.003112,2,adapting,74,74,15,0,70,28,0,16,56,0
capture_01_ring_buffer.btsnoop,65.39699,2,adapting,74,74,15,0,70,28,0,16,56,0
capture_01_ring_buffer.btsnoop,65.659326,2,adapting,74,74,15,0,70,28,0,16,56,0
capture_01_ring_buffer.btsnoop,66.009382,2,adapting,74,74,15,0,70,28,0,16,56,0
capture_01_ring_buffer.btsnoop,66.403505,2,adapting,74,74,15,0,70,28,0,16,56,0
capture_01_ring_buffer.btsnoop,66.709444,2,adapting,74,74,15,0,70,28,0,16,56,0
capture_01_ring_buffer.btsnoop,67.015563,2,adapting,74,74,15,0,70,28,0,16,56,0
capture_01_ring_buffer.btsnoop,67.409284,2,adapting,74,74,15,0,70,28,0,16,56,0
capture_01_ring_buffer.btsnoop,67.715578,2,adapting,74,74,15,0,70,28,0,16,56,0
capture_01_ring_buffer.btsnoop,68.021826,2,adapting,74,74,15,0,70,28,0,16,56,0
capture_01_ring_buffer.btsnoop,68.415737,2,adapting,74,74,15,0,70,28,0,16,56,0
capture_01_ring_buffer.btsnoop,68.721887,2,adapting,74,74,15,0,70,28,0,16,56,0
capture_01_ring_buffer.btsnoop,69.071876,2,adapting,74,74,15,0,70,28,0,16,56,0
capture_01_ring_buffer.btsnoop,69.465563,2,adapting,74,74,15,0,70,28,0,16,56,0
capture_01_ring_buffer.btsnoop,69.728059,2,adapting,74,74,15,0,70,28,0,16,56,0
capture_01_ring_buffer.btsnoop,70.078046,2,adapting,74,74,15,0,70,28,0,16,56,0
capture_01_ring_buffer.btsnoop,70.428099,2,adapting,74,74,15,0,70,28,0,16,56,0
capture_01_ring_buffer.btsnoop,70.734518,2,adapting,74,74,15,0,70,28,0,16,56,0
capture_01_ring_buffer.btsnoop,71.084322,2,adapting,74,74,15,0,70,28,0,16,56,0
capture_01_ring_buffer.btsnoop,71.43456,2,adapting,74,74,15,0,70,28,0,16,56,0
capture_01_ring_buffer.btsnoop,71.740608,2,adapting,74,74,15,0,70,28,0,16,56,0
capture_01_ring_buffer.btsnoop,72.090865,2,adapting,74,74,15,0,70,28,0,16,56,0
capture_01_ring_buffer.btsnoop,72.440752,2,adapting,74,74,15,0,70,28,0,16,56,0
capture_01_ring_buffer.btsnoop,72.747034,2,adapting,74,74,15,0,70,28,0,16,56,0
capture_01_ring_buffer.btsnoop,73.096869,2,adapting,74,74,15,0,70,28,0,16,56,0
capture_01_ring_buffer.btsnoop,73.490602,2,adapting,74,74,15,0,70,28,0,16,56,0
capture_01_ring_buffer.btsnoop,73.753109,2,adapting,74,74,15,0,70,28,0,16,56,0
capture_01_ring_buffer.btsnoop,74.103326,2,adapting,74,74,15,0,70,28,0,16,56,0
capture_01_ring_buffer.btsnoop,74.453127,2,adapting,74,74,15,0,70,28,0,16,56,0
capture_01_ring_buffer.btsnoop,74.803253,2,adapting,74,74,15,0,70,28,0,16,56,0
capture_01_ring_buffer.btsnoop,75.109241,2,adapting,74,74,15,0,70,28,0,16,56,0
capture_01_ring_buffer.btsnoop,75.503342,2,adapting,74,74,0,0,70,28,0,16,56,0
capture_01_ring_buffer.btsnoop,75.809583,2,adapting,74,74,0,0,70,28,0,16,56,0
capture_01_ring_buffer.btsnoop,76.1158,2,adapting,74,74,0,0,70,28,0,16,56,0
capture_01_ring_buffer.btsnoop,76.50947,2,adapting,74,74,0,0,70,28,0,16,56,0
capture_01_ring_buffer.btsnoop,76.815659,2,adapting,74,74,0,0,70,28,0,16,56,0
capture_01_ring_buffer.btsnoop,77.121932,2,adapting,74,74,0,0,70,28,0,16,56,0
capture_01_ring_buffer.btsnoop,77.471817,2,adapting,74,74,0,0,70,28,0,16,56,0
capture_01_ring_buffer.btsnoop,77.822049,2,adapting,74,74,0,0,70,28,0,16,56,0
capture_01_ring_buffer.btsnoop,78.171942,2,adapting,74,74,0,0,70,28,0,16,56,0
capture_01_ring_buffer.btsnoop,78.522479,2,adapting,74,74,0,0,70,28,0,16,56,0
capture_01_ring_buffer.btsnoop,78.82817,2,adapting,74,74,0,0,70,28,0,16,56,0
capture_01_ring_buffer.btsnoop,79.178139,2,adapting,74,74,0,0,70,28,0,16,56,0
capture_01_ring_buffer.btsnoop,79.528171,2,adapting,74,74,0,0,70,28,0,16,56,0
capture_01_ring_buffer.btsnoop,79.834611,2,adapting,74,74,0,0,70,28,0,16,56,0
capture_01_ring_buffer.btsnoop,80.184298,2,adapting,74,74,0,0,70,28,0,16,56,0
capture_01_ring_buffer.btsnoop,80.534436,2,adapting,74,74,0,0,70,28,0,16,56,0
capture_01_ring_buffer.btsnoop,80.840682,2,adapting,74,74,0,0,70,28,0,16,56,0
capture_01_ring_buffer.btsnoop,81.190619,2,adapting,74,74,0,0,70,28,0,16,56,0
capture_01_ring_buffer.btsnoop,81.628185,2,adapting,74,74,0,0,70,28,0,16,56,0
capture_01_ring_buffer.btsnoop,82.196851,2,adapting,74,74,0,0,70,28,0,16,56,0
capture_01_ring_buffer.btsnoop,82.546975,2,adapting,74,74,0,0,70,28,0,16,56,0
capture_01_ring_buffer.btsnoop,82.85317,2,adapting,74,74,0,0,70,28,0,16,56,0
capture_01_ring_buffer.btsnoop,83.203099,2,adapting,74,74,0,0,70,28,0,16,56,0
capture_01_ring_buffer.btsnoop,83.597209,2,adapting,74,74,0,0,70,28,0,16,56,0
capture_01_ring_buffer.btsnoop,83.85952,2,adapting,74,74,0,0,70,28,0,16,56,0
capture_01_ring_buffer.btsnoop,84.209399,2,adapting,74,74,0,0,70,28,0,16,56,0
capture_01_ring_buffer.btsnoop,84.603492,2,adapting,74,74,0,0,70,28,0,16,56,0
capture_01_ring_buffer.btsnoop,84.90943,2,adapting,74,74,0,0,70,28,0,16,56,0
capture_01_ring_buffer.btsnoop,85.215695,2,adapting,74,74,0,0,70,28,0,16,56,0
capture_01_ring_buffer.btsnoop,85.653291,2,adapting,74,74,0,0,70,28,0,16,56,0
capture_01_ring_buffer.btsnoop,86.221856,2,adapting,74,74,0,0,70,28,0,16,56,0
capture_01_ring_buffer.btsnoop,86.615664,2,adapting,74,74,0,0,70,28,0,16,56,0
capture_01_ring_buffer.btsnoop,86.92203,2,adapting,74,74,0,0,70,28,0,16,56,0
capture_01_ring_buffer.btsnoop,87.272113,2,adapting,74,74,0,0,70,28,0,16,56,0
capture_01_ring_buffer.btsnoop,87.621964,2,adapting,74,74,0,0,70,28,0,16,56,0
capture_01_ring_buffer.btsnoop,87.928175,2,adapting,74,74,0,0,70,28,0,16,56,0
capture_01_ring_buffer.btsnoop,88.278203,2,adapting,74,74,0,0,70,28,0,16,56,0
capture_01_ring_buffer.btsnoop,88.628225,2,adapting,74,74,0,0,70,28,0,16,56,0
capture_01_ring_buffer.btsnoop,88.934676,2,adapting,74,74,0,0,70,28,0,16,56,0
capture_01_ring_buffer.btsnoop,89.284673,2,adapting,74,74,0,0,70,28,0,16,56,0
capture_01_ring_buffer.btsnoop,89.678163,2,adapting,74,74,0,0,70,28,0,16,56,0
capture_01_ring_buffer.btsnoop,89.940776,2,adapting,74,74,0,0,70,28,0,16,56,0
capture_01_ring_buffer.btsnoop,90.290791,2,adapting,74,74,0,0,70,28,0,16,56,0
capture_01_ring_buffer.btsnoop,90.684758,2,adapting,74,74,36,0,70,28,0,16,56,0
capture_01_ring_buffer.btsnoop,90.947167,2,adapting,75,75,36,0,70,28,0,16,56,0
capture_01_ring_buffer.btsnoop,91.297008,2,adapting,76,76,36,0,70,28,0,16,56,0
capture_01_ring_buffer.btsnoop,91.646949,2,adapting,76,76,36,0,70,28,0,16,56,0
capture_01_ring_buffer.btsnoop,91.953307,2,adapting,77,77,36,0,70,28,0,16,56,0
capture_01_ring_buffer.btsnoop,92.303242,2,adapting,74,74,36,0,70,28,0,16,56,0
capture_01_ring_buffer.btsnoop,92.697206,2,adapting,74,74,36,0,70,28,0,16,56,0
capture_01_ring_buffer.btsnoop,92.959775,2,adapting,74,74,36,0,70,28,0,16,56,0
capture_01_ring_buffer.btsnoop,93.309511,2,adapting,74,74,36,0,70,28,0,16,56,0
capture_01_ring_buffer.btsnoop,93.703441,2,adapting,74,74,36,0,70,28,0,16,56,0
capture_01_ring_buffer.btsnoop,94.009482,2,adapting,74,74,36,0,70,28,0,16,56,0
capture_01_ring_buffer.btsnoop,94.31576,2,adapting,74,74,36,0,70,28,0,16,56,0
capture_01_ring_buffer.btsnoop,94.709638,2,adapting,74,74,36,0,70,28,0,16,56,0
capture_01_ring_buffer.btsnoop,95.015679,2,adapting,74,74,36,0,70,28,0,16,56,0
capture_01_ring_buffer.btsnoop,95.321924,2,adapting,74,74,36,0,70,28,0,16,56,0
capture_01_ring_buffer.btsnoop,95.759694,2,adapting,79,74,103,0,70,28,0,16,56,0
capture_01_ring_buffer.btsnoop,96.021901,2,adapting,79,74,103,0,70,28,0,16,56,0
capture_01_ring_buffer.btsnoop,96.372961,2,adapting,79,74,103,0,70,28,0,16,56,0
capture_01_ring_buffer.btsnoop,96.722125,2,adapting,79,74,103,0,70,28,0,16,56,0
capture_01_ring_buffer.btsnoop,97.028363,2,adapting,79,74,103,0,70,28,0,16,56,0
capture_01_ring_buffer.btsnoop,97.378277,2,adapting,79,74,103,0,70,28,0,16,56,0
capture_01_ring_buffer.btsnoop,97.728283,2,adapting,79,74,103,0,70,28,0,16,56,0
capture_01_ring_buffer.btsnoop,98.034617,2,adapting,79,74,103,0,70,28,0,16,56,0
capture_01_ring_buffer.btsnoop,98.384697,2,adapting,79,74,103,0,70,28,0,16,56,0
capture_01_ring_buffer.btsnoop,98.778388,2,adapting,79,74,103,0,70,28,0,16,56,0
capture_01_ring_buffer.btsnoop,99.040738,2,adapting,79,74,103,0,70,28,0,16,56,0
capture_01_ring_buffer.btsnoop,99.390918,2,adapting,79,74,103,0,70,28,0,16,56,0
capture_01_ring_buffer.btsnoop,99.740892,2,adapting,79,74,103,0,70,28,0,16,56,0
capture_01_ring_buffer.btsnoop,100.047002,2,adapting,79,74,103,0,70,28,0,16,56,0
capture_01_ring_buffer.btsnoop,100.397687,2,adapting,79,74,103,0,70,28,0,16,56,0
capture_01_ring_buffer.btsnoop,100.790865,2,adapting,80,74,103,0,70,28,0,16,56,0
capture_01_ring_buffer.btsnoop,101.097123,2,adapting,80,74,103,0,70,28,0,16,56,0
capture_01_ring_buffer.btsnoop,101.403313,2,adapting,79,74,103,0,70,28,0,16,56,0
capture_01_ring_buffer.btsnoop,101.797138,2,adapting,79,74,103,0,70,28,0,16,56,0
capture_01_ring_buffer.btsnoop,102.190991,2,adapting,79,74,103,0,70,28,0,16,56,0
capture_01_ring_buffer.btsnoop,102.803352,2,adapting,79,74,103,0,70,28,0,16,56,0
capture_01_ring_buffer.btsnoop,103.109681,2,adapting,79,74,103,0,70,28,0,16,56,0
capture_01_ring_buffer.btsnoop,103.415894,2,adapting,79,74,103,0,70,28,0,16,56,0
capture_01_ring_buffer.btsnoop,103.810128,2,adapting,79,74,103,0,70,28,0,16,56,0
capture_01_ring_buffer.btsnoop,104.116038,2,adapting,79,74,103,0,70,28,0,16,56,0
capture_01_ring_buffer.btsnoop,104.465832,2,adapting,79,74,103,0,70,28,0,16,56,0
capture_01_ring_buffer.btsnoop,104.815945,2,adapting,79,74,103,0,70,28,0,16,56,0
capture_01_ring_buffer.btsnoop,105.122185,2,adapting,79,74,103,0,70,28,0,16,56,0
capture_01_ring_buffer.btsnoop,105.472122,2,adapting,79,74,103,0,70,28,0,16,56,0
capture_01_ring_buffer.btsnoop,105.865962,2,adapting,79,74,135,0,70,28,0,16,56,0
capture_01_ring_buffer.btsnoop,106.12835,2,adapting,79,74,135,0,70,28,0,16,56,0
capture_01_ring_buffer.btsnoop,106.478561,2,adapting,79,74,135,0,70,28,0,16,56,0
capture_01_ring_buffer.btsnoop,106.828335,2,adapting,79,74,135,0,70,28,0,16,56,0
capture_01_ring_buffer.btsnoop,107.134655,2,adapting,79,74,135,0,70,28,0,16,56,0
capture_01_ring_buffer.btsnoop,107.484794,2,adapting,79,74,135,0,70,28,0,16,56,0
capture_01_ring_buffer.btsnoop,107.87866,2,adapting,79,74,135,0,70,28,0,16,56,0
capture_01_ring_buffer.btsnoop,108.184579,2,adapting,79,74,135,0,70,28,0,16,56,0
capture_01_ring_buffer.btsnoop,108.490821,2,adapting,79,74,135,0,70,28,0,16,56,0
capture_01_ring_buffer.btsnoop,108.928591,2,adapting,79,74,135,0,70,28,0,16,56,0
capture_01_ring_buffer.btsnoop,109.497104,2,adapting,80,74,135,0,70,28,0,16,56,0
capture_01_ring_buffer.btsnoop,109.847094,2,adapting,80,74,135,0,70,28,0,16,56,0
capture_01_ring_buffer.btsnoop,110.197293,2,adapting,80,74,135,0,70,28,0,16,56,0
capture_01_ring_buffer.btsnoop,110.503339,2,adapting,80,74,135,0,70,28,0,16,56,0
capture_01_ring_buffer.btsnoop,110.897127,2,adapting,81,74,135,0,70,28,0,16,56,0
capture_01_ring_buffer.btsnoop,111.203301,2,adapting,81,74,135,0,70,28,0,16,56,0
capture_01_ring_buffer.btsnoop,111.50987,2,adapting,79,74,135,0,70,28,0,16,56,0
capture_01_ring_buffer.btsnoop,111.90342,2,adapting,79,74,135,0,70,28,0,16,56,0
capture_01_ring_buffer.btsnoop,112.209735,2,adapting,79,74,135,0,70,28,0,16,56,0
capture_01_ring_buffer.btsnoop,112.515906,2,adapting,78,74,135,0,70,28,0,16,56,0
capture_01_ring_buffer.btsnoop,112.909665,2,adapting,78,74,135,0,70,28,0,16,56,0
capture_01_ring_buffer.btsnoop,113.215941,2,adapting,78,74,135,0,70,28,0,16,56,0
capture_01_ring_buffer.btsnoop,113.566001,2,adapting,78,74,135,0,70,28,0,16,56,0
capture_01_ring_buffer.btsnoop,114.003473,3,in_motion,78,74,135,0,70,28,0,16,56,0
capture_01_ring_buffer.btsnoop,114.572197,3,in_motion,78,74,135,0,70,28,0,16,56,0
capture_01_ring_buffer.btsnoop,114.878515,3,in_motion,78,74,135,0,70,28,0,16,56,0
capture_01_ring_buffer.btsnoop,115.272291,3,in_motion,78,74,135,0,70,28,0,16,56,0
capture_01_ring_buffer.btsnoop,115.578302,3,in_motion,78,74,135,0,70,28,0,16,56,0
capture_01_ring_buffer.btsnoop,115.928347,3,in_motion,78,74,135,0,70,28,0,16,56,0
capture_01_ring_buffer.btsnoop,116.234709,3,in_motion,78,74,135,0,70,28,0,16,56,0
capture_01_ring_buffer.btsnoop,116.584675,3,in_motion,78,74,135,0,70,28,0,16,56,0
capture_01_ring_buffer.btsnoop,116.934815,3,in_motion,78,74,135,0,70,28,0,16,56,0
capture_01_ring_buffer.btsnoop,117.240941,3,in_motion,78,74,135,0,70,28,0,16,56,0
capture_01_ring_buffer.btsnoop,117.590957,3,in_motion,78,74,135,0,70,28,0,16,56,0
capture_01_ring_buffer.btsnoop,117.940919,3,in_motion,78,74,135,0,70,28,0,16,56,0
capture_01_ring_buffer.btsnoop,118.247161,3,in_motion,78,74,135,0,70,28,0,16,56,0
capture_01_ring_buffer.btsnoop,118.597445,3,in_motion,78,74,135,0,70,28,0,16,56,0
capture_01_ring_buffer.btsnoop,118.947438,3,in_motion,78,74,135,0,70,28,0,16,56,0
capture_01_ring_buffer.btsnoop,119.297173,3,in_motion,78,74,135,0,70,28,0,16,56,0
capture_01_ring_buffer.btsnoop,119.603491,3,in_motion,78,74,135,0,70,28,0,16,56,0
capture_01_ring_buffer.btsnoop,119.99723,3,in_motion,78,74,135,0,70,28,0,16,56,0
capture_01_ring_buffer.btsnoop,120.303502,3,in_motion,79,74,135,0,70,28,0,16,56,0
capture_01_ring_buffer.btsnoop,120.609965,3,in_motion,79,74,135,0,70,28,0,16,56,0
capture_01_ring_buffer.btsnoop,120.959642,3,in_motion,79,74,135,0,70,28,0,16,56,0
capture_01_ring_buffer.btsnoop,121.30978,3,in_motion,79,74,135,0,70,28,0,16,56,0
capture_01_ring_buffer.btsnoop,121.615859,3,in_motion,79,74,135,0,70,28,0,16,56,0
capture_01_ring_buffer.btsnoop,122.009893,2,adapting,79,74,135,0,70,28,0,16,56,0
capture_01_ring_buffer.btsnoop,122.316346,2,adapting,79,74,135,0,70,28,0,16,49,0
capture_01_ring_buffer.btsnoop,122.666086,2,adapting,79,74,135,0,70,28,0,16,49,0
capture_01_ring_buffer.btsnoop,123.059685,2,adapting,80,74,135,0,70,28,0,16,49,0
capture_01_ring_buffer.btsnoop,123.322683,2,adapting,79,74,135,0,70,28,0,16,49,0
capture_01_ring_buffer.btsnoop,123.672228,2,adapting,79,74,135,0,70,28,0,16,49,0
capture_01_ring_buffer.btsnoop,124.022223,2,adapting,79,74,135,0,70,28,0,16,49,0
capture_01_ring_buffer.btsnoop,124.328524,2,adapting,79,74,135,0,70,28,0,16,49,0
capture_01_ring_buffer.btsnoop,124.678508,2,adapting,79,74,135,0,70,28,0,16,49,0
capture_01_ring_buffer.btsnoop,125.028496,2,adapting,79,74,135,0,70,28,0,16,49,0
capture_01_ring_buffer.btsnoop,125.334784,2,adapting,79,74,135,0,70,28,0,16,49,0
capture_01_ring_buffer.btsnoop,125.684691,2,adapting,79,74,135,0,70,28,0,16,49,0
capture_01_ring_buffer.btsnoop,126.035142,2,adapting,79,74,135,0,70,28,0,16,49,0
capture_01_ring_buffer.btsnoop,126.341449,2,adapting,79,74,135,0,70,28,0,16,49,0
capture_01_ring_buffer.btsnoop,126.690994,2,adapting,80,74,135,0,70,28,0,16,49,0
capture_01_ring_buffer.btsnoop,127.128588,2,adapting,80,74,135,0,70,28,0,16,49,0
capture_01_ring_buffer.btsnoop,127.697331,2,adapting,80,74,135,0,70,28,0,16,49,0
capture_01_ring_buffer.btsnoop,128.047479,2,adapting,80,74,135,0,70,28,0,16,49,0
capture_01_ring_buffer.btsnoop,128.397314,2,adapting,80,74,135,0,70,28,0,16,49,0
capture_01_ring_buffer.btsnoop,128.703583,2,adapting,80,74,135,0,70,28,0,16,49,0
capture_01_ring_buffer.btsnoop,129.097265,2,adapting,81,74,135,0,70,28,0,16,49,0
capture_01_ring_buffer.btsnoop,129.447259,2,adapting,81,74,135,0,70,28,0,16,49,0
capture_01_ring_buffer.btsnoop,129.709805,2,adapting,81,74,135,0,70,28,0,16,49,0
capture_01_ring_buffer.btsnoop,130.103958,2,adapting,80,74,135,0,70,28,0,16,49,0
capture_01_ring_buffer.btsnoop,130.409808,2,adapting,80,74,135,0,70,28,0,16,49,0
capture_01_ring_buffer.btsnoop,130.75976,2,adapting,80,74,135,0,70,28,0,16,49,0
capture_01_ring_buffer.btsnoop,131.109849,2,adapting,81,74,135,0,70,28,0,16,49,0
capture_01_ring_buffer.btsnoop,131.416001,2,adapting,81,74,135,0,70,28,0,16,49,0
capture_01_ring_buffer.btsnoop,131.766178,2,adapting,80,74,135,0,70,28,0,16,49,0
capture_01_ring_buffer.btsnoop,132.11599,2,adapting,80,74,135,0,70,28,0,16,49,0
capture_01_ring_buffer.btsnoop,132.466123,2,adapting,80,74,135,0,70,28,0,16,49,0
capture_01_ring_buffer.btsnoop,132.772396,2,adapting,80,74,135,0,70,28,0,16,49,0
capture_01_ring_buffer.btsnoop,133.1223,2,adapting,16,74,156,0,70,28,0,16,49,0
capture_01_ring_buffer.btsnoop,133.428565,2,adapting,16,74,156,0,70,28,0,16,49,0
capture_01_ring_buffer.btsnoop,133.778802,2,adapting,16,74,156,0,70,28,0,16,49,0
capture_01_ring_buffer.btsnoop,134.128649,2,adapting,17,74,156,0,70,28,0,16,49,0
capture_01_ring_buffer.btsnoop,134.434911,2,adapting,17,74,156,0,70,28,0,16,49,0
capture_01_ring_buffer.btsnoop,134.784926,2,adapting,17,74,156,0,70,28,0,16,49,0
capture_01_ring_buffer.btsnoop,135.178815,2,adapting,18,74,172,0,70,28,0,16,49,0
capture_01_ring_buffer.btsnoop,135.441315,2,adapting,18,74,172,0,70,28,0,16,49,0
capture_01_ring_buffer.btsnoop,135.791332,2,adapting,18,74,172,0,70,28,0,16,49,0
capture_01_ring_buffer.btsnoop,136.141149,2,adapting,18,74,172,0,70,28,0,16,49,0
capture_01_ring_buffer.btsnoop,136.491137,2,adapting,18,74,172,0,70,28,0,16,49,0
capture_01_ring_buffer.btsnoop,136.797443,2,adapting,18,74,172,0,70,28,0,16,49,0
capture_01_ring_buffer.btsnoop,137.235066,4,distracted,22,74,107,0,70,28,0,16,49,0
capture_01_ring_buffer.btsnoop,137.847412,4,distracted,22,74,107,0,70,28,0,16,49,0
capture_01_ring_buffer.btsnoop,138.197293,4,distracted,40,74,117,0,70,28,0,16,49,0
capture_01_ring_buffer.btsnoop,138.503613,4,distracted,40,74,117,0,70,28,0,16,49,0
capture_01_ring_buffer.btsnoop,138.853597,4,distracted,39,74,117,0,70,28,0,16,49,0
capture_01_ring_buffer.btsnoop,139.247379,4,distracted,39,74,117,0,70,28,0,16,49,0
capture_01_ring_buffer.btsnoop,139.859874,4,distracted,40,74,117,0,70,28,0,16,49,0
capture_01_ring_buffer.btsnoop,140.253591,4,distracted,37,74,126,0,70,28,0,16,49,0
capture_01_ring_buffer.btsnoop,140.866449,4,distracted,36,74,126,0,70,28,0,16,49,0
capture_01_ring_buffer.btsnoop,141.260039,4,distracted,35,74,126,0,70,28,0,16,49,0
capture_01_ring_buffer.btsnoop,141.52253,4,distracted,35,74,126,0,70,28,0,16,49,0
capture_01_ring_buffer.btsnoop,141.872417,4,distracted,36,74,126,0,70,28,0,16,49,0
capture_01_ring_buffer.btsnoop,142.222535,4,distracted,36,74,126,0,70,28,0,16,49,0
capture_01_ring_buffer.btsnoop,142.528463,4,distracted,36,74,126,0,70,28,0,16,49,0
capture_01_ring_buffer.btsnoop,142.878828,4,distracted,35,74,126,0,70,28,0,16,49,0
capture_01_ring_buffer.btsnoop,143.31592,4,distracted,35,35,126,0,70,28,0,16,49,0
capture_01_ring_buffer.btsnoop,143.884958,4,distracted,35,35,126,0,70,28,0,16,49,0
capture_01_ring_buffer.btsnoop,144.234847,4,distracted,35,35,126,0,70,28,0,16,49,0
capture_01_ring_buffer.btsnoop,144.584891,4,distracted,35,35,126,0,70,28,0,16,49,0
capture_01_ring_buffer.btsnoop,144.891153,4,distracted,35,35,126,0,70,28,0,16,49,0
capture_01_ring_buffer.btsnoop,145.328676,4,distracted,35,35,126,0,70,28,0,16,49,0
capture_01_ring_buffer.btsnoop,145.897326,4,distracted,36,36,126,0,70,28,0,16,49,0
capture_01_ring_buffer.btsnoop,146.335165,4,distracted,36,36,126,0,70,28,0,16,49,0
capture_01_ring_buffer.btsnoop,146.991225,4,distracted,35,35,126,0,70,28,0,16,49,0
capture_01_ring_buffer.btsnoop,147.253668,4,distracted,35,35,126,0,70,28,0,16,49,0
capture_01_ring_buffer.btsnoop,147.647533,4,distracted,35,35,126,0,70,28,0,16,49,0
capture_01_ring_buffer.btsnoop,147.953614,4,distracted,35,35,126,0,70,28,0,16,49,0
capture_01_ring_buffer.btsnoop,148.303652,4,distracted,36,36,126,0,70,28,0,16,49,0
capture_01_ring_buffer.btsnoop,148.61003,4,distracted,36,36,126,0,70,28,0,16,49,0
capture_01_ring_buffer.btsnoop,148.9599,4,distracted,36,36,126,0,70,28,0,16,49,0
capture_01_ring_buffer.btsnoop,149.353762,4,distracted,37,37,118,0,70,28,0,16,49,0
capture_01_ring_buffer.btsnoop,149.966136,4,distracted,36,37,118,0,70,28,0,16,49,0
capture_01_ring_buffer.btsnoop,150.360126,4,distracted,36,37,118,0,70,28,0,16,49,0
capture_01_ring_buffer.btsnoop,150.62263,4,distracted,35,37,118,0,70,28,0,16,49,0
capture_01_ring_buffer.btsnoop,150.972439,4,distracted,36,37,118,0,70,28,0,16,49,0
capture_01_ring_buffer.btsnoop,151.322501,4,distracted,36,37,118,0,70,28,0,16,49,0
capture_01_ring_buffer.btsnoop,151.672437,4,distracted,36,37,118,0,70,28,0,16,49,0
capture_01_ring_buffer.btsnoop,151.978787,4,distracted,35,37,118,0,70,28,0,16,49,0
capture_01_ring_buffer.btsnoop,152.37267,4,distracted,35,37,149,0,70,28,0,16,49,0
capture_01_ring_buffer.btsnoop,152.635005,4,distracted,35,37,149,0,70,28,0,16,49,0
capture_01_ring_buffer.btsnoop,152.984979,4,distracted,35,37,149,0,70,28,0,16,49,0
capture_01_ring_buffer.btsnoop,153.378705,4,distracted,35,37,149,0,70,28,0,16,49,0
capture_01_ring_buffer.btsnoop,153.641233,4,distracted,35,37,149,0,70,28,0,16,49,0
capture_01_ring_buffer.btsnoop,153.991798,4,distracted,35,37,149,0,70,28,0,16,49,0
capture_01_ring_buffer.btsnoop,154.385177,4,distracted,35,37,149,0,70,28,0,16,49,0
capture_01_ring_buffer.btsnoop,154.647433,4,distracted,35,37,149,0,70,28,0,16,49,0
capture_01_ring_buffer.btsnoop,154.997683,4,distracted,35,37,149,0,70,28,0,16,49,0
capture_01_ring_buffer.btsnoop,155.347439,4,distracted,35,37,149,0,70,28,0,16,49,0
capture_01_ring_buffer.btsnoop,155.697593,4,distracted,35,37,149,0,70,28,0,16,49,0
capture_01_ring_buffer.btsnoop,156.003782,4,distracted,35,37,149,0,70,28,0,16,49,0
capture_01_ring_buffer.btsnoop,156.35404,4,distracted,35,37,149,0,70,28,0,16,49,0
capture_01_ring_buffer.btsnoop,156.703736,4,distracted,35,37,149,0,70,28,0,16,49,0
capture_01_ring_buffer.btsnoop,157.009974,4,distracted,35,37,149,0,70,28,0,16,49,0
capture_01_ring_buffer.btsnoop,157.44747,4,distracted,35,37,149,0,70,28,0,16,49,0
capture_01_ring_buffer.btsnoop,158.016534,4,distracted,35,37,149,0,70,28,0,16,49,0
capture_01_ring_buffer.btsnoop,158.366212,4,distracted,35,37,149,0,70,28,0,16,49,0
capture_01_ring_buffer.btsnoop,158.716303,4,distracted,35,37,149,0,70,28,0,16,49,0
capture_01_ring_buffer.btsnoop,159.066311,4,distracted,35,37,149,0,70,28,0,16,49,0
capture_01_ring_buffer.btsnoop,159.416354,4,distracted,35,37,149,0,70,28,0,16,49,0
capture_01_ring_buffer.btsnoop,159.72293,4,distracted,35,37,149,0,70,28,0,16,49,0
capture_01_ring_buffer.btsnoop,160.072614,4,distracted,35,37,149,0,70,28,0,16,49,0
capture_01_ring_buffer.btsnoop,160.378939,4,distracted,35,37,149,0,70,28,0,16,49,0
capture_01_ring_buffer.btsnoop,160.728849,4,distracted,35,37,149,0,70,28,0,16,49,0
capture_01_ring_buffer.btsnoop,161.079586,4,distracted,35,37,149,0,70,28,0,16,49,0
capture_01_ring_buffer.btsnoop,161.428821,4,distracted,35,37,149,0,70,28,0,16,49,0
capture_01_ring_buffer.btsnoop,161.735195,4,distracted,35,37,149,0,70,28,0,16,49,0
capture_01_ring_buffer.btsnoop,162.084995,4,distracted,35,37,149,0,70,28,0,16,49,0
capture_01_ring_buffer.btsnoop,162.435049,4,distracted,35,37,149,0,70,28,0,16,49,0
capture_01_ring_buffer.btsnoop,162.741482,4,distracted,35,37,149,0,70,28,0,16,49,0
capture_01_ring_buffer.btsnoop,163.09134,4,distracted,35,37,149,0,70,28,0,16,49,0
capture_01_ring_buffer.btsnoop,163.57276,4,distracted,35,37,149,0,70,28,0,16,49,0
capture_01_ring_buffer.btsnoop,164.097621,4,distracted,35,37,149,0,70,28,0,16,49,0
capture_01_ring_buffer.btsnoop,164.535131,4,distracted,35,37,137,0,70,28,0,16,49,0
capture_01_ring_buffer.btsnoop,165.103799,4,distracted,35,37,137,0,70,28,0,16,49,0
capture_01_ring_buffer.btsnoop,165.497732,4,distracted,35,37,137,0,70,28,0,16,49,0
capture_01_ring_buffer.btsnoop,165.803861,4,distracted,35,37,137,0,70,28,0,16,49,0
capture_01_ring_buffer.btsnoop,166.110119,4,distracted,35,37,137,0,70,28,0,16,49,0
capture_01_ring_buffer.btsnoop,166.503885,4,distracted,35,37,137,0,70,28,0,16,49,0
capture_01_ring_buffer.btsnoop,166.809988,4,distracted,35,37,137,0,70,28,0,16,49,0
capture_01_ring_buffer.btsnoop,167.160349,2,adapting,35,37,137,0,70,28,0,16,49,0
capture_01_ring_buffer.btsnoop,167.553609,2,adapting,35,37,137,0,70,28,0,16,49,0
capture_01_ring_buffer.btsnoop,168.166256,2,adapting,35,37,137,0,70,28,0,16,49,0
capture_01_ring_buffer.btsnoop,168.516317,2,adapting,35,37,137,0,70,28,0,16,49,0
capture_01_ring_buffer.btsnoop,168.82286,2,adapting,35,37,137,0,70,28,0,16,49,0
capture_01_ring_buffer.btsnoop,169.172715,2,adapting,35,37,137,0,70,28,0,16,49,0
capture_01_ring_buffer.btsnoop,169.522792,2,adapting,35,37,110,0,70,28,0,16,49,0
capture_01_ring_buffer.btsnoop,169.828933,2,adapting,35,37,110,0,70,28,0,16,49,0
capture_01_ring_buffer.btsnoop,170.179008,2,adapting,35,37,110,0,70,28,0,16,49,0
capture_01_ring_buffer.btsnoop,170.572604,2,adapting,35,37,127,0,70,28,0,16,49,0
capture_01_ring_buffer.btsnoop,170.835262,2,adapting,35,37,127,0,70,28,0,16,49,0
capture_01_ring_buffer.btsnoop,171.18511,2,adapting,35,37,127,0,70,28,0,16,49,0
capture_01_ring_buffer.btsnoop,171.535054,2,adapting,35,37,127,0,70,28,0,16,49,0
capture_01_ring_buffer.btsnoop,171.841415,2,adapting,35,37,127,0,70,28,0,16,49,0
capture_01_ring_buffer.btsnoop,172.191352,2,adapting,35,37,127,0,70,28,0,16,49,0
capture_01_ring_buffer.btsnoop,172.585281,2,adapting,35,37,127,0,70,28,0,16,49,0
capture_01_ring_buffer.btsnoop,172.847741,2,adapting,35,37,127,0,70,28,0,16,49,0
capture_01_ring_buffer.btsnoop,173.197658,2,adapting,35,37,127,0,70,28,0,16,49,0
capture_01_ring_buffer.btsnoop,173.547717,2,adapting,35,37,127,0,70,28,0,16,49,0
capture_01_ring_buffer.btsnoop,173.897587,2,adapting,35,37,127,0,70,28,0,16,49,0
capture_01_ring_buffer.btsnoop,174.204227,2,adapting,35,37,127,0,70,28,0,16,49,0
capture_01_ring_buffer.btsnoop,174.554199,2,adapting,35,37,127,0,70,28,0,16,49,0
capture_01_ring_buffer.btsnoop,174.903839,2,adapting,35,37,127,0,70,28,0,16,49,0
capture_01_ring_buffer.btsnoop,175.210163,2,adapting,35,37,127,0,70,28,0,16,49,0
capture_01_ring_buffer.btsnoop,175.604055,2,adapting,35,37,127,0,70,28,0,16,49,0
capture_01_ring_buffer.btsnoop,175.910157,2,adapting,35,37,127,0,70,28,0,16,49,0
capture_01_ring_buffer.btsnoop,176.216621,2,adapting,35,37,127,0,70,28,0,16,49,0
capture_01_ring_buffer.btsnoop,176.6542,2,adapting,35,37,127,0,70,28,0,16,49,0
capture_01_ring_buffer.btsnoop,177.266404,2,adapting,35,37,127,0,70,28,0,16,49,0
capture_01_ring_buffer.btsnoop,177.572554,2,adapting,35,37,127,0,70,28,0,16,49,0
capture_01_ring_buffer.btsnoop,177.922771,2,adapting,35,37,127,0,70,28,0,16,49,0
capture_01_ring_buffer.btsnoop,178.272976,2,adapting,35,37,127,0,70,28,0,16,49,0
capture_01_ring_buffer.btsnoop,178.622777,2,adapting,35,37,127,0,70,28,0,16,49,0
capture_01_ring_buffer.btsnoop,178.928909,2,adapting,35,37,127,0,70,28,0,16,49,0
capture_01_ring_buffer.btsnoop,179.279046,2,adapting,35,37,127,0,70,28,0,16,49,0
capture_01_ring_buffer.btsnoop,179.628892,2,adapting,35,37,127,0,70,28,0,16,49,0
capture_01_ring_buffer.btsnoop,179.935374,2,adapting,35,37,127,0,70,28,0,16,49,0
capture_01_ring_buffer.btsnoop,180.285409,2,adapting,35,37,127,0,70,28,0,16,49,0
capture_01_ring_buffer.btsnoop,180.766642,2,adapting,35,37,127,0,70,28,0,16,49,0
capture_01_ring_buffer.btsnoop,181.291425,2,adapting,35,37,127,0,70,28,0,16,49,0
capture_01_ring_buffer.btsnoop,181.685161,2,adapting,35,37,127,0,70,28,0,16,49,0
capture_01_ring_buffer.btsnoop,181.947715,2,adapting,35,37,127,0,70,28,0,16,49,0
capture_01_ring_buffer.btsnoop,182.297857,2,adapting,35,37,127,0,70,28,0,16,49,0
capture_01_ring_buffer.btsnoop,182.691716,2,adapting,35,37,127,0,70,28,0,16,49,0
capture_01_ring_buffer.btsnoop,182.997792,2,adapting,35,37,127,0,70,28,0,16,39,0
capture_01_ring_buffer.btsnoop,183.303919,2,adapting,35,37,127,0,70,28,0,16,39,0
capture_01_ring_buffer.btsnoop,183.741595,2,adapting,35,37,127,0,70,28,0,16,39,0
capture_01_ring_buffer.btsnoop,184.310203,2,adapting,35,37,127,0,70,28,0,16,39,0
capture_01_ring_buffer.btsnoop,184.66017,2,adapting,35,37,127,0,70,28,0,16,39,0
capture_01_ring_buffer.btsnoop,185.0103,2,adapting,35,37,127,0,70,28,0,16,39,0
capture_01_ring_buffer.btsnoop,185.316356,2,adapting,35,37,127,0,70,28,0,16,39,0
capture_01_ring_buffer.btsnoop,185.710228,2,adapting,35,37,127,0,70,28,0,16,39,0
capture_01_ring_buffer.btsnoop,186.017038,2,adapting,35,37,127,0,70,28,0,16,39,0
capture_01_ring_buffer.btsnoop,186.366834,2,adapting,35,37,127,0,70,28,0,16,39,0
capture_01_ring_buffer.btsnoop,186.716456,2,adapting,35,37,127,0,70,28,0,16,39,0
capture_01_ring_buffer.btsnoop,187.02293,2,adapting,35,37,127,0,70,28,0,16,39,0
capture_01_ring_buffer.btsnoop,187.372644,2,adapting,35,37,127,0,70,28,0,16,39,0
capture_01_ring_buffer.btsnoop,187.766492,2,adapting,35,37,127,0,70,28,0,16,39,0
capture_01_ring_buffer.btsnoop,188.029022,2,adapting,35,37,127,0,70,28,0,16,39,0
capture_01_ring_buffer.btsnoop,188.378937,2,adapting,35,37,127,0,70,28,0,16,39,0
capture_01_ring_buffer.btsnoop,188.729077,2,adapting,35,37,127,0,70,28,0,16,39,0
capture_01_ring_buffer.btsnoop,189.035241,2,adapting,35,37,127,0,70,28,0,16,39,0
capture_01_ring_buffer.btsnoop,189.385469,2,adapting,35,37,127,0,70,28,0,16,39,0
capture_01_ring_buffer.btsnoop,189.735385,2,adapting,35,37,127,0,70,28,0,16,39,0
capture_01_ring_buffer.btsnoop,190.041518,2,adapting,35,37,127,0,70,28,0,16,39,0
capture_01_ring_buffer.btsnoop,190.391508,2,adapting,35,37,127,0,70,28,0,16,39,0
capture_01_ring_buffer.btsnoop,190.741399,2,adapting,35,37,127,0,70,28,0,16,39,0
capture_01_ring_buffer.btsnoop,191.047749,2,adapting,35,37,127,0,70,28,0,16,39,0
capture_01_ring_buffer.btsnoop,191.397927,2,adapting,35,37,127,0,70,28,0,16,39,0
capture_01_ring_buffer.btsnoop,191.747885,2,adapting,35,37,127,0,70,28,0,16,39,0
capture_01_ring_buffer.btsnoop,192.097859,2,adapting,35,37,127,0,70,28,0,16,39,0
capture_01_ring_buffer.btsnoop,192.44783,2,adapting,35,37,127,0,70,28,0,16,39,0
capture_01_ring_buffer.btsnoop,192.841562,2,adapting,35,37,110,0,70,28,0,16,39,0
capture_01_ring_buffer.btsnoop,193.41048,2,adapting,35,37,110,0,70,28,0,16,39,0
capture_01_ring_buffer.btsnoop,193.804045,2,adapting,35,37,125,0,70,28,0,16,39,0
capture_01_ring_buffer.btsnoop,194.110399,2,adapting,35,37,125,0,70,28,0,16,39,0
capture_01_ring_buffer.btsnoop,194.416572,2,adapting,35,37,125,0,70,28,0,16,39,0
capture_01_ring_buffer.btsnoop,194.810437,2,adapting,35,37,125,0,70,28,0,16,39,0
capture_01_ring_buffer.btsnoop,195.116561,2,adapting,35,37,125,0,70,28,0,16,39,0
capture_01_ring_buffer.btsnoop,195.466712,2,adapting,35,37,125,0,70,28,0,16,39,0
capture_01_ring_buffer.btsnoop,195.816619,2,adapting,35,37,73,0,70,28,0,16,39,0
capture_01_ring_buffer.btsnoop,196.12279,2,adapting,54,54,73,0,70,28,0,16,39,0
capture_01_ring_buffer.btsnoop,196.472917,2,adapting,57,57,73,0,70,28,0,16,39,0
capture_01_ring_buffer.btsnoop,196.910313,2,adapting,59,59,53,0,70,28,0,16,39,0
capture_01_ring_buffer.btsnoop,197.523088,2,adapting,63,63,53,0,70,28,0,16,39,0
capture_01_ring_buffer.btsnoop,197.829058,2,adapting,64,64,53,0,70,28,0,16,39,0
capture_01_ring_buffer.btsnoop,198.135332,2,adapting,66,66,53,0,70,28,0,16,39,0
capture_01_ring_buffer.btsnoop,198.48553,2,adapting,67,67,53,0,70,28,0,16,39,0
capture_01_ring_buffer.btsnoop,198.835861,2,adapting,68,68,53,0,70,28,0,16,39,0
capture_01_ring_buffer.btsnoop,199.141631,2,adapting,69,69,53,0,70,28,0,16,39,0
capture_01_ring_buffer.btsnoop,199.491828,2,adapting,70,70,53,0,70,28,0,16,39,0
capture_01_ring_buffer.btsnoop,199.929088,2,adapting,71,71,0,0,70,28,0,16,39,0
capture_01_ring_buffer.btsnoop,200.497895,2,adapting,72,72,0,0,70,28,0,16,39,0
capture_01_ring_buffer.btsnoop,200.891703,2,adapting,72,72,0,0,70,28,0,16,39,0
capture_01_ring_buffer.btsnoop,201.154166,2,adapting,72,72,0,0,70,28,0,16,39,0
capture_01_ring_buffer.btsnoop,201.504152,2,adapting,72,72,0,0,70,28,0,16,39,0
capture_01_ring_buffer.btsnoop,201.85414,2,adapting,72,72,0,0,70,28,0,16,39,0
capture_01_ring_buffer.btsnoop,202.204113,2,adapting,72,72,0,0,70,28,0,16,39,0
capture_01_ring_buffer.btsnoop,202.51064,2,adapting,72,72,0,0,70,28,0,16,39,0
capture_01_ring_buffer.btsnoop,202.947858,2,adapting,72,72,0,0,70,28,0,16,39,0
capture_01_ring_buffer.btsnoop,203.516701,2,adapting,72,72,0,0,70,28,0,16,39,0
capture_01_ring_buffer.btsnoop,203.866713,2,adapting,72,72,0,0,70,28,0,16,39,0
capture_01_ring_buffer.btsnoop,204.216943,2,adapting,72,72,0,0,70,28,0,16,39,0
capture_01_ring_buffer.btsnoop,204.566922,2,adapting,72,72,0,0,70,28,0,16,39,0
capture_01_ring_buffer.btsnoop,204.916647,2,adapting,72,72,20,0,70,28,0,16,39,0
capture_01_ring_buffer.btsnoop,205.222841,2,adapting,72,72,20,0,70,28,0,16,39,0
capture_01_ring_buffer.btsnoop,205.57274,2,adapting,72,72,20,0,70,28,0,16,39,0
capture_01_ring_buffer.btsnoop,205.966778,2,adapting,72,72,20,0,70,28,0,16,39,0
capture_01_ring_buffer.btsnoop,206.229316,2,adapting,72,72,20,0,70,28,0,16,39,0
capture_01_ring_buffer.btsnoop,206.579117,2,adapting,72,72,20,0,70,28,0,16,39,0
capture_01_ring_buffer.btsnoop,206.929163,2,adapting,72,72,20,0,70,28,0,16,39,0
capture_01_ring_buffer.btsnoop,207.235386,2,adapting,72,72,20,0,70,28,0,16,39,0
capture_01_ring_buffer.btsnoop,207.58544,2,adapting,72,72,20,0,70,28,0,16,39,0
capture_01_ring_buffer.btsnoop,207.93565,2,adapting,72,72,20,0,70,28,0,16,39,0
capture_01_ring_buffer.btsnoop,208.24187,2,adapting,72,72,20,0,70,28,0,16,39,0
capture_01_ring_buffer.btsnoop,208.591927,2,adapting,72,72,20,0,70,28,0,16,39,0
capture_01_ring_buffer.btsnoop,208.985465,2,adapting,72,72,20,0,70,28,0,16,39,0
capture_01_ring_buffer.btsnoop,209.247956,2,adapting,72,72,20,0,70,28,0,16,39,0
capture_01_ring_buffer.btsnoop,209.597934,2,adapting,72,72,20,0,70,28,0,16,39,0
capture_01_ring_buffer.btsnoop,210.035554,2,adapting,72,72,20,0,70,28,0,16,39,0
capture_01_ring_buffer.btsnoop,210.604306,2,adapting,72,72,20,0,70,28,0,16,39,0
capture_01_ring_buffer.btsnoop,211.041612,2,adapting,85,83,105,0,70,28,0,16,39,0
capture_01_ring_buffer.btsnoop,211.610706,2,adapting,85,83,105,0,70,28,0,16,39,0
capture_01_ring_buffer.btsnoop,211.960672,2,adapting,85,83,105,0,70,28,0,16,39,0
capture_01_ring_buffer.btsnoop,212.310514,2,adapting,85,83,105,0,70,28,0,16,39,0
capture_01_ring_buffer.btsnoop,212.616758,2,adapting,85,83,105,0,70,28,0,16,39,0
capture_01_ring_buffer.btsnoop,213.010462,2,adapting,85,83,104,0,70,28,0,16,39,0
capture_01_ring_buffer.btsnoop,213.316706,2,adapting,85,83,104,0,70,28,0,16,39,0
capture_01_ring_buffer.btsnoop,213.66675,2,adapting,85,83,104,0,70,28,0,16,39,0
capture_01_ring_buffer.btsnoop,214.016816,2,adapting,52,52,100,0,70,28,0,16,39,0
capture_01_ring_buffer.btsnoop,214.323001,2,adapting,52,52,100,0,70,28,0,16,39,0
capture_01_ring_buffer.btsnoop,214.673044,2,adapting,53,53,100,0,70,28,0,16,39,0
capture_01_ring_buffer.btsnoop,215.023103,2,adapting,53,53,104,0,70,28,0,16,39,0
capture_01_ring_buffer.btsnoop,215.329555,2,adapting,53,53,104,0,70,28,0,16,39,0
capture_01_ring_buffer.btsnoop,215.67944,2,adapting,53,53,104,0,70,28,0,16,39,0
capture_01_ring_buffer.btsnoop,216.073011,2,adapting,53,53,103,0,70,28,0,16,39,0
capture_01_ring_buffer.btsnoop,216.335799,2,adapting,53,53,103,0,70,28,0,16,39,0
capture_01_ring_buffer.btsnoop,216.685537,2,adapting,53,53,103,0,70,28,0,16,39,0
capture_01_ring_buffer.btsnoop,217.035494,2,adapting,64,64,48,0,70,28,0,16,39,0
capture_01_ring_buffer.btsnoop,217.341877,2,adapting,64,64,48,0,70,28,0,16,39,0
capture_01_ring_buffer.btsnoop,217.691778,2,adapting,64,64,48,0,70,28,0,16,39,0
capture_01_ring_buffer.btsnoop,218.041767,2,adapting,64,64,48,0,70,28,0,16,39,0
capture_01_ring_buffer.btsnoop,218.348005,2,adapting,64,64,48,0,70,28,0,16,39,0
capture_01_ring_buffer.btsnoop,218.698089,2,adapting,65,65,48,0,70,28,0,16,39,0
capture_01_ring_buffer.btsnoop,219.048261,2,adapting,67,67,48,0,70,28,0,16,39,0
capture_01_ring_buffer.btsnoop,219.354499,2,adapting,69,69,48,0,70,28,0,16,39,0
capture_01_ring_buffer.btsnoop,219.704237,2,adapting,69,69,48,0,70,28,0,16,39,0
capture_01_ring_buffer.btsnoop,220.14165,2,adapting,69,69,104,0,70,28,0,16,39,0
capture_01_ring_buffer.btsnoop,220.71074,2,adapting,69,69,104,0,70,28,0,16,39,0
capture_01_ring_buffer.btsnoop,221.148168,2,adapting,90,82,101,0,70,28,0,16,39,0
capture_01_ring_buffer.btsnoop,221.760533,2,adapting,90,82,101,0,70,28,0,16,39,0
capture_01_ring_buffer.btsnoop,222.110553,2,adapting,90,82,101,0,70,28,0,16,39,0
capture_01_ring_buffer.btsnoop,222.416876,2,adapting,90,83,101,0,70,28,0,16,39,0
capture_01_ring_buffer.btsnoop,222.767302,2,adapting,90,83,101,0,70,28,0,16,39,0
capture_01_ring_buffer.btsnoop,223.073147,2,adapting,90,83,101,0,70,28,0,16,39,0
capture_01_ring_buffer.btsnoop,223.423072,2,adapting,90,83,101,0,70,28,0,16,39,0
capture_01_ring_buffer.btsnoop,223.773085,2,adapting,90,83,101,0,70,28,0,16,39,0
capture_01_ring_buffer.btsnoop,224.210246,2,adapting,81,75,106,0,70,28,0,16,39,0
capture_01_ring_buffer.btsnoop,224.77949,2,adapting,80,74,106,0,70,28,0,16,39,0
capture_01_ring_buffer.btsnoop,225.17311,2,adapting,80,74,106,0,70,28,0,16,39,0
capture_01_ring_buffer.btsnoop,225.435493,2,adapting,79,74,106,0,70,28,0,16,39,0
capture_01_ring_buffer.btsnoop,225.785601,2,adapting,79,74,106,0,70,28,0,16,39,0
capture_01_ring_buffer.btsnoop,226.179336,4,distracted,80,74,106,0,70,28,0,16,39,0
capture_01_ring_buffer.btsnoop,226.486098,4,distracted,80,74,106,0,70,28,0,16,39,0
capture_01_ring_buffer.btsnoop,226.791992,4,distracted,80,74,106,0,70,28,0,16,39,0
capture_01_ring_buffer.btsnoop,227.141924,4,distracted,80,74,106,0,70,28,0,16,39,0
capture_01_ring_buffer.btsnoop,227.491865,4,distracted,80,74,106,0,70,28,0,16,39,0
capture_01_ring_buffer.btsnoop,227.798043,4,distracted,80,74,106,0,70,28,0,16,39,0
capture_01_ring_buffer.btsnoop,228.19175,4,distracted,80,74,106,0,70,28,0,16,39,0
capture_01_ring_buffer.btsnoop,228.498047,4,distracted,80,74,106,0,70,28,0,16,39,0
capture_01_ring_buffer.btsnoop,228.848051,4,distracted,80,74,106,0,70,28,0,16,39,0
capture_01_ring_buffer.btsnoop,229.198078,4,distracted,62,74,113,0,70,28,0,16,39,0
capture_01_ring_buffer.btsnoop,229.504324,4,distracted,62,74,113,0,70,28,0,16,39,0
capture_01_ring_buffer.btsnoop,229.854643,4,distracted,62,74,113,0,70,28,0,16,39,0
capture_01_ring_buffer.btsnoop,230.204974,4,distracted,62,74,113,0,70,28,0,16,39,0
capture_01_ring_buffer.btsnoop,230.510637,4,distracted,62,74,113,0,70,28,0,16,39,0
capture_01_ring_buffer.btsnoop,230.860674,4,distracted,62,74,113,0,70,28,0,16,39,0
capture_01_ring_buffer.btsnoop,231.254288,4,distracted,62,74,113,0,70,28,0,16,39,0
capture_01_ring_buffer.btsnoop,231.867161,4,distracted,62,74,113,0,70,28,0,16,39,0
capture_01_ring_buffer.btsnoop,232.216996,4,distracted,62,74,113,0,70,28,0,16,39,0
capture_01_ring_buffer.btsnoop,232.523275,4,distracted,62,74,113,0,70,28,0,16,39,0
capture_01_ring_buffer.btsnoop,232.873171,4,distracted,62,74,113,0,70,28,0,16,39,0
capture_01_ring_buffer.btsnoop,233.223069,4,distracted,62,74,113,0,70,28,0,16,39,0
capture_01_ring_buffer.btsnoop,233.529378,4,distracted,62,74,113,0,70,28,0,16,39,0
capture_01_ring_buffer.btsnoop,233.879852,4,distracted,62,74,113,0,70,28,0,16,39,0
capture_01_ring_buffer.btsnoop,234.273372,4,distracted,63,74,113,0,70,28,0,16,39,0
capture_01_ring_buffer.btsnoop,234.579427,4,distracted,63,74,113,0,70,28,0,16,39,0
capture_01_ring_buffer.btsnoop,234.88564,4,distracted,63,74,113,0,70,28,0,16,39,0
capture_01_ring_buffer.btsnoop,235.279423,4,distracted,63,74,113,0,70,28,0,16,39,0
capture_01_ring_buffer.btsnoop,235.585674,4,distracted,63,74,113,0,70,28,0,16,39,0
capture_01_ring_buffer.btsnoop,235.891979,4,distracted,63,74,113,0,70,28,0,16,39,0
capture_01_ring_buffer.btsnoop,236.285635,4,distracted,63,74,113,0,70,28,0,16,39,0
capture_01_ring_buffer.btsnoop,236.591989,4,distracted,63,74,113,0,70,28,0,16,39,0
capture_01_ring_buffer.btsnoop,236.898214,4,distracted,63,74,113,0,70,28,0,16,39,0
capture_01_ring_buffer.btsnoop,237.291896,4,distracted,63,74,113,0,70,28,0,16,39,0
capture_01_ring_buffer.btsnoop,237.5985,4,distracted,63,74,113,0,70,28,0,16,39,0
capture_01_ring_buffer.btsnoop,237.948294,4,distracted,63,74,113,0,70,28,0,16,39,0
capture_01_ring_buffer.btsnoop,238.341913,4,distracted,63,74,113,0,70,28,0,16,39,0
capture_01_ring_buffer.btsnoop,238.954816,4,distracted,63,74,113,0,70,28,0,16,39,0
capture_01_ring_buffer.btsnoop,239.304406,4,distracted,63,74,113,0,70,28,0,16,39,0
capture_01_ring_buffer.btsnoop,239.610835,4,distracted,63,74,113,0,70,28,0,16,39,0
capture_01_ring_buffer.btsnoop,239.960898,4,distracted,63,74,113,0,70,28,0,16,39,0
capture_01_ring_buffer.btsnoop,240.310727,4,distracted,63,74,113,0,70,28,0,16,39,0
capture_01_ring_buffer.btsnoop,240.617113,4,distracted,63,74,113,0,70,28,0,16,39,0
capture_01_ring_buffer.btsnoop,240.967078,4,distracted,63,74,113,0,70,28,0,16,39,0
capture_01_ring_buffer.btsnoop,241.316968,4,distracted,63,74,113,0,70,28,0,16,39,0
capture_01_ring_buffer.btsnoop,241.623476,4,distracted,63,74,113,0,70,28,0,16,39,0
capture_01_ring_buffer.btsnoop,241.973117,4,distracted,63,74,113,0,70,28,0,16,39,0
capture_01_ring_buffer.btsnoop,242.367025,4,distracted,63,74,113,0,70,28,0,16,39,0
capture_01_ring_buffer.btsnoop,242.62953,4,distracted,63,74,113,0,70,28,0,16,39,0
capture_01_ring_buffer.btsnoop,242.979316,4,distracted,63,74,113,0,70,28,0,16,39,0
capture_01_ring_buffer.btsnoop,243.416996,4,distracted,63,74,113,0,70,28,0,16,39,0
capture_01_ring_buffer.btsnoop,243.985596,4,distracted,63,74,113,0,70,28,0,16,35,0
capture_01_ring_buffer.btsnoop,244.379312,4,distracted,63,74,113,0,70,28,0,16,35,0
capture_01_ring_buffer.btsnoop,244.685714,4,distracted,63,74,113,0,70,28,0,16,35,0
capture_01_ring_buffer.btsnoop,244.991661,4,distracted,63,74,113,0,70,28,0,16,35,0
capture_01_ring_buffer.btsnoop,245.34164,4,distracted,63,74,113,0,70,28,0,16,35,0
capture_01_ring_buffer.btsnoop,245.706128,4,distracted,63,74,113,0,70,28,0,16,35,0
capture_01_ring_buffer.btsnoop,246.041747,4,distracted,63,74,113,0,70,28,0,16,35,0
capture_01_ring_buffer.btsnoop,246.392405,4,distracted,63,74,113,0,70,28,0,16,35,0
capture_01_ring_buffer.btsnoop,246.698207,4,distracted,63,74,113,0,70,28,0,16,35,0
capture_01_ring_buffer.btsnoop,247.092075,4,distracted,63,74,113,0,70,28,0,16,35,0
capture_01_ring_buffer.btsnoop,247.442513,4,distracted,63,74,113,0,70,28,0,16,35,0
capture_01_ring_buffer.btsnoop,248.054614,4,distracted,63,74,113,0,70,28,0,16,35,0
capture_01_ring_buffer.btsnoop,248.4043,4,distracted,63,74,113,0,70,28,0,16,35,0
capture_01_ring_buffer.btsnoop,248.710676,4,distracted,63,74,113,0,70,28,0,16,35,0
capture_01_ring_buffer.btsnoop,249.060916,4,distracted,63,74,113,0,70,28,0,16,35,0
capture_01_ring_buffer.btsnoop,249.454705,4,distracted,63,74,113,0,70,28,0,16,35,0
capture_01_ring_buffer.btsnoop,250.067015,4,distracted,63,74,113,0,70,28,0,16,35,0
capture_01_ring_buffer.btsnoop,250.46055,4,distracted,63,74,113,0,70,28,0,16,35,0
capture_01_ring_buffer.btsnoop,250.723499,4,distracted,63,74,113,0,70,28,0,16,35,0
capture_01_ring_buffer.btsnoop,251.073422,4,distracted,63,74,113,0,70,28,0,16,35,0
capture_01_ring_buffer.btsnoop,251.467069,4,distracted,63,74,113,0,70,28,0,16,35,0
capture_01_ring_buffer.btsnoop,251.773203,4,distracted,63,74,113,0,70,28,0,16,35,0
capture_01_ring_buffer.btsnoop,252.079543,4,distracted,63,74,113,0,70,28,0,16,35,0
capture_01_ring_buffer.btsnoop,252.47322,4,distracted,63,74,113,0,70,28,0,16,35,0
capture_01_ring_buffer.btsnoop,252.779533,4,distracted,62,74,113,0,70,28,0,16,35,0
capture_01_ring_buffer.btsnoop,253.085733,4,distracted,61,74,113,0,70,28,0,16,35,0
capture_01_ring_buffer.btsnoop,253.479281,4,distracted,60,74,120,0,70,28,0,16,35,0
capture_01_ring_buffer.btsnoop,253.785725,4,distracted,59,74,120,0,70,28,0,16,35,0
capture_01_ring_buffer.btsnoop,254.135708,4,distracted,59,74,120,0,70,28,0,16,35,0
capture_01_ring_buffer.btsnoop,254.485887,4,distracted,59,74,120,0,70,28,0,16,35,0
capture_01_ring_buffer.btsnoop,254.792128,4,distracted,59,74,120,0,70,28,0,16,35,0
capture_01_ring_buffer.btsnoop,255.141875,4,distracted,60,74,120,0,70,28,0,16,35,0
capture_01_ring_buffer.btsnoop,255.491969,4,distracted,60,74,120,0,70,28,0,16,35,0
capture_01_ring_buffer.btsnoop,255.7982,4,distracted,60,74,120,0,70,28,0,16,35,0
capture_01_ring_buffer.btsnoop,256.148251,4,distracted,60,74,120,0,70,28,0,16,35,0
capture_01_ring_buffer.btsnoop,256.498454,4,distracted,61,74,120,0,70,28,0,16,35,0
capture_01_ring_buffer.btsnoop,256.804444,4,distracted,61,74,120,0,70,28,0,16,35,0
capture_01_ring_buffer.btsnoop,257.154739,4,distracted,61,74,120,0,70,28,0,16,35,0
capture_01_ring_buffer.btsnoop,257.591866,4,distracted,61,74,120,0,70,28,0,16,35,0
capture_01_ring_buffer.btsnoop,258.161011,4,distracted,61,74,120,0,70,28,0,16,35,0
capture_01_ring_buffer.btsnoop,258.510979,4,distracted,61,74,120,0,70,28,0,16,35,0
capture_01_ring_buffer.btsnoop,258.817041,4,distracted,61,74,120,0,70,28,0,16,35,0
capture_01_ring_buffer.btsnoop,259.167062,4,distracted,60,74,120,0,70,28,0,16,35,0
capture_01_ring_buffer.btsnoop,259.517016,4,distracted,59,74,120,0,70,28,0,16,35,0
capture_01_ring_buffer.btsnoop,259.867152,4,distracted,58,74,120,0,70,28,0,16,35,0
capture_01_ring_buffer.btsnoop,260.173572,4,distracted,58,74,120,0,70,28,0,16,35,0
capture_01_ring_buffer.btsnoop,260.567105,4,distracted,58,74,120,0,70,28,0,16,35,0
capture_01_ring_buffer.btsnoop,260.873446,4,distracted,57,74,120,0,70,28,0,16,35,0
capture_01_ring_buffer.btsnoop,261.179597,4,distracted,57,74,120,0,70,28,0,16,35,0
capture_01_ring_buffer.btsnoop,261.529385,4,distracted,57,74,120,0,70,28,0,16,35,0
capture_01_ring_buffer.btsnoop,261.879743,4,distracted,57,58,120,0,70,28,0,16,35,0
capture_01_ring_buffer.btsnoop,262.229821,4,distracted,57,58,120,0,70,28,0,16,35,0
capture_01_ring_buffer.btsnoop,262.623768,4,distracted,58,59,120,0,70,28,0,16,35,0
capture_01_ring_buffer.btsnoop,263.235944,4,distracted,59,60,120,0,70,28,0,16,35,0
capture_01_ring_buffer.btsnoop,263.585742,4,distracted,59,60,120,0,70,28,0,16,35,0
capture_01_ring_buffer.btsnoop,263.892324,4,distracted,60,61,120,0,70,28,0,16,35,0
capture_01_ring_buffer.btsnoop,264.242305,4,distracted,60,61,120,0,70,28,0,16,35,0
capture_01_ring_buffer.btsnoop,264.592028,4,distracted,60,61,120,0,70,28,0,16,35,0
capture_01_ring_buffer.btsnoop,264.898524,4,distracted,60,61,120,0,70,28,0,16,35,0
capture_01_ring_buffer.btsnoop,265.248188,4,distracted,61,61,120,0,70,28,0,16,35,0
capture_01_ring_buffer.btsnoop,265.598492,4,distracted,61,61,120,0,70,28,0,16,35,0
capture_01_ring_buffer.btsnoop,265.904802,4,distracted,60,61,120,0,70,28,0,16,35,0
capture_01_ring_buffer.btsnoop,266.254567,4,distracted,60,61,120,0,70,28,0,16,35,0
capture_01_ring_buffer.btsnoop,266.648394,4,distracted,61,61,114,0,70,28,0,16,35,0
capture_01_ring_buffer.btsnoop,267.260839,4,distracted,62,61,114,0,70,28,0,16,35,0
capture_01_ring_buffer.btsnoop,267.611,4,distracted,62,61,114,0,70,28,0,16,35,0
capture_01_ring_buffer.btsnoop,267.917176,4,distracted,62,61,114,0,70,28,0,16,35,0
capture_01_ring_buffer.btsnoop,268.267127,4,distracted,62,61,114,0,70,28,0,16,35,0
capture_01_ring_buffer.btsnoop,268.617179,4,distracted,62,61,114,0,70,28,0,16,35,0
capture_01_ring_buffer.btsnoop,268.967267,4,distracted,62,61,114,0,70,28,0,16,35,0
capture_01_ring_buffer.btsnoop,269.273829,4,distracted,62,61,114,0,70,28,0,16,35,0
capture_01_ring_buffer.btsnoop,269.667416,4,distracted,62,61,114,0,70,28,0,16,35,0
capture_01_ring_buffer.btsnoop,269.973368,4,distracted,62,61,114,0,70,28,0,16,35,0
capture_01_ring_buffer.btsnoop,270.279622,4,distracted,62,61,114,0,70,28,0,16,35,0
capture_01_ring_buffer.btsnoop,270.673308,4,distracted,62,61,104,0,70,28,0,16,35,0
capture_01_ring_buffer.btsnoop,270.979501,4,distracted,62,61,104,0,70,28,0,16,35,0
capture_01_ring_buffer.btsnoop,271.286029,4,distracted,62,61,104,0,70,28,0,16,35,0
capture_01_ring_buffer.btsnoop,271.679728,4,distracted,62,61,104,0,70,28,0,16,35,0
capture_01_ring_buffer.btsnoop,271.986067,4,distracted,62,61,104,0,70,28,0,16,35,0
capture_01_ring_buffer.btsnoop,272.335953,4,distracted,62,61,104,0,70,28,0,16,35,0
capture_01_ring_buffer.btsnoop,272.642083,4,distracted,62,61,104,0,70,28,0,16,35,0
capture_01_ring_buffer.btsnoop,272.992515,4,distracted,62,61,104,0,70,28,0,16,35,0
capture_01_ring_buffer.btsnoop,273.342419,4,distracted,62,61,104,0,70,28,0,16,35,0
capture_01_ring_buffer.btsnoop,273.735999,4,distracted,62,61,108,0,70,28,0,16,35,0
capture_01_ring_buffer.btsnoop,274.348354,4,distracted,62,61,108,0,70,28,0,16,35,0
capture_01_ring_buffer.btsnoop,274.6985,4,distracted,62,61,101,0,70,28,0,16,35,0
capture_01_ring_buffer.btsnoop,275.00508,4,distracted,62,61,101,0,70,28,0,16,35,0
capture_01_ring_buffer.btsnoop,275.355038,4,distracted,62,61,101,0,70,28,0,16,35,0
capture_01_ring_buffer.btsnoop,275.705202,4,distracted,62,61,101,0,70,28,0,16,35,0
capture_01_ring_buffer.btsnoop,276.011023,4,distracted,62,61,101,0,70,28,0,16,35,0
capture_01_ring_buffer.btsnoop,276.361169,4,distracted,62,61,101,0,70,28,0,16,35,0
capture_01_ring_buffer.btsnoop,276.754676,4,distracted,62,61,101,0,70,28,0,16,35,0
capture_01_ring_buffer.btsnoop,277.017331,4,distracted,62,61,101,0,70,28,0,16,35,0
capture_01_ring_buffer.btsnoop,277.367149,4,distracted,62,61,101,0,70,28,0,16,35,0
capture_01_ring_buffer.btsnoop,277.76092,4,distracted,62,61,101,0,70,28,0,16,35,0
capture_01_ring_buffer.btsnoop,278.023537,4,distracted,62,61,101,0,70,28,0,16,35,0
capture_01_ring_buffer.btsnoop,278.373648,4,distracted,62,61,101,0,70,28,0,16,35,0
capture_01_ring_buffer.btsnoop,278.767035,4,distracted,62,61,107,0,70,28,0,16,35,0
capture_01_ring_buffer.btsnoop,279.029747,4,distracted,62,61,107,0,70,28,0,16,35,0
capture_01_ring_buffer.btsnoop,279.379805,4,distracted,62,61,107,0,70,28,0,16,35,0
capture_01_ring_buffer.btsnoop,279.729745,4,distracted,62,61,107,0,70,28,0,16,35,0
capture_01_ring_buffer.btsnoop,280.03603,4,distracted,62,61,107,0,70,28,0,16,35,0
capture_01_ring_buffer.btsnoop,280.386126,4,distracted,62,61,107,0,70,28,0,16,35,0
capture_01_ring_buffer.btsnoop,280.736142,4,distracted,62,61,107,0,70,28,0,16,35,0
capture_01_ring_buffer.btsnoop,281.086005,4,distracted,62,61,107,0,70,28,0,16,35,0
capture_01_ring_buffer.btsnoop,281.392417,4,distracted,62,61,107,0,70,28,0,16,35,0
capture_01_ring_buffer.btsnoop,281.786058,4,distracted,62,61,72,0,70,28,0,16,35,0
capture_01_ring_buffer.btsnoop,282.048874,4,distracted,62,61,72,0,70,28,0,16,35,0
capture_01_ring_buffer.btsnoop,282.398624,4,distracted,62,61,72,0,70,28,0,16,35,0
capture_01_ring_buffer.btsnoop,282.748879,4,distracted,62,61,72,0,70,28,0,16,35,0
capture_01_ring_buffer.btsnoop,283.098661,4,distracted,62,61,72,0,70,28,0,16,35,0
capture_01_ring_buffer.btsnoop,283.404813,4,distracted,62,61,72,0,70,28,0,16,35,0
capture_01_ring_buffer.btsnoop,283.842289,4,distracted,62,61,72,0,70,28,0,16,35,0
capture_01_ring_buffer.btsnoop,284.411327,4,distracted,62,61,72,0,70,28,0,16,35,0
capture_01_ring_buffer.btsnoop,284.804796,4,distracted,64,64,72,0,70,28,0,16,35,0
capture_01_ring_buffer.btsnoop,285.111046,4,distracted,67,67,72,0,70,28,0,16,35,0
capture_01_ring_buffer.btsnoop,285.417412,4,distracted,68,68,72,0,70,28,0,16,35,0
capture_01_ring_buffer.btsnoop,285.767259,4,distracted,69,69,72,0,70,28,0,16,35,0
capture_01_ring_buffer.btsnoop,286.117617,4,distracted,71,71,72,0,70,28,0,16,35,0
capture_01_ring_buffer.btsnoop,286.467833,4,distracted,72,72,72,0,70,28,0,16,35,0
capture_01_ring_buffer.btsnoop,286.817391,4,distracted,73,73,72,0,70,28,0,16,35,0
capture_01_ring_buffer.btsnoop,287.123713,4,distracted,73,73,72,0,70,28,0,16,35,0
capture_01_ring_buffer.btsnoop,287.473429,4,distracted,74,74,72,0,70,28,0,16,35,0
capture_01_ring_buffer.btsnoop,287.779847,4,distracted,74,74,72,0,70,28,0,16,35,0
capture_01_ring_buffer.btsnoop,288.129995,4,distracted,75,75,72,0,70,28,0,16,35,0
capture_01_ring_buffer.btsnoop,288.480086,4,distracted,75,75,72,0,70,28,0,16,35,0
capture_01_ring_buffer.btsnoop,288.829873,4,distracted,75,75,72,0,70,28,0,16,35,0
capture_01_ring_buffer.btsnoop,289.223699,4,distracted,75,75,72,0,70,28,0,16,35,0
capture_01_ring_buffer.btsnoop,289.486299,4,distracted,75,75,72,0,70,28,0,16,35,0
capture_01_ring_buffer.btsnoop,289.880423,4,distracted,74,74,72,0,70,28,0,16,35,0
capture_01_ring_buffer.btsnoop,290.142524,4,distracted,74,74,72,0,70,28,0,16,35,0
capture_01_ring_buffer.btsnoop,290.49279,4,distracted,74,74,72,0,70,28,0,16,35,0
capture_01_ring_buffer.btsnoop,290.842308,4,distracted,74,74,72,0,70,28,0,16,35,0
capture_01_ring_buffer.btsnoop,291.148625,4,distracted,74,74,72,0,70,28,0,16,35,0
capture_01_ring_buffer.btsnoop,291.499092,4,distracted,74,74,72,0,70,28,0,16,35,0
capture_01_ring_buffer.btsnoop,291.936731,4,distracted,74,74,53,0,70,28,0,16,35,0
capture_01_ring_buffer.btsnoop,292.504705,4,distracted,74,74,53,0,70,28,0,16,35,0
capture_01_ring_buffer.btsnoop,292.898762,4,distracted,74,74,53,0,70,28,0,16,35,0
capture_01_ring_buffer.btsnoop,293.20484,4,distracted,74,74,53,0,70,28,0,16,35,0
capture_01_ring_buffer.btsnoop,293.511245,4,distracted,74,74,53,0,70,28,0,16,35,0
capture_01_ring_buffer.btsnoop,293.905194,4,distracted,74,74,53,0,70,28,0,16,35,0
capture_01_ring_buffer.btsnoop,294.254737,4,distracted,74,74,53,0,70,28,0,16,35,0
capture_01_ring_buffer.btsnoop,294.517833,4,distracted,74,74,53,0,70,28,0,16,35,0
capture_01_ring_buffer.btsnoop,294.867378,4,distracted,74,74,53,0,70,28,0,16,35,0
capture_01_ring_buffer.btsnoop,295.217346,4,distracted,74,74,53,0,70,28,0,16,35,0
capture_01_ring_buffer.btsnoop,295.567342,4,distracted,74,74,53,0,70,28,0,16,35,0
capture_01_ring_buffer.btsnoop,295.961281,4,distracted,74,74,53,0,70,28,0,16,35,0
capture_01_ring_buffer.btsnoop,296.268084,4,distracted,74,74,53,0,70,28,0,16,35,0
capture_01_ring_buffer.btsnoop,296.573589,2,adapting,74,74,53,0,70,28,0,16,35,0
capture_01_ring_buffer.btsnoop,296.967447,2,adapting,74,74,53,0,70,28,0,16,35,0
capture_01_ring_buffer.btsnoop,297.230118,2,adapting,74,74,53,0,70,28,0,16,35,0
capture_01_ring_buffer.btsnoop,297.58012,2,adapting,74,74,53,0,70,28,0,16,35,0
capture_01_ring_buffer.btsnoop,297.973718,2,adapting,74,74,53,0,70,28,0,16,35,0
capture_01_ring_buffer.btsnoop,298.235991,2,adapting,74,74,53,0,70,28,0,16,35,0
capture_01_ring_buffer.btsnoop,298.586173,2,adapting,74,74,53,0,70,28,0,16,35,0
capture_01_ring_buffer.btsnoop,298.936267,2,adapting,74,74,53,0,70,28,0,16,35,0
capture_01_ring_buffer.btsnoop,299.24254,2,adapting,74,74,53,0,70,28,0,16,35,0
capture_01_ring_buffer.btsnoop,299.592804,2,adapting,74,74,53,0,70,28,0,16,35,0
capture_01_ring_buffer.btsnoop,299.98608,2,adapting,74,74,53,0,70,28,0,16,35,0
capture_01_ring_buffer.btsnoop,300.248839,2,adapting,74,74,53,0,70,28,0,16,35,0
capture_01_ring_buffer.btsnoop,300.598623,2,adapting,74,74,53,0,70,28,0,16,35,0
capture_01_ring_buffer.btsnoop,300.992755,2,adapting,74,74,53,0,70,28,0,16,35,0
capture_01_ring_buffer.btsnoop,301.299052,2,adapting,74,74,53,0,70,28,0,16,35,0
capture_01_ring_buffer.btsnoop,301.604884,2,adapting,74,74,53,0,70,28,0,16,35,0
capture_01_ring_buffer.btsnoop,301.998616,2,adapting,74,74,68,0,70,28,0,16,35,0
capture_01_ring_buffer.btsnoop,302.304764,2,adapting,74,74,68,0,70,28,0,16,35,0
capture_01_ring_buffer.btsnoop,302.611108,2,adapting,74,74,68,0,70,28,0,16,35,0
capture_01_ring_buffer.btsnoop,303.048752,2,adapting,74,74,68,0,70,28,0,16,35,0
capture_01_ring_buffer.btsnoop,303.617386,2,adapting,74,74,68,0,70,28,0,16,35,0
capture_01_ring_buffer.btsnoop,304.011436,2,adapting,74,74,68,0,70,28,0,16,35,0
capture_01_ring_buffer.btsnoop,304.317605,2,adapting,74,74,68,0,70,28,0,16,32,0
capture_01_ring_buffer.btsnoop,304.667638,2,adapting,74,74,68,0,70,28,0,16,32,0
capture_01_ring_buffer.btsnoop,305.017583,2,adapting,74,74,68,0,70,28,0,16,32,0
capture_01_ring_buffer.btsnoop,305.367748,2,adapting,74,74,68,0,70,28,0,16,32,0
capture_01_ring_buffer.btsnoop,305.673844,2,adapting,74,74,68,0,70,28,0,16,32,0
capture_01_ring_buffer.btsnoop,306.024168,2,adapting,74,74,48,0,70,28,0,16,32,0
capture_01_ring_buffer.btsnoop,306.330973,2,adapting,74,74,48,0,70,28,0,16,32,0
capture_01_ring_buffer.btsnoop,306.680095,2,adapting,74,74,48,0,70,28,0,16,32,0
capture_01_ring_buffer.btsnoop,307.073586,2,adapting,74,74,48,0,70,28,0,16,32,0
capture_01_ring_buffer.btsnoop,307.336198,2,adapting,74,74,48,0,70,28,0,16,32,0
capture_01_ring_buffer.btsnoop,307.686258,2,adapting,74,74,48,0,70,28,0,16,32,0
capture_01_ring_buffer.btsnoop,308.036141,2,adapting,74,74,48,0,70,28,0,16,32,0
capture_01_ring_buffer.btsnoop,308.386648,2,adapting,74,74,48,0,70,28,0,16,32,0
capture_01_ring_buffer.btsnoop,308.693008,2,adapting,74,74,48,0,70,28,0,16,32,0
capture_01_ring_buffer.btsnoop,309.086073,2,adapting,74,74,48,0,70,28,0,16,32,0
capture_01_ring_buffer.btsnoop,309.349202,2,adapting,74,74,48,0,70,28,0,16,32,0
capture_01_ring_buffer.btsnoop,309.698716,2,adapting,74,74,48,0,70,28,0,16,32,0
capture_01_ring_buffer.btsnoop,310.048669,2,adapting,74,74,48,0,70,28,0,16,32,0
capture_01_ring_buffer.btsnoop,310.3991,2,adapting,74,74,48,0,70,28,0,16,32,0
capture_01_ring_buffer.btsnoop,310.748733,2,adapting,74,74,48,0,70,28,0,16,32,0
capture_01_ring_buffer.btsnoop,311.142472,2,adapting,74,74,44,0,70,28,0,16,32,0
capture_01_ring_buffer.btsnoop,311.404988,2,adapting,74,74,44,0,70,28,0,16,32,0
capture_01_ring_buffer.btsnoop,311.755706,2,adapting,74,74,44,0,70,28,0,16,32,0
capture_01_ring_buffer.btsnoop,312.105188,2,adapting,74,74,44,0,70,28,0,16,32,0
capture_01_ring_buffer.btsnoop,312.41145,2,adapting,74,74,44,0,70,28,0,16,32,0
capture_01_ring_buffer.btsnoop,312.761217,2,adapting,74,74,44,0,70,28,0,16,32,0
capture_01_ring_buffer.btsnoop,313.111317,2,adapting,74,74,44,0,70,28,0,16,32,0
capture_01_ring_buffer.btsnoop,313.417566,2,adapting,74,74,44,0,70,28,0,16,32,0
capture_01_ring_buffer.btsnoop,313.767426,2,adapting,74,74,44,0,70,28,0,16,32,0
capture_01_ring_buffer.btsnoop,314.161779,2,adapting,74,74,15,0,70,28,0,16,32,0
capture_01_ring_buffer.btsnoop,314.423813,2,adapting,74,74,15,0,70,28,0,16,32,0
capture_01_ring_buffer.btsnoop,314.773649,2,adapting,74,74,15,0,70,28,0,16,32,0
capture_01_ring_buffer.btsnoop,315.211146,2,adapting,74,74,15,0,70,28,0,16,32,0
capture_01_ring_buffer.btsnoop,315.779974,2,adapting,74,74,15,0,70,28,0,16,32,0
capture_01_ring_buffer.btsnoop,316.130279,2,adapting,74,74,15,0,70,28,0,16,32,0
capture_01_ring_buffer.btsnoop,316.436838,2,adapting,74,74,15,0,70,28,0,16,32,0
capture_01_ring_buffer.btsnoop,316.786255,2,adapting,74,74,15,0,70,28,0,16,32,0
capture_01_ring_buffer.btsnoop,317.223653,2,adapting,74,74,15,0,70,28,0,16,32,0
capture_01_ring_buffer.btsnoop,317.792685,2,adapting,72,72,15,0,70,28,0,16,32,0
capture_01_ring_buffer.btsnoop,318.14278,2,adapting,72,72,15,0,70,28,0,16,32,0
capture_01_ring_buffer.btsnoop,318.49271,2,adapting,73,73,15,0,70,28,0,16,32,0
capture_01_ring_buffer.btsnoop,318.798871,2,adapting,73,73,15,0,70,28,0,16,32,0
capture_01_ring_buffer.btsnoop,319.236377,2,adapting,73,73,35,0,70,28,0,16,32,0
capture_01_ring_buffer.btsnoop,319.498957,2,adapting,73,73,35,0,70,28,0,16,32,0
capture_01_ring_buffer.btsnoop,319.849032,2,adapting,73,73,35,0,70,28,0,16,32,0
capture_01_ring_buffer.btsnoop,320.1989,2,adapting,73,73,35,0,70,28,0,16,32,0
capture_01_ring_buffer.btsnoop,320.505033,2,adapting,73,73,35,0,70,28,0,16,32,0
capture_01_ring_buffer.btsnoop,320.855015,2,adapting,73,73,35,0,70,28,0,16,32,0
capture_01_ring_buffer.btsnoop,321.204988,2,adapting,73,73,35,0,70,28,0,16,32,0
capture_01_ring_buffer.btsnoop,321.511602,2,adapting,73,73,35,0,70,28,0,16,32,0
capture_01_ring_buffer.btsnoop,321.861344,2,adapting,73,73,35,0,70,28,0,16,32,0
capture_01_ring_buffer.btsnoop,322.255222,2,adapting,73,73,50,0,70,28,0,16,32,0
capture_01_ring_buffer.btsnoop,322.517497,2,adapting,73,73,50,0,70,28,0,16,32,0
capture_01_ring_buffer.btsnoop,322.867424,2,adapting,73,73,50,0,70,28,0,16,32,0
capture_01_ring_buffer.btsnoop,323.261816,2,adapting,73,73,66,0,70,28,0,16,32,0
capture_01_ring_buffer.btsnoop,323.568204,2,adapting,73,73,66,0,70,28,0,16,32,0
capture_01_ring_buffer.btsnoop,323.91761,2,adapting,73,73,66,0,70,28,0,16,32,0
capture_01_ring_buffer.btsnoop,324.267519,2,adapting,73,73,66,0,70,28,0,16,32,0
capture_01_ring_buffer.btsnoop,324.573846,2,adapting,73,73,66,0,70,28,0,16,32,0
capture_01_ring_buffer.btsnoop,324.879962,2,adapting,73,73,66,0,70,28,0,16,32,0
capture_01_ring_buffer.btsnoop,325.31766,2,adapting,73,73,111,0,70,28,0,16,32,0
capture_01_ring_buffer.btsnoop,325.93012,2,adapting,73,73,111,0,70,28,0,16,32,0
capture_01_ring_buffer.btsnoop,326.280474,2,adapting,73,73,111,0,70,28,0,16,32,0
capture_01_ring_buffer.btsnoop,326.586193,2,adapting,73,73,111,0,70,28,0,16,32,0
capture_01_ring_buffer.btsnoop,327.067834,2,adapting,73,73,111,0,70,28,0,16,32,0
capture_01_ring_buffer.btsnoop,327.592546,2,adapting,73,73,111,0,70,28,0,16,32,0
capture_01_ring_buffer.btsnoop,327.942815,2,adapting,73,73,111,0,70,28,0,16,32,0
capture_01_ring_buffer.btsnoop,328.336343,4,distracted,73,51,102,0,70,28,0,16,32,0
capture_01_ring_buffer.btsnoop,328.642381,4,distracted,73,51,102,0,70,28,0,16,32,0
capture_01_ring_buffer.btsnoop,328.948971,4,distracted,73,51,102,0,70,28,0,16,32,0
capture_01_ring_buffer.btsnoop,329.342818,4,distracted,73,51,111,0,70,28,0,16,32,0
capture_01_ring_buffer.btsnoop,329.64931,4,distracted,73,51,111,0,70,28,0,16,32,0
capture_01_ring_buffer.btsnoop,329.998963,4,distracted,73,51,111,0,70,28,0,16,32,0
capture_01_ring_buffer.btsnoop,330.348733,4,distracted,73,51,117,0,70,28,0,16,32,0
capture_01_ring_buffer.btsnoop,330.655239,4,distracted,73,51,117,0,70,28,0,16,32,0
capture_01_ring_buffer.btsnoop,331.005288,4,distracted,73,52,117,0,70,28,0,16,32,0
capture_01_ring_buffer.btsnoop,331.355246,4,distracted,73,51,117,0,70,28,0,16,32,0
capture_01_ring_buffer.btsnoop,331.661536,4,distracted,73,51,117,0,70,28,0,16,32,0
capture_01_ring_buffer.btsnoop,332.011499,4,distracted,73,51,117,0,70,28,0,16,32,0
capture_01_ring_buffer.btsnoop,332.361192,4,distracted,73,64,117,0,70,28,0,16,32,0
capture_01_ring_buffer.btsnoop,332.668446,4,distracted,73,64,117,0,70,28,0,16,32,0
capture_01_ring_buffer.btsnoop,333.017768,4,distracted,73,64,117,0,70,28,0,16,32,0
capture_01_ring_buffer.btsnoop,333.411349,4,distracted,78,68,124,0,70,28,0,16,32,0
capture_01_ring_buffer.btsnoop,334.024007,4,distracted,78,68,124,0,70,28,0,16,32,0
capture_01_ring_buffer.btsnoop,334.462153,4,distracted,77,67,124,0,70,28,0,16,32,0
capture_01_ring_buffer.btsnoop,335.031163,4,distracted,77,67,124,0,70,28,0,16,32,0
capture_01_ring_buffer.btsnoop,335.424006,4,distracted,77,67,124,0,70,28,0,16,32,0
capture_01_ring_buffer.btsnoop,335.730586,4,distracted,76,66,124,0,70,28,0,16,32,0
capture_01_ring_buffer.btsnoop,336.036545,4,distracted,76,65,124,0,70,28,0,16,32,0
capture_01_ring_buffer.btsnoop,336.474917,4,distracted,72,63,124,0,70,28,0,16,32,0
capture_01_ring_buffer.btsnoop,337.042632,4,distracted,72,63,124,0,70,28,0,16,32,0
capture_01_ring_buffer.btsnoop,337.436493,4,distracted,72,65,145,0,70,28,0,16,32,0
capture_01_ring_buffer.btsnoop,337.742649,4,distracted,72,65,145,0,70,28,0,16,32,0
capture_01_ring_buffer.btsnoop,338.092998,4,distracted,72,65,145,0,70,28,0,16,32,0
capture_01_ring_buffer.btsnoop,338.443012,4,distracted,72,65,145,0,70,28,0,16,32,0
capture_01_ring_buffer.btsnoop,338.749281,4,distracted,72,65,145,0,70,28,0,16,32,0
capture_01_ring_buffer.btsnoop,339.099082,4,distracted,72,65,145,0,70,28,0,16,32,0
capture_01_ring_buffer.btsnoop,339.448994,4,distracted,72,65,145,0,70,28,0,16,32,0
capture_01_ring_buffer.btsnoop,339.755335,4,distracted,72,65,145,0,70,28,0,16,32,0
capture_01_ring_buffer.btsnoop,340.105368,4,distracted,72,66,145,0,70,28,0,16,32,0
capture_01_ring_buffer.btsnoop,340.45534,4,distracted,68,66,145,0,70,28,0,16,32,0
capture_01_ring_buffer.btsnoop,340.761684,4,distracted,69,66,145,0,70,28,0,16,32,0
capture_01_ring_buffer.btsnoop,341.111766,4,distracted,69,66,145,0,70,28,0,16,32,0
capture_01_ring_buffer.btsnoop,341.461489,4,distracted,69,66,145,0,70,28,0,16,32,0
capture_01_ring_buffer.btsnoop,341.767912,4,distracted,70,66,145,0,70,28,0,16,32,0
capture_01_ring_buffer.btsnoop,342.118057,4,distracted,70,66,145,0,70,28,0,16,32,0
capture_01_ring_buffer.btsnoop,342.511416,4,distracted,70,66,145,0,70,28,0,16,32,0
capture_01_ring_buffer.btsnoop,343.124043,4,distracted,70,66,145,0,70,28,0,16,32,0
capture_01_ring_buffer.btsnoop,343.51762,4,distracted,70,66,145,0,70,28,0,16,32,0
capture_01_ring_buffer.btsnoop,344.130726,4,distracted,69,64,145,0,70,28,0,16,32,0
capture_01_ring_buffer.btsnoop,344.480285,4,distracted,69,64,145,0,70,28,0,16,32,0
capture_01_ring_buffer.btsnoop,344.830201,4,distracted,68,63,145,0,70,28,0,16,32,0
capture_01_ring_buffer.btsnoop,345.136564,4,distracted,68,63,145,0,70,28,0,16,32,0
capture_01_ring_buffer.btsnoop,345.530715,4,distracted,68,63,145,0,70,28,0,16,32,0
capture_01_ring_buffer.btsnoop,345.836818,4,distracted,68,63,145,0,70,28,0,16,32,0
capture_01_ring_buffer.btsnoop,346.142776,4,distracted,69,64,145,0,70,28,0,16,32,0
capture_01_ring_buffer.btsnoop,346.536692,4,distracted,69,64,145,0,70,28,0,16,32,0
capture_01_ring_buffer.btsnoop,346.843046,4,distracted,70,65,145,0,70,28,0,16,32,0
capture_01_ring_buffer.btsnoop,347.19286,4,distracted,69,64,145,0,70,28,0,16,32,0
capture_01_ring_buffer.btsnoop,347.542803,4,distracted,68,63,145,0,70,28,0,16,32,0
capture_01_ring_buffer.btsnoop,347.849205,4,distracted,68,63,145,0,70,28,0,16,32,0
capture_01_ring_buffer.btsnoop,348.199064,4,distracted,68,63,145,0,70,28,0,16,32,0
capture_01_ring_buffer.btsnoop,348.549017,4,distracted,68,63,145,0,70,28,0,16,32,0
capture_01_ring_buffer.btsnoop,348.85525,4,distracted,68,63,145,0,70,28,0,16,32,0
capture_01_ring_buffer.btsnoop,349.20536,4,distracted,69,64,145,0,70,28,0,16,32,0
capture_01_ring_buffer.btsnoop,349.555574,4,distracted,70,65,145,0,70,28,0,16,32,0
capture_01_ring_buffer.btsnoop,349.86173,4,distracted,69,64,145,0,70,28,0,16,32,0
capture_01_ring_buffer.btsnoop,350.211372,4,distracted,69,64,145,0,70,28,0,16,32,0
capture_01_ring_buffer.btsnoop,350.605259,4,distracted,70,64,173,0,70,28,0,16,32,0
capture_01_ring_buffer.btsnoop,351.217729,4,distracted,70,64,173,0,70,28,0,16,32,0
capture_01_ring_buffer.btsnoop,351.611683,4,distracted,70,64,173,0,70,28,0,16,32,0
capture_01_ring_buffer.btsnoop,352.224031,4,distracted,70,64,173,0,70,28,0,16,32,0
capture_01_ring_buffer.btsnoop,352.573935,4,distracted,70,64,173,0,70,28,0,16,32,0
capture_01_ring_buffer.btsnoop,352.880261,4,distracted,70,65,173,0,70,28,0,16,32,0
capture_01_ring_buffer.btsnoop,353.231377,4,distracted,71,65,173,0,70,28,0,16,32,0
capture_01_ring_buffer.btsnoop,353.623991,4,distracted,71,64,173,0,70,28,0,16,32,0
capture_01_ring_buffer.btsnoop,353.930299,4,distracted,71,63,173,0,70,28,0,16,32,0
capture_01_ring_buffer.btsnoop,354.236749,4,distracted,71,63,173,0,70,28,0,16,32,0
capture_01_ring_buffer.btsnoop,354.630244,4,distracted,71,62,173,0,70,28,0,16,32,0
capture_01_ring_buffer.btsnoop,354.936806,4,distracted,71,62,173,0,70,28,0,16,32,0
capture_01_ring_buffer.btsnoop,355.243082,4,distracted,71,62,173,0,70,28,0,16,32,0
capture_01_ring_buffer.btsnoop,355.636472,4,distracted,71,61,173,0,70,28,0,16,32,0
capture_01_ring_buffer.btsnoop,355.942761,4,distracted,71,61,173,0,70,28,0,16,32,0
capture_01_ring_buffer.btsnoop,356.292927,4,distracted,71,61,173,0,70,28,0,16,32,0
capture_01_ring_buffer.btsnoop,356.686671,4,distracted,71,61,173,0,70,28,0,16,32,0
capture_01_ring_buffer.btsnoop,357.299705,4,distracted,71,62,173,0,70,28,0,16,32,0
capture_01_ring_buffer.btsnoop,357.649181,4,distracted,71,62,173,0,70,28,0,16,32,0
capture_01_ring_buffer.btsnoop,357.955308,4,distracted,71,63,173,0,70,28,0,16,32,0
capture_01_ring_buffer.btsnoop,358.305246,4,distracted,71,64,173,0,70,28,0,16,32,0
capture_01_ring_buffer.btsnoop,358.655233,4,distracted,71,64,173,0,70,28,0,16,32,0
capture_01_ring_buffer.btsnoop,358.961838,4,distracted,71,64,173,0,70,28,0,16,32,0
capture_01_ring_buffer.btsnoop,359.311553,4,distracted,71,64,173,0,70,28,0,16,32,0
capture_01_ring_buffer.btsnoop,359.705928,4,distracted,71,64,173,0,70,28,0,16,32,0
capture_01_ring_buffer.btsnoop,360.317788,4,distracted,71,64,173,0,70,28,0,16,32,0
capture_01_ring_buffer.btsnoop,360.668196,4,distracted,71,62,173,0,70,28,0,16,32,0
capture_01_ring_buffer.btsnoop,360.974295,4,distracted,71,62,173,0,70,28,0,16,32,0
capture_01_ring_buffer.btsnoop,361.32398,4,distracted,71,62,173,0,70,28,0,16,32,0
capture_01_ring_buffer.btsnoop,361.717729,4,distracted,66,63,145,0,70,28,0,16,32,0
capture_01_ring_buffer.btsnoop,362.330311,4,distracted,66,63,145,0,70,28,0,16,32,0
capture_01_ring_buffer.btsnoop,362.724277,4,distracted,67,63,145,0,70,28,0,16,32,0
capture_01_ring_buffer.btsnoop,363.030403,4,distracted,67,63,145,0,70,28,0,16,32,0
capture_01_ring_buffer.btsnoop,363.336616,4,distracted,67,63,145,0,70,28,0,16,32,0
capture_01_ring_buffer.btsnoop,363.730476,4,distracted,66,63,145,0,70,28,0,16,32,0
capture_01_ring_buffer.btsnoop,364.036649,4,distracted,66,63,145,0,70,28,0,16,32,0
capture_01_ring_buffer.btsnoop,364.34305,4,distracted,66,63,145,0,70,28,0,16,32,0
capture_01_ring_buffer.btsnoop,364.868055,4,distracted,65,63,145,0,70,28,0,16,32,0
capture_01_ring_buffer.btsnoop,365.567831,4,distracted,66,63,145,0,70,29,0,16,33,0
capture_01_ring_buffer.btsnoop,366.224409,4,distracted,67,64,145,0,70,29,0,16,33,0
capture_01_ring_buffer.btsnoop,366.749234,4,distracted,67,64,145,0,70,29,0,16,33,0
capture_01_ring_buffer.btsnoop,367.099253,4,distracted,67,64,145,0,70,29,0,16,33,0
capture_01_ring_buffer.btsnoop,367.405473,4,distracted,66,64,145,0,70,29,0,16,33,0
capture_01_ring_buffer.btsnoop,367.799306,4,distracted,66,64,145,0,70,29,0,16,33,0
capture_01_ring_buffer.btsnoop,368.105523,4,distracted,65,62,145,0,70,29,0,16,33,0
capture_01_ring_buffer.btsnoop,368.411794,4,distracted,64,61,145,0,70,29,0,16,33,0
capture_01_ring_buffer.btsnoop,368.849224,4,distracted,64,60,145,0,70,29,0,16,33,0
capture_01_ring_buffer.btsnoop,369.461721,4,distracted,64,60,145,0,70,29,0,16,33,0
capture_01_ring_buffer.btsnoop,369.811949,4,distracted,64,60,145,0,70,29,0,16,33,0
capture_01_ring_buffer.btsnoop,370.11822,4,distracted,64,60,145,0,70,29,0,16,33,0
capture_01_ring_buffer.btsnoop,370.469059,4,distracted,64,60,145,0,70,29,0,16,33,0
capture_01_ring_buffer.btsnoop,370.817864,4,distracted,64,61,145,0,70,29,0,16,33,0
capture_01_ring_buffer.btsnoop,371.124446,4,distracted,65,62,145,0,70,29,0,16,33,0
capture_01_ring_buffer.btsnoop,371.474225,4,distracted,65,62,145,0,70,29,0,16,33,0
capture_01_ring_buffer.btsnoop,371.82448,4,distracted,66,62,145,0,70,29,0,16,33,0
capture_01_ring_buffer.btsnoop,372.130603,4,distracted,66,63,145,0,70,29,0,16,33,0
capture_01_ring_buffer.btsnoop,372.480535,4,distracted,66,63,145,0,70,29,0,16,33,0
capture_01_ring_buffer.btsnoop,372.8742,4,distracted,67,63,145,0,70,29,0,16,33,0
capture_01_ring_buffer.btsnoop,373.487013,4,distracted,67,64,145,0,70,29,0,16,33,0
capture_01_ring_buffer.btsnoop,373.880863,4,distracted,67,64,145,0,70,29,0,16,33,0
capture_01_ring_buffer.btsnoop,374.536715,4,distracted,68,64,145,0,70,29,0,16,33,0
capture_01_ring_buffer.btsnoop,374.8868,4,distracted,79,72,145,0,70,29,0,16,33,0
capture_01_ring_buffer.btsnoop,375.193005,4,distracted,80,72,145,0,70,29,0,16,33,0
capture_01_ring_buffer.btsnoop,375.499151,4,distracted,80,72,145,0,70,29,0,16,33,0
capture_01_ring_buffer.btsnoop,375.893106,4,distracted,82,75,145,0,70,29,0,16,33,0
capture_01_ring_buffer.btsnoop,376.243135,4,distracted,82,75,145,0,70,29,0,16,33,0
capture_01_ring_buffer.btsnoop,376.855591,4,distracted,80,73,145,0,70,29,0,16,33,0
capture_01_ring_buffer.btsnoop,377.205712,4,distracted,80,73,145,0,70,29,0,16,33,0
capture_01_ring_buffer.btsnoop,377.512107,4,distracted,80,72,145,0,70,29,0,16,33,0
capture_01_ring_buffer.btsnoop,377.905506,4,distracted,80,72,145,0,70,29,0,16,33,0
capture_01_ring_buffer.btsnoop,378.211869,4,distracted,80,72,145,0,70,29,0,16,33,0
capture_01_ring_buffer.btsnoop,378.561762,4,distracted,80,73,145,0,70,29,0,16,33,0
capture_01_ring_buffer.btsnoop,378.911716,4,distracted,80,73,145,0,70,29,0,16,33,0
capture_01_ring_buffer.btsnoop,379.218556,4,distracted,80,73,145,0,70,29,0,16,33,0
capture_01_ring_buffer.btsnoop,379.568048,4,distracted,80,73,145,0,70,29,0,16,33,0
capture_01_ring_buffer.btsnoop,379.918052,4,distracted,80,74,145,0,70,29,0,16,33,0
capture_01_ring_buffer.btsnoop,380.268292,4,distracted,80,74,145,0,70,29,0,16,33,0
capture_01_ring_buffer.btsnoop,380.574383,4,distracted,81,74,145,0,70,29,0,16,33,0
capture_01_ring_buffer.btsnoop,380.924473,4,distracted,81,74,145,0,70,29,0,16,33,0
capture_01_ring_buffer.btsnoop,381.23083,4,distracted,81,74,145,0,70,29,0,16,33,0
capture_01_ring_buffer.btsnoop,381.580576,4,distracted,81,74,145,0,70,29,0,16,33,0
capture_01_ring_buffer.btsnoop,381.930563,4,distracted,69,65,145,0,70,29,0,16,33,0
capture_01_ring_buffer.btsnoop,382.237125,4,distracted,69,66,145,0,70,29,0,16,33,0
capture_01_ring_buffer.btsnoop,382.587069,4,distracted,69,66,145,0,70,29,0,16,33,0
capture_01_ring_buffer.btsnoop,382.98083,4,distracted,69,66,115,0,70,29,0,16,33,0
capture_01_ring_buffer.btsnoop,383.59315,4,distracted,69,66,115,0,70,29,0,16,33,0
capture_01_ring_buffer.btsnoop,383.943069,4,distracted,69,66,115,0,70,29,0,16,33,0
capture_01_ring_buffer.btsnoop,384.292963,4,distracted,69,66,115,0,70,29,0,16,33,0
capture_01_ring_buffer.btsnoop,384.599356,4,distracted,69,66,115,0,70,29,0,16,33,0
capture_01_ring_buffer.btsnoop,384.949702,4,distracted,69,66,115,0,70,29,0,16,33,0
capture_01_ring_buffer.btsnoop,385.299377,4,distracted,69,66,115,0,70,29,0,16,33,0
capture_01_ring_buffer.btsnoop,385.605593,4,distracted,69,66,115,0,70,29,0,16,33,0
capture_01_ring_buffer.btsnoop,386.043121,4,distracted,69,66,146,0,70,29,0,16,33,0
capture_01_ring_buffer.btsnoop,386.612104,4,distracted,69,66,146,0,70,29,0,16,33,0
capture_01_ring_buffer.btsnoop,387.005593,4,distracted,69,66,146,0,70,29,0,16,33,0
capture_01_ring_buffer.btsnoop,387.311727,4,distracted,69,66,146,0,70,29,0,16,33,0
capture_01_ring_buffer.btsnoop,387.661914,4,distracted,69,66,146,0,70,29,0,16,33,0
capture_01_ring_buffer.btsnoop,388.01198,4,distracted,69,66,146,0,70,29,0,16,33,0
capture_01_ring_buffer.btsnoop,388.318432,4,distracted,69,66,146,0,70,29,0,16,33,0
capture_01_ring_buffer.btsnoop,388.624655,4,distracted,69,66,146,0,70,29,0,16,33,0
capture_01_ring_buffer.btsnoop,388.974578,4,distracted,69,66,146,0,70,29,0,16,33,0
capture_01_ring_buffer.btsnoop,389.324328,4,distracted,69,66,146,0,70,29,0,16,33,0
capture_01_ring_buffer.btsnoop,389.674467,4,distracted,69,66,146,0,70,29,0,16,33,0
capture_01_ring_buffer.btsnoop,390.068019,4,distracted,69,66,101,0,70,29,0,16,33,0
capture_01_ring_buffer.btsnoop,390.637182,4,distracted,69,66,101,0,70,29,0,16,33,0
capture_01_ring_buffer.btsnoop,391.030625,4,distracted,69,66,101,0,70,29,0,16,33,0
capture_01_ring_buffer.btsnoop,391.336975,4,distracted,69,66,101,0,70,29,0,16,33,0
capture_01_ring_buffer.btsnoop,391.643151,4,distracted,69,66,101,0,70,29,0,16,33,0
capture_01_ring_buffer.btsnoop,392.037138,4,distracted,69,66,62,0,70,29,0,16,33,0
capture_01_ring_buffer.btsnoop,392.343036,4,distracted,69,66,62,0,70,29,0,16,33,0
capture_01_ring_buffer.btsnoop,392.649463,4,distracted,69,66,62,0,70,29,0,16,33,0
capture_01_ring_buffer.btsnoop,393.043243,4,distracted,69,67,72,0,70,29,0,16,33,0
capture_01_ring_buffer.btsnoop,393.349311,4,distracted,69,68,72,0,70,29,0,16,33,0
capture_01_ring_buffer.btsnoop,393.699416,4,distracted,69,68,72,0,70,29,0,16,33,0
capture_01_ring_buffer.btsnoop,394.049519,4,distracted,69,69,79,0,70,29,0,16,33,0
capture_01_ring_buffer.btsnoop,394.355737,4,distracted,69,69,79,0,70,29,0,16,33,0
capture_01_ring_buffer.btsnoop,394.705559,4,distracted,69,69,79,0,70,29,0,16,33,0
capture_01_ring_buffer.btsnoop,395.055743,4,distracted,69,69,79,0,70,29,0,16,33,0
capture_01_ring_buffer.btsnoop,395.362109,4,distracted,69,69,79,0,70,29,0,16,33,0
capture_01_ring_buffer.btsnoop,395.712222,4,distracted,69,69,79,0,70,29,0,16,33,0
capture_01_ring_buffer.btsnoop,396.061985,4,distracted,69,69,79,0,70,29,0,16,33,0
capture_01_ring_buffer.btsnoop,396.368678,4,distracted,69,69,79,0,70,29,0,16,33,0
capture_01_ring_buffer.btsnoop,396.718228,4,distracted,69,69,79,0,70,29,0,16,33,0
capture_01_ring_buffer.btsnoop,397.11211,4,distracted,69,69,85,0,70,29,0,16,33,0
capture_01_ring_buffer.btsnoop,397.418548,4,distracted,69,69,85,0,70,29,0,16,33,0
capture_01_ring_buffer.btsnoop,397.724702,4,distracted,69,69,85,0,70,29,0,16,33,0
capture_01_ring_buffer.btsnoop,398.074756,4,distracted,69,69,85,0,70,29,0,16,33,0
capture_01_ring_buffer.btsnoop,398.380708,4,distracted,69,69,85,0,70,29,0,16,33,0
capture_01_ring_buffer.btsnoop,398.730728,4,distracted,69,69,85,0,70,29,0,16,33,0
capture_01_ring_buffer.btsnoop,399.124527,4,distracted,69,69,52,0,70,29,0,16,33,0
capture_01_ring_buffer.btsnoop,399.43116,4,distracted,69,69,52,0,70,29,0,16,33,0
capture_01_ring_buffer.btsnoop,399.737296,4,distracted,69,69,52,0,70,29,0,16,33,0
capture_01_ring_buffer.btsnoop,400.2183,4,distracted,69,69,52,0,70,29,0,16,33,0
capture_01_ring_buffer.btsnoop,400.743489,4,distracted,69,69,52,0,70,29,0,16,33,0
capture_01_ring_buffer.btsnoop,401.136995,4,distracted,69,69,52,0,70,29,0,16,33,0
capture_01_ring_buffer.btsnoop,401.443416,4,distracted,69,69,52,0,70,29,0,16,33,0
capture_01_ring_buffer.btsnoop,401.749684,4,distracted,69,69,52,0,70,29,0,16,33,0
capture_01_ring_buffer.btsnoop,402.099393,4,distracted,69,69,52,0,70,29,0,16,33,0
capture_01_ring_buffer.btsnoop,402.449527,4,distracted,69,69,52,0,70,29,0,16,33,0
capture_01_ring_buffer.btsnoop,402.799417,2,adapting,69,69,52,0,70,29,0,16,33,0
capture_01_ring_buffer.btsnoop,403.193423,2,adapting,69,69,70,0,70,29,0,16,33,0
capture_01_ring_buffer.btsnoop,403.455808,2,adapting,69,69,70,0,70,29,0,16,33,0
capture_01_ring_buffer.btsnoop,403.805867,2,adapting,69,69,70,0,70,29,0,16,33,0
capture_01_ring_buffer.btsnoop,404.155644,2,adapting,69,69,70,0,70,29,0,16,33,0
capture_01_ring_buffer.btsnoop,404.462026,2,adapting,70,70,70,0,70,29,0,16,33,0
capture_01_ring_buffer.btsnoop,404.811866,2,adapting,71,71,70,0,70,29,0,16,33,0
capture_01_ring_buffer.btsnoop,405.206011,2,adapting,72,72,83,0,70,29,0,16,33,0
capture_01_ring_buffer.btsnoop,405.512091,2,adapting,72,72,83,0,70,29,0,16,33,0
capture_01_ring_buffer.btsnoop,405.818236,2,adapting,72,72,83,0,70,29,0,16,33,0
capture_01_ring_buffer.btsnoop,406.211961,2,adapting,72,72,83,0,70,29,0,16,33,0
capture_01_ring_buffer.btsnoop,406.47521,2,adapting,72,72,83,0,70,29,0,16,33,0
capture_01_ring_buffer.btsnoop,406.824534,2,adapting,72,72,83,0,70,29,0,16,33,0
capture_01_ring_buffer.btsnoop,407.17467,2,adapting,72,72,83,0,70,29,0,16,33,0
capture_01_ring_buffer.btsnoop,407.480886,2,adapting,72,72,83,0,70,29,0,16,33,0
capture_01_ring_buffer.btsnoop,407.831091,2,adapting,72,72,83,0,70,29,0,16,33,0
capture_01_ring_buffer.btsnoop,408.224528,2,adapting,72,72,83,0,70,29,0,16,33,0
capture_01_ring_buffer.btsnoop,408.530921,2,adapting,72,72,83,0,70,29,0,16,33,0
capture_01_ring_buffer.btsnoop,408.837468,2,adapting,72,72,83,0,70,29,0,16,33,0
capture_01_ring_buffer.btsnoop,409.231008,2,adapting,72,72,83,0,70,29,0,16,33,0
capture_01_ring_buffer.btsnoop,409.537106,2,adapting,72,72,83,0,70,29,0,16,33,0
capture_01_ring_buffer.btsnoop,409.843376,2,adapting,72,72,83,0,70,29,0,16,33,0
capture_01_ring_buffer.btsnoop,410.237041,2,adapting,72,72,106,0,70,29,0,16,33,0
capture_01_ring_buffer.btsnoop,410.543412,2,adapting,72,72,106,0,70,29,0,16,33,0
capture_01_ring_buffer.btsnoop,410.893656,2,adapting,72,72,106,0,70,29,0,16,33,0
capture_01_ring_buffer.btsnoop,411.243292,2,adapting,72,72,106,0,70,29,0,16,33,0
capture_01_ring_buffer.btsnoop,411.549535,2,adapting,72,72,106,0,70,29,0,16,33,0
capture_01_ring_buffer.btsnoop,411.899813,2,adapting,72,72,106,0,70,29,0,16,33,0
capture_01_ring_buffer.btsnoop,412.293476,4,distracted,72,72,101,0,70,29,0,16,33,0
capture_01_ring_buffer.btsnoop,412.5998,4,distracted,72,72,101,0,70,29,0,16,33,0
capture_01_ring_buffer.btsnoop,412.906214,4,distracted,72,72,101,0,70,29,0,16,33,0
capture_01_ring_buffer.btsnoop,413.299641,4,distracted,72,72,101,0,70,29,0,16,33,0
capture_01_ring_buffer.btsnoop,413.605786,4,distracted,72,72,101,0,70,29,0,16,33,0
capture_01_ring_buffer.btsnoop,413.912188,4,distracted,72,72,101,0,70,29,0,16,33,0
capture_01_ring_buffer.btsnoop,414.306064,4,distracted,72,72,101,0,70,29,0,16,33,0
capture_01_ring_buffer.btsnoop,414.612248,4,distracted,72,72,101,0,70,29,0,16,33,0
capture_01_ring_buffer.btsnoop,414.918479,4,distracted,72,72,101,0,70,29,0,16,33,0
capture_01_ring_buffer.btsnoop,415.312151,4,distracted,72,72,101,0,70,29,0,16,33,0
capture_01_ring_buffer.btsnoop,415.6186,4,distracted,72,72,101,0,70,29,0,16,33,0
capture_01_ring_buffer.btsnoop,415.96843,4,distracted,72,72,101,0,70,29,0,16,33,0
capture_01_ring_buffer.btsnoop,416.274965,4,distracted,72,72,101,0,70,29,0,16,33,0
capture_01_ring_buffer.btsnoop,416.624788,4,distracted,72,72,101,0,70,29,0,16,33,0
capture_01_ring_buffer.btsnoop,416.974744,4,distracted,72,72,101,0,70,29,0,16,33,0
capture_01_ring_buffer.btsnoop,417.324819,4,distracted,72,72,101,0,70,29,0,16,33,0
capture_01_ring_buffer.btsnoop,417.630902,4,distracted,72,72,101,0,70,29,0,16,33,0
capture_01_ring_buffer.btsnoop,417.980986,4,distracted,72,72,101,0,70,29,0,16,33,0
capture_01_ring_buffer.btsnoop,418.331196,4,distracted,72,72,101,0,70,29,0,16,33,0
capture_01_ring_buffer.btsnoop,418.637068,4,distracted,72,72,101,0,70,29,0,16,33,0
capture_01_ring_buffer.btsnoop,418.987324,4,distracted,72,72,101,0,70,29,0,16,33,0
capture_01_ring_buffer.btsnoop,419.337179,4,distracted,72,72,101,0,70,29,0,16,33,0
capture_01_ring_buffer.btsnoop,419.643652,4,distracted,72,72,101,0,70,29,0,16,33,0
capture_01_ring_buffer.btsnoop,419.993532,4,distracted,72,72,101,0,70,29,0,16,33,0
capture_01_ring_buffer.btsnoop,420.343721,4,distracted,72,72,101,0,70,29,0,16,33,0
capture_01_ring_buffer.btsnoop,420.649629,4,distracted,72,72,101,0,70,29,0,16,33,0
capture_01_ring_buffer.btsnoop,420.999724,4,distracted,72,72,101,0,70,29,0,16,33,0
capture_01_ring_buffer.btsnoop,421.34956,4,distracted,72,72,101,0,70,29,0,16,33,0
capture_01_ring_buffer.btsnoop,421.655783,4,distracted,72,72,101,0,70,29,0,16,33,0
capture_01_ring_buffer.btsnoop,422.006146,4,distracted,72,72,101,0,70,29,0,16,33,0
capture_01_ring_buffer.btsnoop,422.399579,4,distracted,72,72,101,0,70,29,0,16,33,0
capture_01_ring_buffer.btsnoop,422.70615,4,distracted,72,72,101,0,70,29,0,16,33,0
capture_01_ring_buffer.btsnoop,423.012176,4,distracted,72,72,101,0,70,29,0,16,33,0
capture_01_ring_buffer.btsnoop,423.362259,4,distracted,72,72,101,0,70,29,0,16,33,0
capture_01_ring_buffer.btsnoop,423.712148,4,distracted,72,72,101,0,70,29,0,16,33,0
capture_01_ring_buffer.btsnoop,424.018772,4,distracted,72,72,101,0,70,29,0,16,33,0
capture_01_ring_buffer.btsnoop,424.412079,4,distracted,72,72,101,0,70,29,0,16,33,0
capture_01_ring_buffer.btsnoop,424.718393,4,distracted,72,72,101,0,70,29,0,16,33,0
capture_01_ring_buffer.btsnoop,425.068521,4,distracted,72,72,101,0,70,29,0,16,33,0
capture_01_ring_buffer.btsnoop,425.462535,4,distracted,72,72,101,0,70,29,0,16,33,0
capture_01_ring_buffer.btsnoop,426.074917,4,distracted,72,72,101,0,70,29,0,16,39,0
capture_01_ring_buffer.btsnoop,426.425518,4,distracted,72,72,101,0,70,29,0,16,39,0
capture_01_ring_buffer.btsnoop,426.730846,4,distracted,72,72,101,0,70,29,0,16,39,0
capture_01_ring_buffer.btsnoop,427.080957,4,distracted,72,72,101,0,70,29,0,16,39,0
capture_01_ring_buffer.btsnoop,427.474946,4,distracted,72,72,101,0,70,29,0,16,39,0
capture_01_ring_buffer.btsnoop,428.087137,4,distracted,72,72,101,0,70,29,0,16,39,0
capture_01_ring_buffer.btsnoop,428.480987,4,distracted,72,72,101,0,70,29,0,16,39,0
capture_01_ring_buffer.btsnoop,429.093323,4,distracted,72,72,101,0,70,29,0,16,39,0
capture_01_ring_buffer.btsnoop,429.443395,4,distracted,72,72,101,0,70,29,0,16,39,0
capture_01_ring_buffer.btsnoop,429.749714,4,distracted,72,72,101,0,70,29,0,16,39,0
capture_01_ring_buffer.btsnoop,430.099778,4,distracted,72,72,101,0,70,29,0,16,39,0
capture_01_ring_buffer.btsnoop,430.493475,4,distracted,72,72,101,0,70,29,0,16,39,0
capture_01_ring_buffer.btsnoop,430.756037,4,distracted,72,72,101,0,70,29,0,16,39,0
capture_01_ring_buffer.btsnoop,431.106142,4,distracted,72,72,101,0,70,29,0,16,39,0
capture_01_ring_buffer.btsnoop,431.500023,4,distracted,72,72,101,0,70,29,0,16,39,0
capture_01_ring_buffer.btsnoop,431.805903,4,distracted,72,72,101,0,70,29,0,16,39,0
capture_01_ring_buffer.btsnoop,432.112978,4,distracted,72,72,101,0,70,29,0,16,39,0
capture_01_ring_buffer.btsnoop,432.506025,4,distracted,72,72,101,0,70,29,0,16,39,0
capture_01_ring_buffer.btsnoop,432.812239,4,distracted,72,72,101,0,70,29,0,16,39,0
capture_01_ring_buffer.btsnoop,433.118745,4,distracted,72,72,101,0,70,29,0,16,39,0
capture_01_ring_buffer.btsnoop,433.51231,4,distracted,72,72,101,0,70,29,0,16,39,0
capture_01_ring_buffer.btsnoop,433.819128,4,distracted,72,72,101,0,70,29,0,16,39,0
capture_01_ring_buffer.btsnoop,434.168367,4,distracted,72,72,101,0,70,29,0,16,39,0
capture_01_ring_buffer.btsnoop,434.474971,4,distracted,72,72,101,0,70,29,0,16,39,0
capture_01_ring_buffer.btsnoop,434.824787,4,distracted,72,72,101,0,70,29,0,16,39,0
capture_01_ring_buffer.btsnoop,435.17501,4,distracted,72,72,101,0,70,29,0,16,39,0
capture_01_ring_buffer.btsnoop,435.568431,4,distracted,72,36,118,0,70,29,0,16,39,0
capture_01_ring_buffer.btsnoop,436.181024,4,distracted,72,36,118,0,70,29,0,16,39,0
capture_01_ring_buffer.btsnoop,436.574837,4,distracted,72,40,130,0,70,29,0,16,39,0
capture_01_ring_buffer.btsnoop,437.187441,4,distracted,72,40,130,0,70,29,0,16,39,0
capture_01_ring_buffer.btsnoop,437.58118,4,distracted,72,44,138,0,70,29,0,16,39,0
capture_01_ring_buffer.btsnoop,438.193481,4,distracted,72,43,138,0,70,29,0,16,39,0
capture_01_ring_buffer.btsnoop,438.631493,4,distracted,72,42,138,0,70,29,0,16,39,0
capture_01_ring_buffer.btsnoop,439.243773,4,distracted,72,42,138,0,70,29,0,16,39,0
capture_01_ring_buffer.btsnoop,439.637327,4,distracted,72,42,138,0,70,29,0,16,39,0
capture_01_ring_buffer.btsnoop,439.943424,4,distracted,72,42,138,0,70,29,0,16,39,0
capture_01_ring_buffer.btsnoop,440.249746,4,distracted,72,43,138,0,70,29,0,16,39,0
capture_01_ring_buffer.btsnoop,440.599753,4,distracted,72,43,138,0,70,29,0,16,39,0
capture_01_ring_buffer.btsnoop,440.94972,4,distracted,72,43,138,0,70,29,0,16,39,0
capture_01_ring_buffer.btsnoop,441.255893,4,distracted,72,43,138,0,70,29,0,16,39,0
capture_01_ring_buffer.btsnoop,441.649831,4,distracted,72,43,138,0,70,29,0,16,39,0
capture_01_ring_buffer.btsnoop,441.955865,4,distracted,72,43,138,0,70,29,0,16,39,0
capture_01_ring_buffer.btsnoop,442.306218,4,distracted,72,44,138,0,70,29,0,16,39,0
capture_01_ring_buffer.btsnoop,442.656501,4,distracted,72,44,138,0,70,29,0,16,39,0
capture_01_ring_buffer.btsnoop,442.962299,4,distracted,72,44,138,0,70,29,0,16,39,0
capture_01_ring_buffer.btsnoop,443.312361,4,distracted,72,43,138,0,70,29,0,16,39,0
capture_01_ring_buffer.btsnoop,443.705996,4,distracted,72,43,138,0,70,29,0,16,39,0
capture_01_ring_buffer.btsnoop,444.31997,4,distracted,72,43,138,0,70,29,0,16,39,0
capture_01_ring_buffer.btsnoop,444.668563,4,distracted,72,43,138,0,70,29,0,16,39,0
capture_01_ring_buffer.btsnoop,444.975024,4,distracted,72,43,138,0,70,29,0,16,39,0
capture_01_ring_buffer.btsnoop,445.324801,4,distracted,72,41,138,0,70,29,0,16,39,0
capture_01_ring_buffer.btsnoop,445.675037,4,distracted,72,40,138,0,70,29,0,16,39,0
capture_01_ring_buffer.btsnoop,446.025011,4,distracted,72,40,138,0,70,29,0,16,39,0
capture_01_ring_buffer.btsnoop,446.332147,4,distracted,72,39,138,0,70,29,0,16,39,0
capture_01_ring_buffer.btsnoop,446.724861,4,distracted,72,39,138,0,70,29,0,16,39,0
capture_01_ring_buffer.btsnoop,447.030979,4,distracted,72,40,138,0,70,29,0,16,39,0
capture_01_ring_buffer.btsnoop,447.337287,4,distracted,72,40,138,0,70,29,0,16,39,0
capture_01_ring_buffer.btsnoop,447.731039,4,distracted,72,41,138,0,70,29,0,16,39,0
capture_01_ring_buffer.btsnoop,448.03743,4,distracted,72,41,138,0,70,29,0,16,39,0
capture_01_ring_buffer.btsnoop,448.34387,4,distracted,72,41,138,0,70,29,0,16,39,0
capture_01_ring_buffer.btsnoop,448.69346,4,distracted,72,41,138,0,70,29,0,16,39,0
capture_01_ring_buffer.btsnoop,449.043694,4,distracted,72,42,138,0,70,29,0,16,39,0
capture_01_ring_buffer.btsnoop,449.393852,4,distracted,72,41,138,0,70,29,0,16,39,0
capture_01_ring_buffer.btsnoop,449.743801,4,distracted,72,42,138,0,70,29,0,16,39,0
capture_01_ring_buffer.btsnoop,450.049947,4,distracted,72,42,138,0,70,29,0,16,39,0
capture_01_ring_buffer.btsnoop,450.399904,4,distracted,72,41,138,0,70,29,0,16,39,0
capture_01_ring_buffer.btsnoop,450.706152,4,distracted,72,40,138,0,70,29,0,16,39,0
capture_01_ring_buffer.btsnoop,451.056145,4,distracted,72,40,138,0,70,29,0,16,39,0
capture_01_ring_buffer.btsnoop,451.406069,4,distracted,72,40,138,0,70,29,0,16,39,0
capture_01_ring_buffer.btsnoop,451.755973,4,distracted,72,41,138,0,70,29,0,16,39,0
capture_01_ring_buffer.btsnoop,452.062512,4,distracted,72,41,138,0,70,29,0,16,39,0
capture_01_ring_buffer.btsnoop,452.412405,4,distracted,72,40,138,0,70,29,0,16,39,0
capture_01_ring_buffer.btsnoop,452.762476,4,distracted,72,40,138,0,70,29,0,16,39,0
capture_01_ring_buffer.btsnoop,453.068526,4,distracted,72,40,138,0,70,29,0,16,39,0
capture_01_ring_buffer.btsnoop,453.418975,4,distracted,72,40,138,0,70,29,0,16,39,0
capture_01_ring_buffer.btsnoop,453.768862,4,distracted,72,41,138,0,70,29,0,16,39,0
capture_01_ring_buffer.btsnoop,454.075042,4,distracted,72,41,138,0,70,29,0,16,39,0
capture_01_ring_buffer.btsnoop,454.424976,4,distracted,72,42,138,0,70,29,0,16,39,0
capture_01_ring_buffer.btsnoop,454.862524,4,distracted,72,51,135,0,70,29,0,16,39,0
capture_01_ring_buffer.btsnoop,455.431404,4,distracted,72,51,135,0,70,29,0,16,39,0
capture_01_ring_buffer.btsnoop,455.825018,4,distracted,51,51,111,0,70,29,0,16,39,0
capture_01_ring_buffer.btsnoop,456.131257,4,distracted,51,51,111,0,70,29,0,16,39,0
capture_01_ring_buffer.btsnoop,456.438447,4,distracted,51,51,111,0,70,29,0,16,39,0
capture_01_ring_buffer.btsnoop,456.787507,4,distracted,51,51,111,0,70,29,0,16,39,0
capture_01_ring_buffer.btsnoop,457.137668,4,distracted,50,51,111,0,70,29,0,16,39,0
capture_01_ring_buffer.btsnoop,457.444036,4,distracted,50,51,111,0,70,29,0,16,39,0
capture_01_ring_buffer.btsnoop,457.837365,4,distracted,50,51,111,0,70,29,0,16,39,0
capture_01_ring_buffer.btsnoop,458.143617,4,distracted,50,51,111,0,70,29,0,16,39,0
capture_01_ring_buffer.btsnoop,458.493621,4,distracted,50,51,111,0,70,29,0,16,39,0
capture_01_ring_buffer.btsnoop,458.843846,4,distracted,50,51,111,0,70,29,0,16,39,0
capture_01_ring_buffer.btsnoop,459.150434,4,distracted,50,51,111,0,70,29,0,16,39,0
capture_01_ring_buffer.btsnoop,459.499894,4,distracted,50,51,111,0,70,29,0,16,39,0
capture_01_ring_buffer.btsnoop,459.85001,4,distracted,50,51,111,0,70,29,0,16,39,0
capture_01_ring_buffer.btsnoop,460.156335,4,distracted,51,51,111,0,70,29,0,16,39,0
capture_01_ring_buffer.btsnoop,460.506057,4,distracted,51,51,111,0,70,29,0,16,39,0
capture_01_ring_buffer.btsnoop,460.856998,4,distracted,51,51,111,0,70,29,0,16,39,0
capture_01_ring_buffer.btsnoop,461.16267,4,distracted,51,51,111,0,70,29,0,16,39,0
capture_01_ring_buffer.btsnoop,461.512371,4,distracted,52,52,111,0,70,29,0,16,39,0
capture_01_ring_buffer.btsnoop,461.862544,4,distracted,52,52,111,0,70,29,0,16,39,0
capture_01_ring_buffer.btsnoop,462.168634,4,distracted,52,52,111,0,70,29,0,16,39,0
capture_01_ring_buffer.btsnoop,462.518869,4,distracted,52,52,111,0,70,29,0,16,39,0
capture_01_ring_buffer.btsnoop,462.956366,4,distracted,45,45,121,0,70,29,0,16,39,0
capture_01_ring_buffer.btsnoop,463.525028,4,distracted,44,44,121,0,70,29,0,16,39,0
capture_01_ring_buffer.btsnoop,463.918743,4,distracted,50,50,115,0,70,29,0,16,39,0
capture_01_ring_buffer.btsnoop,464.181152,4,distracted,50,50,115,0,70,29,0,16,39,0
capture_01_ring_buffer.btsnoop,464.531495,4,distracted,50,50,115,0,70,29,0,16,39,0
capture_01_ring_buffer.btsnoop,464.88121,4,distracted,50,50,115,0,70,29,0,16,39,0
capture_01_ring_buffer.btsnoop,465.231107,4,distracted,50,50,115,0,70,29,0,16,39,0
capture_01_ring_buffer.btsnoop,465.537586,4,distracted,50,50,115,0,70,29,0,16,39,0
capture_01_ring_buffer.btsnoop,465.931281,4,distracted,51,51,121,0,70,29,0,16,39,0
capture_01_ring_buffer.btsnoop,466.237776,4,distracted,51,51,121,0,70,29,0,16,39,0
capture_01_ring_buffer.btsnoop,466.543778,4,distracted,51,51,121,0,70,29,0,16,39,0
capture_01_ring_buffer.btsnoop,466.893639,4,distracted,51,51,113,0,70,29,0,16,39,0
capture_01_ring_buffer.btsnoop,467.243895,4,distracted,51,51,113,0,70,29,0,16,39,0
capture_01_ring_buffer.btsnoop,467.550279,4,distracted,51,51,113,0,70,29,0,16,39,0
capture_01_ring_buffer.btsnoop,467.943647,4,distracted,51,51,113,0,70,29,0,16,39,0
capture_01_ring_buffer.btsnoop,468.250521,4,distracted,51,51,113,0,70,29,0,16,39,0
capture_01_ring_buffer.btsnoop,468.600198,4,distracted,51,51,113,0,70,29,0,16,39,0
capture_01_ring_buffer.btsnoop,468.950151,4,distracted,51,51,113,0,70,29,0,16,39,0
capture_01_ring_buffer.btsnoop,469.256531,4,distracted,51,51,113,0,70,29,0,16,39,0
capture_01_ring_buffer.btsnoop,469.562683,4,distracted,51,51,113,0,70,29,0,16,39,0
capture_01_ring_buffer.btsnoop,469.956552,4,distracted,51,51,104,0,70,29,0,16,39,0
capture_01_ring_buffer.btsnoop,470.262738,4,distracted,51,51,104,0,70,29,0,16,39,0
capture_01_ring_buffer.btsnoop,470.568876,4,distracted,51,51,104,0,70,29,0,16,39,0
capture_01_ring_buffer.btsnoop,471.006302,4,distracted,51,51,104,0,70,29,0,16,39,0
capture_01_ring_buffer.btsnoop,471.57507,4,distracted,52,52,104,0,70,29,0,16,39,0
capture_01_ring_buffer.btsnoop,471.968706,4,distracted,52,52,104,0,70,29,0,16,39,0
capture_01_ring_buffer.btsnoop,472.275144,4,distracted,52,52,104,0,70,29,0,16,39,0
capture_01_ring_buffer.btsnoop,472.625048,4,distracted,52,52,104,0,70,29,0,16,39,0
capture_01_ring_buffer.btsnoop,472.931261,4,distracted,52,52,104,0,70,29,0,16,39,0
capture_01_ring_buffer.btsnoop,473.28133,4,distracted,52,52,104,0,70,29,0,16,39,0
capture_01_ring_buffer.btsnoop,473.631327,4,distracted,52,52,104,0,70,29,0,16,39,0
capture_01_ring_buffer.btsnoop,474.025131,4,distracted,52,52,104,0,70,29,0,16,39,0
capture_01_ring_buffer.btsnoop,474.287482,4,distracted,52,52,104,0,70,29,0,16,39,0
capture_01_ring_buffer.btsnoop,474.637543,4,distracted,52,52,104,0,70,29,0,16,39,0
capture_01_ring_buffer.btsnoop,474.987795,4,distracted,53,53,104,0,70,29,0,16,39,0
capture_01_ring_buffer.btsnoop,475.293856,4,distracted,53,53,104,0,70,29,0,16,39,0
capture_01_ring_buffer.btsnoop,475.644005,4,distracted,53,53,104,0,70,29,0,16,39,0
capture_01_ring_buffer.btsnoop,475.993762,4,distracted,53,53,104,0,70,29,0,16,39,0
capture_01_ring_buffer.btsnoop,476.300153,4,distracted,53,53,104,0,70,29,0,16,39,0
capture_01_ring_buffer.btsnoop,476.650076,4,distracted,53,53,104,0,70,29,0,16,39,0
capture_01_ring_buffer.btsnoop,477.04371,4,distracted,53,53,104,0,70,29,0,16,39,0
capture_01_ring_buffer.btsnoop,477.306801,4,distracted,53,53,104,0,70,29,0,16,39,0
capture_01_ring_buffer.btsnoop,477.656534,4,distracted,53,53,104,0,70,29,0,16,39,0
capture_01_ring_buffer.btsnoop,478.006429,4,distracted,53,53,104,0,70,29,0,16,39,0
capture_01_ring_buffer.btsnoop,478.356515,4,distracted,53,53,104,0,70,29,0,16,39,0
capture_01_ring_buffer.btsnoop,478.662901,4,distracted,53,53,104,0,70,29,0,16,39,0
capture_01_ring_buffer.btsnoop,479.100072,4,distracted,53,53,104,0,70,29,0,16,39,0
capture_01_ring_buffer.btsnoop,479.66886,4,distracted,53,53,104,0,70,29,0,16,39,0
capture_01_ring_buffer.btsnoop,480.01911,4,distracted,53,53,104,0,70,29,0,16,39,0
capture_01_ring_buffer.btsnoop,480.368871,4,distracted,53,53,104,0,70,29,0,16,39,0
capture_01_ring_buffer.btsnoop,480.675506,4,distracted,53,53,104,0,70,29,0,16,39,0
capture_01_ring_buffer.btsnoop,481.068969,4,distracted,53,53,104,0,70,29,0,16,39,0
capture_01_ring_buffer.btsnoop,481.375172,4,distracted,53,53,104,0,70,29,0,16,39,0
capture_01_ring_buffer.btsnoop,481.725143,4,distracted,53,53,104,0,70,29,0,16,39,0
capture_01_ring_buffer.btsnoop,482.118921,4,distracted,54,54,113,0,70,29,0,16,39,0
capture_01_ring_buffer.btsnoop,482.381353,4,distracted,55,55,113,0,70,29,0,16,39,0
capture_01_ring_buffer.btsnoop,482.731452,4,distracted,55,55,113,0,70,29,0,16,39,0
capture_01_ring_buffer.btsnoop,483.081661,4,distracted,55,55,113,0,70,29,0,16,39,0
capture_01_ring_buffer.btsnoop,483.43154,4,distracted,55,55,113,0,70,29,0,16,39,0
capture_01_ring_buffer.btsnoop,483.737789,4,distracted,55,55,113,0,70,29,0,16,39,0
capture_01_ring_buffer.btsnoop,484.087498,4,distracted,55,55,113,0,70,29,0,16,39,0
capture_01_ring_buffer.btsnoop,484.437729,4,distracted,56,56,113,0,70,29,0,16,39,0
capture_01_ring_buffer.btsnoop,484.743879,4,distracted,56,56,113,0,70,29,0,16,39,0
capture_01_ring_buffer.btsnoop,485.093843,4,distracted,56,56,113,0,70,29,0,16,39,0
capture_01_ring_buffer.btsnoop,485.443814,4,distracted,56,56,113,0,70,29,0,16,39,0
capture_01_ring_buffer.btsnoop,485.750188,4,distracted,56,56,113,0,70,29,0,16,39,0
capture_01_ring_buffer.btsnoop,486.187975,4,distracted,56,56,113,0,70,29,0,16,39,0
capture_01_ring_buffer.btsnoop,486.800381,4,distracted,56,56,113,0,70,17,0,16,47,0
capture_01_ring_buffer.btsnoop,487.106658,4,distracted,56,56,113,0,70,17,0,16,47,0
capture_01_ring_buffer.btsnoop,487.456475,4,distracted,56,56,113,0,70,17,0,16,47,0
capture_01_ring_buffer.btsnoop,487.806591,4,distracted,56,55,113,0,70,17,0,16,47,0
capture_01_ring_buffer.btsnoop,488.200227,4,distracted,60,59,113,0,70,17,0,16,47,0
capture_01_ring_buffer.btsnoop,488.812807,4,distracted,61,59,113,0,70,17,0,16,47,0
capture_01_ring_buffer.btsnoop,489.250076,4,distracted,67,64,113,0,70,17,0,16,47,0
capture_01_ring_buffer.btsnoop,489.819301,4,distracted,67,64,113,0,70,17,0,16,47,0
capture_01_ring_buffer.btsnoop,490.168946,4,distracted,67,64,113,0,70,17,0,16,47,0
capture_01_ring_buffer.btsnoop,490.475797,4,distracted,67,64,113,0,70,17,0,16,47,0
capture_01_ring_buffer.btsnoop,490.82528,4,distracted,67,64,113,0,70,17,0,16,47,0
capture_01_ring_buffer.btsnoop,491.175074,4,distracted,67,64,113,0,70,17,0,16,47,0
capture_01_ring_buffer.btsnoop,491.481353,4,distracted,67,65,113,0,70,17,0,16,47,0
capture_01_ring_buffer.btsnoop,491.831579,4,distracted,67,65,113,0,70,17,0,16,47,0
capture_01_ring_buffer.btsnoop,492.225308,4,distracted,67,65,113,0,70,17,0,16,47,0
capture_01_ring_buffer.btsnoop,492.487778,4,distracted,67,65,113,0,70,17,0,16,47,0
capture_01_ring_buffer.btsnoop,492.837706,4,distracted,67,65,113,0,70,17,0,16,47,0
capture_01_ring_buffer.btsnoop,493.231592,4,distracted,67,65,113,0,70,17,0,16,47,0
capture_01_ring_buffer.btsnoop,493.537944,4,distracted,67,65,113,0,70,17,0,16,47,0
capture_01_ring_buffer.btsnoop,493.843919,4,distracted,67,65,113,0,70,17,0,16,47,0
capture_01_ring_buffer.btsnoop,494.194211,4,distracted,68,65,113,0,70,17,0,16,47,0
capture_01_ring_buffer.btsnoop,494.544015,4,distracted,68,65,113,0,70,17,0,16,47,0
capture_01_ring_buffer.btsnoop,494.850168,4,distracted,68,65,113,0,70,17,0,16,47,0
capture_01_ring_buffer.btsnoop,495.243972,4,distracted,68,65,140,0,70,17,0,16,47,0
capture_01_ring_buffer.btsnoop,495.50753,4,distracted,68,65,140,0,70,17,0,16,47,0
capture_01_ring_buffer.btsnoop,495.856379,4,distracted,68,65,140,0,70,17,0,16,47,0
capture_01_ring_buffer.btsnoop,496.294062,4,distracted,71,69,110,0,70,17,0,16,47,0
capture_01_ring_buffer.btsnoop,496.906608,4,distracted,71,69,110,0,70,17,0,16,47,0
capture_01_ring_buffer.btsnoop,497.212916,4,distracted,71,69,110,0,70,17,0,16,47,0
capture_01_ring_buffer.btsnoop,497.562832,4,distracted,71,69,110,0,70,17,0,16,47,0
capture_01_ring_buffer.btsnoop,497.912844,4,distracted,71,69,110,0,70,17,0,16,47,0
capture_01_ring_buffer.btsnoop,498.262827,4,distracted,71,69,110,0,70,17,0,16,47,0
capture_01_ring_buffer.btsnoop,498.568917,4,distracted,71,69,110,0,70,17,0,16,47,0
capture_01_ring_buffer.btsnoop,498.918945,4,distracted,71,69,110,0,70,17,0,16,47,0
capture_01_ring_buffer.btsnoop,499.312703,4,distracted,55,69,134,0,70,17,0,16,47,0
capture_01_ring_buffer.btsnoop,499.925471,4,distracted,55,69,134,0,70,17,0,16,47,0
capture_01_ring_buffer.btsnoop,500.318937,4,distracted,58,69,144,0,70,17,0,16,47,0
capture_01_ring_buffer.btsnoop,500.581577,4,distracted,58,69,144,0,70,17,0,16,47,0
capture_01_ring_buffer.btsnoop,500.931786,4,distracted,58,69,144,0,70,17,0,16,47,0
capture_01_ring_buffer.btsnoop,501.281668,4,distracted,58,69,144,0,70,17,0,16,47,0
capture_01_ring_buffer.btsnoop,501.588039,4,distracted,58,69,144,0,70,17,0,16,47,0
capture_01_ring_buffer.btsnoop,501.937768,4,distracted,58,69,144,0,70,17,0,16,47,0
capture_01_ring_buffer.btsnoop,502.287922,4,distracted,59,69,144,0,70,17,0,16,47,0
capture_01_ring_buffer.btsnoop,502.593934,4,distracted,59,69,144,0,70,17,0,16,47,0
capture_01_ring_buffer.btsnoop,502.944192,4,distracted,58,69,144,0,70,17,0,16,47,0
capture_01_ring_buffer.btsnoop,503.294177,4,distracted,58,69,144,0,70,17,0,16,47,0
capture_01_ring_buffer.btsnoop,503.644148,4,distracted,58,69,144,0,70,17,0,16,47,0
capture_01_ring_buffer.btsnoop,503.950238,4,distracted,58,69,144,0,70,17,0,16,47,0
capture_01_ring_buffer.btsnoop,504.388123,4,distracted,58,55,152,0,70,17,0,16,47,0
capture_01_ring_buffer.btsnoop,505.000302,4,distracted,58,54,152,0,70,17,0,16,47,0
capture_01_ring_buffer.btsnoop,505.30675,4,distracted,58,53,152,0,70,17,0,16,47,0
capture_01_ring_buffer.btsnoop,505.656494,4,distracted,58,53,152,0,70,17,0,16,47,0
capture_01_ring_buffer.btsnoop,506.006569,4,distracted,58,54,152,0,70,17,0,16,47,0
capture_01_ring_buffer.btsnoop,506.401127,4,distracted,58,54,152,0,70,17,0,16,47,0
capture_01_ring_buffer.btsnoop,507.012985,4,distracted,58,54,152,0,70,17,0,16,47,0
capture_01_ring_buffer.btsnoop,507.406574,4,distracted,58,54,152,0,70,17,0,16,47,0
capture_01_ring_buffer.btsnoop,508.019108,4,distracted,58,54,152,0,70,17,0,16,47,0
capture_01_ring_buffer.btsnoop,508.413259,4,distracted,58,54,152,0,70,17,0,16,47,0
capture_01_ring_buffer.btsnoop,509.025613,4,distracted,58,53,152,0,70,17,0,16,47,0
capture_01_ring_buffer.btsnoop,509.375267,4,distracted,58,53,152,0,70,17,0,16,47,0
capture_01_ring_buffer.btsnoop,509.681568,4,distracted,58,53,152,0,70,17,0,16,47,0
capture_01_ring_buffer.btsnoop,510.031637,4,distracted,58,54,152,0,70,17,0,16,47,0
capture_01_ring_buffer.btsnoop,510.425528,4,distracted,58,54,152,0,70,17,0,16,47,0
capture_01_ring_buffer.btsnoop,510.6878,4,distracted,58,54,152,0,70,17,0,16,47,0
capture_01_ring_buffer.btsnoop,511.037796,4,distracted,58,53,152,0,70,17,0,16,47,0
capture_01_ring_buffer.btsnoop,511.387855,4,distracted,58,52,152,0,70,17,0,16,47,0
capture_01_ring_buffer.btsnoop,511.694059,4,distracted,58,53,152,0,70,17,0,16,47,0
capture_01_ring_buffer.btsnoop,512.044322,4,distracted,58,53,152,0,70,17,0,16,47,0
capture_01_ring_buffer.btsnoop,512.48171,4,distracted,16,53,218,0,70,17,0,16,47,0
capture_01_ring_buffer.btsnoop,513.050369,4,distracted,16,53,218,0,70,17,0,16,47,0
capture_01_ring_buffer.btsnoop,513.40056,4,distracted,16,53,218,0,70,17,0,16,47,0
capture_01_ring_buffer.btsnoop,513.750502,4,distracted,16,53,218,0,70,17,0,16,47,0
capture_01_ring_buffer.btsnoop,514.1006,4,distracted,16,53,218,0,70,17,0,16,47,0
capture_01_ring_buffer.btsnoop,514.45023,4,distracted,16,53,218,0,70,17,0,16,47,0
capture_01_ring_buffer.btsnoop,514.756905,4,distracted,16,53,218,0,70,17,0,16,47,0
capture_01_ring_buffer.btsnoop,515.10671,4,distracted,16,53,218,0,70,17,0,16,47,0
capture_01_ring_buffer.btsnoop,515.456597,4,distracted,16,53,218,0,70,17,0,16,47,0
capture_01_ring_buffer.btsnoop,515.763042,4,distracted,16,53,218,0,70,17,0,16,47,0
capture_01_ring_buffer.btsnoop,516.112823,4,distracted,16,53,218,0,70,17,0,16,47,0
capture_01_ring_buffer.btsnoop,516.464284,4,distracted,16,53,218,0,70,17,0,16,47,0
capture_01_ring_buffer.btsnoop,516.81269,4,distracted,16,53,218,0,70,17,0,16,47,0
capture_01_ring_buffer.btsnoop,517.119288,7,stressed,16,53,218,0,70,17,0,16,47,0
capture_01_ring_buffer.btsnoop,517.512745,7,stressed,17,53,218,0,70,17,0,16,47,0
capture_01_ring_buffer.btsnoop,518.125982,7,stressed,17,53,218,0,70,17,0,16,47,0
capture_01_ring_buffer.btsnoop,518.519193,7,stressed,17,53,218,0,70,17,0,16,47,0
capture_01_ring_buffer.btsnoop,518.825226,7,stressed,17,53,218,0,70,17,0,16,47,0
capture_01_ring_buffer.btsnoop,519.131504,7,stressed,17,53,218,0,70,17,0,16,47,0
capture_01_ring_buffer.btsnoop,519.481956,7,stressed,17,53,218,0,70,17,0,16,47,0
capture_01_ring_buffer.btsnoop,519.831596,7,stressed,17,16,218,0,70,17,0,16,47,0
capture_01_ring_buffer.btsnoop,520.13767,7,stressed,17,16,218,0,70,17,0,16,47,0
capture_01_ring_buffer.btsnoop,520.532414,7,stressed,17,16,218,0,70,17,0,16,47,0
capture_01_ring_buffer.btsnoop,520.8378,7,stressed,17,16,218,0,70,17,0,16,47,0
capture_01_ring_buffer.btsnoop,521.144561,7,stressed,17,16,218,0,70,17,0,16,47,0
capture_01_ring_buffer.btsnoop,521.494386,7,stressed,17,16,218,0,70,17,0,16,47,0
capture_01_ring_buffer.btsnoop,521.844216,7,stressed,17,16,218,0,70,17,0,16,47,0
capture_01_ring_buffer.btsnoop,522.194104,7,stressed,17,16,218,0,70,17,0,16,47,0
capture_01_ring_buffer.btsnoop,522.588099,7,stressed,17,16,218,0,70,17,0,16,47,0
capture_01_ring_buffer.btsnoop,523.200549,7,stressed,17,16,218,0,70,17,0,16,47,0
capture_01_ring_buffer.btsnoop,523.550527,7,stressed,17,16,218,0,70,17,0,16,47,0
capture_01_ring_buffer.btsnoop,523.85701,7,stressed,17,16,218,0,70,17,0,16,47,0
capture_01_ring_buffer.btsnoop,524.206854,7,stressed,17,16,218,0,70,17,0,16,47,0
capture_01_ring_buffer.btsnoop,524.556786,7,stressed,17,16,218,0,70,17,0,16,47,0
capture_01_ring_buffer.btsnoop,524.863126,7,stressed,17,16,218,0,70,17,0,16,47,0
capture_01_ring_buffer.btsnoop,525.213044,7,stressed,17,16,218,0,70,17,0,16,47,0
capture_01_ring_buffer.btsnoop,525.563215,7,stressed,17,16,218,0,70,17,0,16,47,0
capture_01_ring_buffer.btsnoop,525.869286,7,stressed,17,16,218,0,70,17,0,16,47,0
capture_01_ring_buffer.btsnoop,526.219192,7,stressed,17,16,218,0,70,17,0,16,47,0
capture_01_ring_buffer.btsnoop,526.569452,7,stressed,17,16,218,0,70,17,0,16,47,0
capture_01_ring_buffer.btsnoop,526.875404,7,stressed,17,17,218,0,70,17,0,16,47,0
capture_01_ring_buffer.btsnoop,527.225568,7,stressed,17,17,218,0,70,17,0,16,47,0
capture_01_ring_buffer.btsnoop,527.619498,7,stressed,17,17,218,0,70,17,0,16,47,0
capture_01_ring_buffer.btsnoop,527.92532,7,stressed,17,17,218,0,70,17,0,16,47,0
capture_01_ring_buffer.btsnoop,528.231706,7,stressed,17,17,218,0,70,17,0,16,47,0
capture_01_ring_buffer.btsnoop,528.581829,7,stressed,17,17,218,0,70,17,0,16,47,0
capture_01_ring_buffer.btsnoop,528.93169,7,stressed,17,17,218,0,70,17,0,16,47,0
capture_01_ring_buffer.btsnoop,529.238041,7,stressed,17,17,218,0,70,17,0,16,47,0
capture_01_ring_buffer.btsnoop,529.631859,7,stressed,17,17,218,0,70,17,0,16,47,0
capture_01_ring_buffer.btsnoop,529.93805,7,stressed,17,17,218,0,70,17,0,16,47,0
capture_01_ring_buffer.btsnoop,530.287968,7,stressed,17,17,218,0,70,17,0,16,47,0
capture_01_ring_buffer.btsnoop,530.681874,7,stressed,18,18,218,0,70,17,0,16,47,0
capture_01_ring_buffer.btsnoop,531.337985,7,stressed,18,18,218,0,70,17,0,16,47,0
capture_01_ring_buffer.btsnoop,531.950623,7,stressed,74,76,218,0,70,17,0,16,47,0
capture_01_ring_buffer.btsnoop,532.300726,7,stressed,74,74,218,0,70,17,0,16,47,0
capture_01_ring_buffer.btsnoop,532.606848,7,stressed,74,73,218,0,70,17,0,16,47,0
capture_01_ring_buffer.btsnoop,532.957221,7,stressed,74,73,218,0,70,17,0,16,47,0
capture_01_ring_buffer.btsnoop,533.307056,7,stressed,74,73,218,0,70,17,0,16,47,0
capture_01_ring_buffer.btsnoop,533.656637,7,stressed,74,76,218,0,70,17,0,16,47,0
capture_01_ring_buffer.btsnoop,533.963897,7,stressed,74,76,218,0,70,17,0,16,47,0
capture_01_ring_buffer.btsnoop,534.312992,7,stressed,74,76,218,0,70,17,0,16,47,0
capture_01_ring_buffer.btsnoop,534.707501,7,stressed,74,70,218,0,70,17,0,16,47,0
capture_01_ring_buffer.btsnoop,535.319208,7,stressed,74,70,218,0,70,17,0,16,47,0
capture_01_ring_buffer.btsnoop,535.669294,7,stressed,74,70,218,0,70,17,0,16,47,0
capture_01_ring_buffer.btsnoop,535.975614,7,stressed,74,70,218,0,70,17,0,16,47,0
capture_01_ring_buffer.btsnoop,536.326695,7,stressed,74,70,218,0,70,17,0,16,47,0
capture_01_ring_buffer.btsnoop,536.675652,7,stressed,74,70,218,0,70,17,0,16,47,0
capture_01_ring_buffer.btsnoop,537.025585,7,stressed,74,70,218,0,70,17,0,16,47,0
capture_01_ring_buffer.btsnoop,537.332151,7,stressed,74,70,218,0,70,17,0,16,47,0
capture_01_ring_buffer.btsnoop,537.769332,7,stressed,75,79,185,0,70,17,0,16,47,0
capture_01_ring_buffer.btsnoop,538.338136,7,stressed,76,80,185,0,70,17,0,16,47,0
capture_01_ring_buffer.btsnoop,538.731932,7,stressed,76,80,185,0,70,17,0,16,47,0
capture_01_ring_buffer.btsnoop,539.038222,7,stressed,76,80,185,0,70,17,0,16,47,0
capture_01_ring_buffer.btsnoop,539.388234,7,stressed,76,80,185,0,70,17,0,16,47,0
capture_01_ring_buffer.btsnoop,539.737913,7,stressed,77,80,185,0,70,17,0,16,47,0
capture_01_ring_buffer.btsnoop,540.044281,7,stressed,77,80,185,0,70,17,0,16,47,0
capture_01_ring_buffer.btsnoop,540.394772,7,stressed,77,80,185,0,70,17,0,16,47,0
capture_01_ring_buffer.btsnoop,540.788073,7,stressed,75,80,171,0,70,17,0,16,47,0
capture_01_ring_buffer.btsnoop,541.400693,7,stressed,75,80,171,0,70,17,0,16,47,0
capture_01_ring_buffer.btsnoop,541.7069,7,stressed,75,80,171,0,70,17,0,16,47,0
capture_01_ring_buffer.btsnoop,542.056822,7,stressed,75,80,171,0,70,17,0,16,47,0
capture_01_ring_buffer.btsnoop,542.407008,7,stressed,75,80,171,0,70,17,0,16,47,0
capture_01_ring_buffer.btsnoop,542.757073,7,stressed,75,80,171,0,70,17,0,16,47,0
capture_01_ring_buffer.btsnoop,543.063358,7,stressed,75,80,171,0,70,17,0,16,47,0
capture_01_ring_buffer.btsnoop,543.415805,7,stressed,75,80,171,0,70,17,0,16,47,0
capture_01_ring_buffer.btsnoop,543.806841,7,stressed,75,80,171,0,70,17,0,16,47,0
capture_01_ring_buffer.btsnoop,544.419355,7,stressed,75,80,171,0,70,17,0,16,47,0
capture_01_ring_buffer.btsnoop,544.813292,7,stressed,75,80,171,0,70,17,0,16,47,0
capture_01_ring_buffer.btsnoop,545.425736,7,stressed,75,80,171,0,70,17,0,16,47,0
capture_01_ring_buffer.btsnoop,545.819463,7,stressed,71,78,188,0,70,17,0,16,47,0
capture_01_ring_buffer.btsnoop,546.125833,7,stressed,71,78,188,0,70,17,0,16,47,0
capture_01_ring_buffer.btsnoop,546.432877,7,stressed,71,78,188,0,70,17,0,16,47,0
capture_01_ring_buffer.btsnoop,546.869418,7,stressed,71,77,188,0,70,17,0,16,47,0
capture_01_ring_buffer.btsnoop,547.438168,7,stressed,71,77,188,0,70,60,0,16,53,0
capture_01_ring_buffer.btsnoop,547.832368,7,stressed,71,78,188,0,70,60,0,16,53,0
capture_01_ring_buffer.btsnoop,548.138116,7,stressed,71,78,188,0,70,60,0,16,53,0
capture_01_ring_buffer.btsnoop,548.48835,7,stressed,71,78,188,0,70,60,0,16,53,0
capture_01_ring_buffer.btsnoop,548.794297,7,stressed,71,78,188,0,70,60,0,16,53,0
capture_01_ring_buffer.btsnoop,549.144732,7,stressed,72,78,188,0,70,60,0,16,53,0
capture_01_ring_buffer.btsnoop,549.494495,7,stressed,71,78,188,0,70,60,0,16,53,0
capture_01_ring_buffer.btsnoop,549.844541,7,stressed,71,78,188,0,70,60,0,16,53,0
capture_01_ring_buffer.btsnoop,550.151165,7,stressed,71,78,188,0,70,60,0,16,53,0
capture_01_ring_buffer.btsnoop,550.500896,7,stressed,71,78,188,0,70,60,0,16,53,0
capture_01_ring_buffer.btsnoop,550.806963,7,stressed,72,78,188,0,70,60,0,16,53,0
capture_01_ring_buffer.btsnoop,551.156953,7,stressed,72,78,188,0,70,60,0,16,53,0
capture_01_ring_buffer.btsnoop,551.507165,7,stressed,72,78,188,0,70,60,0,16,53,0
capture_01_ring_buffer.btsnoop,551.857094,7,stressed,72,78,188,0,70,60,0,16,53,0
capture_01_ring_buffer.btsnoop,552.163319,7,stressed,72,78,188,0,70,60,0,16,53,0
capture_01_ring_buffer.btsnoop,552.513264,7,stressed,72,78,188,0,70,60,0,16,53,0
capture_01_ring_buffer.btsnoop,552.863092,7,stressed,72,78,188,0,70,60,0,16,53,0
capture_01_ring_buffer.btsnoop,553.213242,7,stressed,72,78,188,0,70,60,0,16,53,0
capture_01_ring_buffer.btsnoop,553.519714,7,stressed,72,78,188,0,70,60,0,16,53,0
capture_01_ring_buffer.btsnoop,553.956876,7,stressed,73,78,165,0,70,60,0,16,53,0
capture_01_ring_buffer.btsnoop,554.525756,7,stressed,74,78,165,0,70,60,0,16,53,0
capture_01_ring_buffer.btsnoop,554.875634,7,stressed,74,78,165,0,70,60,0,16,53,0
capture_01_ring_buffer.btsnoop,555.226081,7,stressed,74,78,165,0,70,60,0,16,53,0
capture_01_ring_buffer.btsnoop,555.532009,7,stressed,74,78,165,0,70,60,0,16,53,0
capture_01_ring_buffer.btsnoop,555.881835,7,stressed,74,78,165,0,70,60,0,16,53,0
capture_01_ring_buffer.btsnoop,556.275739,7,stressed,74,78,165,0,70,60,0,16,53,0
capture_01_ring_buffer.btsnoop,556.888119,7,stressed,74,79,165,0,70,60,0,16,53,0
capture_01_ring_buffer.btsnoop,557.238707,7,stressed,74,79,165,0,70,60,0,16,53,0
capture_01_ring_buffer.btsnoop,557.588092,7,stressed,74,79,165,0,70,60,0,16,53,0
capture_01_ring_buffer.btsnoop,557.938718,7,stressed,74,74,165,0,70,60,0,16,53,0
capture_01_ring_buffer.btsnoop,558.244493,7,stressed,74,74,165,0,70,60,0,16,53,0
capture_01_ring_buffer.btsnoop,558.594547,4,distracted,74,74,165,0,70,60,0,16,53,0
capture_01_ring_buffer.btsnoop,558.988499,4,distracted,65,76,121,0,70,60,0,16,53,0
capture_01_ring_buffer.btsnoop,559.600761,4,distracted,65,76,121,0,70,60,0,16,53,0
capture_01_ring_buffer.btsnoop,559.950783,4,distracted,66,76,121,0,70,60,0,16,53,0
capture_01_ring_buffer.btsnoop,560.257021,4,distracted,65,76,121,0,70,60,0,16,53,0
capture_01_ring_buffer.btsnoop,560.606885,4,distracted,65,76,121,0,70,60,0,16,53,0
capture_01_ring_buffer.btsnoop,560.95724,4,distracted,65,76,121,0,70,60,0,16,53,0
capture_01_ring_buffer.btsnoop,561.263174,4,distracted,65,76,121,0,70,60,0,16,53,0
capture_01_ring_buffer.btsnoop,561.613505,4,distracted,65,75,121,0,70,60,0,16,53,0
capture_01_ring_buffer.btsnoop,562.007027,4,distracted,63,75,106,0,70,60,0,16,53,0
capture_01_ring_buffer.btsnoop,562.619441,4,distracted,63,75,106,0,70,60,0,16,53,0
capture_01_ring_buffer.btsnoop,562.96951,4,distracted,64,75,106,0,70,60,0,16,53,0
capture_01_ring_buffer.btsnoop,563.275783,4,distracted,64,76,106,0,70,60,0,16,53,0
capture_01_ring_buffer.btsnoop,563.625685,4,distracted,63,75,106,0,70,60,0,16,53,0
capture_01_ring_buffer.btsnoop,564.019813,4,distracted,64,75,106,0,70,60,0,16,53,0
capture_01_ring_buffer.btsnoop,564.325701,4,distracted,64,76,106,0,70,60,0,16,53,0
capture_01_ring_buffer.btsnoop,564.632086,4,distracted,64,76,106,0,70,60,0,16,53,0
capture_01_ring_buffer.btsnoop,565.069355,4,distracted,64,89,113,0,70,60,0,16,53,0
capture_01_ring_buffer.btsnoop,565.638408,4,distracted,65,89,113,0,70,60,0,16,53,0
capture_01_ring_buffer.btsnoop,566.032101,4,distracted,69,82,150,0,70,60,0,16,53,0
capture_01_ring_buffer.btsnoop,566.339498,4,distracted,69,82,150,0,70,60,0,16,53,0
capture_01_ring_buffer.btsnoop,566.644686,4,distracted,69,82,150,0,70,60,0,16,53,0
capture_01_ring_buffer.btsnoop,567.03815,4,distracted,69,69,124,0,70,60,0,16,53,0
capture_01_ring_buffer.btsnoop,567.344789,4,distracted,69,69,124,0,70,60,0,16,53,0
capture_01_ring_buffer.btsnoop,567.650926,4,distracted,69,69,124,0,70,60,0,16,53,0
capture_01_ring_buffer.btsnoop,568.044586,4,distracted,69,69,124,0,70,60,0,16,53,0
capture_01_ring_buffer.btsnoop,568.351035,4,distracted,69,68,124,0,70,60,0,16,53,0
capture_01_ring_buffer.btsnoop,568.701034,4,distracted,69,69,124,0,70,60,0,16,53,0
capture_01_ring_buffer.btsnoop,569.050971,4,distracted,69,69,141,0,70,60,0,16,53,0
capture_01_ring_buffer.btsnoop,569.357255,4,distracted,69,69,141,0,70,60,0,16,53,0
capture_01_ring_buffer.btsnoop,569.663336,4,distracted,69,69,141,0,70,60,0,16,53,0
capture_01_ring_buffer.btsnoop,570.100902,4,distracted,69,69,109,0,70,60,0,16,53,0
capture_01_ring_buffer.btsnoop,570.713222,4,distracted,69,69,109,0,70,60,0,16,53,0
capture_01_ring_buffer.btsnoop,571.063504,4,distracted,69,69,109,0,70,60,0,16,53,0
capture_01_ring_buffer.btsnoop,571.369798,4,distracted,69,69,109,0,70,60,0,16,53,0
capture_01_ring_buffer.btsnoop,571.719637,4,distracted,69,69,109,0,70,60,0,16,53,0
capture_01_ring_buffer.btsnoop,572.069702,4,distracted,69,69,109,0,70,60,0,16,53,0
capture_01_ring_buffer.btsnoop,572.37596,4,distracted,69,69,109,0,70,60,0,16,53,0
capture_01_ring_buffer.btsnoop,572.726242,4,distracted,69,69,109,0,70,60,0,16,53,0
capture_01_ring_buffer.btsnoop,573.119402,4,distracted,69,69,109,0,70,60,0,16,53,0
capture_01_ring_buffer.btsnoop,573.38218,4,distracted,69,69,109,0,70,60,0,16,53,0
capture_01_ring_buffer.btsnoop,573.732159,4,distracted,69,69,109,0,70,60,0,16,53,0
capture_01_ring_buffer.btsnoop,574.082158,4,distracted,69,69,109,0,70,60,0,16,53,0
capture_01_ring_buffer.btsnoop,574.432154,4,distracted,69,69,109,0,70,60,0,16,53,0
capture_01_ring_buffer.btsnoop,574.738251,4,distracted,69,69,109,0,70,60,0,16,53,0
capture_01_ring_buffer.btsnoop,575.088454,4,distracted,69,69,109,0,70,60,0,16,53,0
capture_01_ring_buffer.btsnoop,575.438526,4,distracted,69,69,109,0,70,60,0,16,53,0
capture_01_ring_buffer.btsnoop,575.744821,4,distracted,69,69,109,0,70,60,0,16,53,0
capture_01_ring_buffer.btsnoop,576.138384,4,distracted,69,69,109,0,70,60,0,16,53,0
capture_01_ring_buffer.btsnoop,576.445621,4,distracted,69,69,109,0,70,60,0,16,53,0
capture_01_ring_buffer.btsnoop,576.750718,4,distracted,69,69,109,0,70,60,0,16,53,0
capture_01_ring_buffer.btsnoop,577.144655,4,distracted,69,69,110,0,70,60,0,16,53,0
capture_01_ring_buffer.btsnoop,577.45125,4,distracted,69,69,110,0,70,60,0,16,53,0
capture_01_ring_buffer.btsnoop,577.801048,4,distracted,69,69,110,0,70,60,0,16,53,0
capture_01_ring_buffer.btsnoop,578.150978,4,distracted,69,69,110,0,70,60,0,16,53,0
capture_01_ring_buffer.btsnoop,578.457167,4,distracted,69,69,110,0,70,60,0,16,53,0
capture_01_ring_buffer.btsnoop,578.807111,4,distracted,69,69,110,0,70,60,0,16,53,0
capture_01_ring_buffer.btsnoop,579.157037,4,distracted,69,69,110,0,70,60,0,16,53,0
capture_01_ring_buffer.btsnoop,579.463525,4,distracted,69,69,110,0,70,60,0,16,53,0
capture_01_ring_buffer.btsnoop,579.813435,4,distracted,69,69,110,0,70,60,0,16,53,0
capture_01_ring_buffer.btsnoop,580.163656,4,distracted,69,69,138,0,70,60,0,16,53,0
capture_01_ring_buffer.btsnoop,580.46975,4,distracted,69,69,138,0,70,60,0,16,53,0
capture_01_ring_buffer.btsnoop,580.819582,4,distracted,69,69,138,0,70,60,0,16,53,0
capture_01_ring_buffer.btsnoop,581.169552,4,distracted,69,69,113,0,70,60,0,16,53,0
capture_01_ring_buffer.btsnoop,581.476047,4,distracted,69,69,113,0,70,60,0,16,53,0
capture_01_ring_buffer.btsnoop,581.825867,4,distracted,69,69,113,0,70,60,0,16,53,0
capture_01_ring_buffer.btsnoop,582.219644,4,distracted,69,69,151,0,70,60,0,16,53,0
capture_01_ring_buffer.btsnoop,582.482259,4,distracted,69,69,151,0,70,60,0,16,53,0
capture_01_ring_buffer.btsnoop,582.832069,4,distracted,69,69,151,0,70,60,0,16,53,0
capture_01_ring_buffer.btsnoop,583.225939,4,distracted,69,69,151,0,70,60,0,16,53,0
capture_01_ring_buffer.btsnoop,583.488336,4,distracted,69,69,151,0,70,60,0,16,53,0
capture_01_ring_buffer.btsnoop,583.838598,4,distracted,69,69,151,0,70,60,0,16,53,0
capture_01_ring_buffer.btsnoop,584.18848,4,distracted,69,69,151,0,70,60,0,16,53,0
capture_01_ring_buffer.btsnoop,584.53838,4,distracted,69,69,151,0,70,60,0,16,53,0
capture_01_ring_buffer.btsnoop,584.844874,4,distracted,69,69,151,0,70,60,0,16,53,0
capture_01_ring_buffer.btsnoop,585.238589,4,distracted,69,69,151,0,70,60,0,16,53,0
capture_01_ring_buffer.btsnoop,585.544662,4,distracted,69,69,151,0,70,60,0,16,53,0
capture_01_ring_buffer.btsnoop,585.851094,4,distracted,69,69,151,0,70,60,0,16,53,0
capture_01_ring_buffer.btsnoop,586.288452,4,distracted,69,69,151,0,70,60,0,16,53,0
capture_01_ring_buffer.btsnoop,586.901141,4,distracted,69,69,151,0,70,60,0,16,53,0
capture_01_ring_buffer.btsnoop,587.250996,4,distracted,69,69,151,0,70,60,0,16,53,0
capture_01_ring_buffer.btsnoop,587.557433,4,distracted,69,69,151,0,70,60,0,16,53,0
capture_01_ring_buffer.btsnoop,587.907171,4,distracted,69,69,151,0,70,60,0,16,53,0
capture_01_ring_buffer.btsnoop,588.257115,4,distracted,69,69,151,0,70,60,0,16,53,0
capture_01_ring_buffer.btsnoop,588.563552,4,distracted,69,69,151,0,70,60,0,16,53,0
capture_01_ring_buffer.btsnoop,588.913421,4,distracted,69,69,151,0,70,60,0,16,53,0
capture_01_ring_buffer.btsnoop,589.307456,4,distracted,69,69,151,0,70,60,0,16,53,0
capture_01_ring_buffer.btsnoop,589.919916,4,distracted,69,69,151,0,70,60,0,16,53,0
capture_01_ring_buffer.btsnoop,590.313494,4,distracted,69,69,151,0,70,60,0,16,53,0
capture_01_ring_buffer.btsnoop,590.576121,4,distracted,69,69,151,0,70,60,0,16,53,0
capture_01_ring_buffer.btsnoop,590.925825,4,distracted,69,69,151,0,70,60,0,16,53,0
capture_01_ring_buffer.btsnoop,591.319938,4,distracted,69,69,151,0,70,60,0,16,53,0
capture_01_ring_buffer.btsnoop,591.582257,4,distracted,69,69,151,0,70,60,0,16,53,0
capture_01_ring_buffer.btsnoop,591.932235,4,distracted,69,69,151,0,70,60,0,16,53,0
capture_01_ring_buffer.btsnoop,592.282516,4,distracted,69,69,151,0,70,60,0,16,53,0
capture_01_ring_buffer.btsnoop,592.632183,4,distracted,69,69,151,0,70,60,0,16,53,0
capture_01_ring_buffer.btsnoop,592.93848,4,distracted,69,69,151,0,70,60,0,16,53,0
capture_01_ring_buffer.btsnoop,593.332186,4,distracted,69,69,151,0,70,60,0,16,53,0
capture_01_ring_buffer.btsnoop,593.638627,4,distracted,69,69,151,0,70,60,0,16,53,0
capture_01_ring_buffer.btsnoop,593.94457,4,distracted,69,69,151,0,70,60,0,16,53,0
capture_01_ring_buffer.btsnoop,594.338924,4,distracted,69,69,112,0,70,60,0,16,53,0
capture_01_ring_buffer.btsnoop,594.688448,4,distracted,69,69,112,0,70,60,0,16,53,0
capture_01_ring_buffer.btsnoop,594.950924,4,distracted,69,69,112,0,70,60,0,16,53,0
capture_01_ring_buffer.btsnoop,595.344706,4,distracted,69,69,112,0,70,60,0,16,53,0
capture_01_ring_buffer.btsnoop,595.650892,4,distracted,69,69,112,0,70,60,0,16,53,0
capture_01_ring_buffer.btsnoop,596.00107,4,distracted,69,69,112,0,70,60,0,16,53,0
capture_01_ring_buffer.btsnoop,596.351696,4,distracted,69,69,112,0,70,60,0,16,53,0
capture_01_ring_buffer.btsnoop,596.657171,4,distracted,69,69,112,0,70,60,0,16,53,0
capture_01_ring_buffer.btsnoop,597.007292,4,distracted,69,69,112,0,70,60,0,16,53,0
capture_01_ring_buffer.btsnoop,597.357179,4,distracted,69,69,112,0,70,60,0,16,53,0
capture_01_ring_buffer.btsnoop,597.663437,4,distracted,69,69,112,0,70,60,0,16,53,0
capture_01_ring_buffer.btsnoop,598.013681,4,distracted,69,69,112,0,70,60,0,16,53,0
capture_01_ring_buffer.btsnoop,598.407216,4,distracted,69,69,112,0,70,60,0,16,53,0
capture_01_ring_buffer.btsnoop,599.019775,4,distracted,69,69,112,0,70,60,0,16,53,0
capture_01_ring_buffer.btsnoop,599.413436,4,distracted,69,69,112,0,70,60,0,16,53,0
capture_01_ring_buffer.btsnoop,599.676081,4,distracted,69,69,112,0,70,60,0,16,53,0
capture_01_ring_buffer.btsnoop,600.026407,4,distracted,69,69,112,0,70,60,0,16,53,0
capture_01_ring_buffer.btsnoop,600.375962,4,distracted,69,69,112,0,70,60,0,16,53,0
capture_01_ring_buffer.btsnoop,600.682439,4,distracted,69,69,112,0,70,60,0,16,53,0
capture_01_ring_buffer.btsnoop,601.032449,4,distracted,69,69,112,0,70,60,0,16,53,0
capture_01_ring_buffer.btsnoop,601.382242,4,distracted,69,69,112,0,70,60,0,16,53,0
capture_01_ring_buffer.btsnoop,601.732376,4,distracted,69,69,112,0,70,60,0,16,53,0
capture_01_ring_buffer.btsnoop,602.039436,4,distracted,69,69,112,0,70,60,0,16,53,0
capture_01_ring_buffer.btsnoop,602.475968,4,distracted,69,69,112,0,70,60,0,16,53,0
capture_01_ring_buffer.btsnoop,603.044986,4,distracted,69,69,112,0,70,60,0,16,53,0
capture_01_ring_buffer.btsnoop,603.438572,4,distracted,69,69,112,0,70,60,0,16,53,0
capture_01_ring_buffer.btsnoop,603.744801,4,distracted,69,69,112,0,70,60,0,16,53,0
capture_01_ring_buffer.btsnoop,604.095058,4,distracted,69,69,112,0,70,60,0,16,53,0
capture_01_ring_buffer.btsnoop,604.401452,4,distracted,69,69,112,0,70,60,0,16,53,0
capture_01_ring_buffer.btsnoop,604.750976,4,distracted,69,69,112,0,70,60,0,16,53,0
capture_01_ring_buffer.btsnoop,605.100949,4,distracted,69,69,112,0,70,60,0,16,53,0
capture_01_ring_buffer.btsnoop,605.451306,4,distracted,69,69,103,0,70,60,0,16,53,0
capture_01_ring_buffer.btsnoop,605.757552,4,distracted,69,69,103,0,70,60,0,16,53,0
capture_01_ring_buffer.btsnoop,606.107263,4,distracted,69,69,103,0,70,60,0,16,53,0
capture_01_ring_buffer.btsnoop,606.457526,4,distracted,69,69,103,0,70,60,0,16,53,0
capture_01_ring_buffer.btsnoop,606.763442,4,distracted,69,69,103,0,70,60,0,16,53,0
capture_01_ring_buffer.btsnoop,607.113549,4,distracted,69,69,103,0,70,60,0,16,53,0
capture_01_ring_buffer.btsnoop,607.463774,4,distracted,69,69,103,0,70,60,0,16,53,0
capture_01_ring_buffer.btsnoop,607.769814,4,distracted,69,69,103,0,70,60,0,16,63,0
capture_01_ring_buffer.btsnoop,608.120016,4,distracted,69,69,103,0,70,60,0,16,63,0
capture_01_ring_buffer.btsnoop,608.469824,4,distracted,69,69,103,0,70,60,0,16,63,0
capture_01_ring_buffer.btsnoop,608.77602,4,distracted,69,69,103,0,70,60,0,16,63,0
capture_01_ring_buffer.btsnoop,609.126059,4,distracted,69,69,103,0,70,60,0,16,63,0
capture_01_ring_buffer.btsnoop,609.519835,4,distracted,69,69,103,0,70,60,0,16,63,0
capture_01_ring_buffer.btsnoop,609.782292,4,distracted,69,69,103,0,70,60,0,16,63,0
capture_01_ring_buffer.btsnoop,610.132348,4,distracted,69,69,103,0,70,60,0,16,63,0
capture_01_ring_buffer.btsnoop,610.526157,4,distracted,69,69,103,0,70,60,0,16,63,0
capture_01_ring_buffer.btsnoop,610.789096,4,distracted,69,69,103,0,70,60,0,16,63,0
capture_01_ring_buffer.btsnoop,611.13875,4,distracted,69,69,103,0,70,60,0,16,63,0
capture_01_ring_buffer.btsnoop,611.488646,4,distracted,69,69,104,0,70,60,0,16,63,0
capture_01_ring_buffer.btsnoop,611.838921,4,distracted,69,69,104,0,70,60,0,16,63,0
capture_01_ring_buffer.btsnoop,612.144867,4,distracted,69,69,104,0,70,60,0,16,63,0
capture_01_ring_buffer.btsnoop,612.538662,4,distracted,69,69,104,0,70,60,0,16,63,0
capture_01_ring_buffer.btsnoop,612.844873,4,distracted,69,69,104,0,70,60,0,16,63,0
capture_01_ring_buffer.btsnoop,613.151083,4,distracted,69,69,104,0,70,60,0,16,63,0
capture_01_ring_buffer.btsnoop,613.54493,4,distracted,69,69,104,0,70,60,0,16,63,0
capture_01_ring_buffer.btsnoop,613.851115,4,distracted,69,69,104,0,70,60,0,16,63,0
capture_01_ring_buffer.btsnoop,614.201159,4,distracted,69,69,104,0,70,60,0,16,63,0
capture_01_ring_buffer.btsnoop,614.551286,4,distracted,69,69,109,0,70,60,0,16,63,0
capture_01_ring_buffer.btsnoop,614.857516,4,distracted,69,69,109,0,70,60,0,16,63,0
capture_01_ring_buffer.btsnoop,615.207402,4,distracted,69,69,109,0,70,60,0,16,63,0
capture_01_ring_buffer.btsnoop,615.557607,4,distracted,69,69,101,0,70,60,0,16,63,0
capture_01_ring_buffer.btsnoop,615.863673,4,distracted,69,69,101,0,70,60,0,16,63,0
capture_01_ring_buffer.btsnoop,616.213726,4,distracted,69,69,101,0,70,60,0,16,63,0
capture_01_ring_buffer.btsnoop,616.607572,4,distracted,69,69,108,0,70,60,0,16,63,0
capture_01_ring_buffer.btsnoop,617.307686,4,distracted,69,69,108,0,70,60,0,16,63,0
capture_01_ring_buffer.btsnoop,617.876243,4,distracted,69,69,108,0,70,60,0,16,63,0
capture_01_ring_buffer.btsnoop,618.22623,4,distracted,69,69,108,0,70,60,0,16,63,0
capture_01_ring_buffer.btsnoop,618.576395,4,distracted,69,69,108,0,70,60,0,16,63,0
capture_01_ring_buffer.btsnoop,618.926578,4,distracted,69,69,108,0,70,60,0,16,63,0
capture_01_ring_buffer.btsnoop,619.232813,4,distracted,69,69,108,0,70,60,0,16,63,0
capture_01_ring_buffer.btsnoop,619.62623,4,distracted,69,69,108,0,70,60,0,16,63,0
capture_01_ring_buffer.btsnoop,619.932369,4,distracted,69,69,108,0,70,60,0,16,63,0
capture_01_ring_buffer.btsnoop,620.23873,4,distracted,69,69,108,0,70,60,0,16,63,0
capture_01_ring_buffer.btsnoop,620.632608,4,distracted,69,69,108,0,70,60,0,16,63,0
capture_01_ring_buffer.btsnoop,620.938911,4,distracted,69,69,108,0,70,60,0,16,63,0
capture_01_ring_buffer.btsnoop,621.28891,4,distracted,69,69,108,0,70,60,0,16,63,0
capture_01_ring_buffer.btsnoop,621.682444,4,distracted,69,69,108,0,70,60,0,16,63,0
capture_01_ring_buffer.btsnoop,622.295166,4,distracted,69,69,108,0,70,60,0,16,63,0
capture_01_ring_buffer.btsnoop,622.688641,4,distracted,69,69,108,0,70,60,0,16,63,0
capture_01_ring_buffer.btsnoop,623.344906,4,distracted,69,69,108,0,70,60,0,16,63,0
capture_01_ring_buffer.btsnoop,623.957262,4,distracted,69,60,150,0,70,60,0,16,63,0
capture_01_ring_buffer.btsnoop,624.307353,4,distracted,69,61,150,0,70,60,0,16,63,0
capture_01_ring_buffer.btsnoop,624.657501,4,distracted,69,61,150,0,70,60,0,16,63,0
capture_01_ring_buffer.btsnoop,624.963484,4,distracted,69,61,150,0,70,60,0,16,63,0
capture_01_ring_buffer.btsnoop,625.313533,4,distracted,69,61,150,0,70,60,0,16,63,0
capture_01_ring_buffer.btsnoop,625.663681,4,distracted,69,60,150,0,70,60,0,16,63,0
capture_01_ring_buffer.btsnoop,625.970075,4,distracted,69,60,150,0,70,60,0,16,63,0
capture_01_ring_buffer.btsnoop,626.319686,4,distracted,69,60,150,0,70,60,0,16,63,0
capture_01_ring_buffer.btsnoop,626.713758,4,distracted,69,60,108,0,70,60,0,16,63,0
capture_01_ring_buffer.btsnoop,627.019815,4,distracted,69,60,108,0,70,60,0,16,63,0
capture_01_ring_buffer.btsnoop,627.36973,4,distracted,69,60,108,0,70,60,0,16,63,0
capture_01_ring_buffer.btsnoop,627.72,4,distracted,69,61,125,0,70,60,0,16,63,0
capture_01_ring_buffer.btsnoop,628.026584,4,distracted,69,61,125,0,70,60,0,16,63,0
capture_01_ring_buffer.btsnoop,628.37671,4,distracted,69,62,125,0,70,60,0,16,63,0
capture_01_ring_buffer.btsnoop,628.726099,4,distracted,69,62,125,0,70,60,0,16,63,0
capture_01_ring_buffer.btsnoop,629.032478,4,distracted,69,62,125,0,70,60,0,16,63,0
capture_01_ring_buffer.btsnoop,629.33874,4,distracted,69,62,125,0,70,60,0,16,63,0
capture_01_ring_buffer.btsnoop,629.732653,4,distracted,69,62,125,0,70,60,0,16,63,0
capture_01_ring_buffer.btsnoop,630.082791,4,distracted,69,62,125,0,70,60,0,16,63,0
capture_01_ring_buffer.btsnoop,630.388921,4,distracted,69,62,125,0,70,60,0,16,63,0
capture_01_ring_buffer.btsnoop,630.739009,4,distracted,69,62,125,0,70,60,0,16,63,0
capture_01_ring_buffer.btsnoop,631.045046,4,distracted,69,62,125,0,70,60,0,16,63,0
capture_01_ring_buffer.btsnoop,631.39494,4,distracted,69,62,125,0,70,60,0,16,63,0
capture_01_ring_buffer.btsnoop,631.832556,4,distracted,69,62,125,0,70,60,0,16,63,0
capture_01_ring_buffer.btsnoop,632.401319,4,distracted,69,62,125,0,70,60,0,16,63,0
capture_01_ring_buffer.btsnoop,632.707235,4,distracted,69,62,125,0,70,60,0,16,63,0
capture_01_ring_buffer.btsnoop,633.057682,4,distracted,69,62,125,0,70,60,0,16,63,0
capture_01_ring_buffer.btsnoop,633.407608,4,distracted,69,62,125,0,70,60,0,16,63,0
capture_01_ring_buffer.btsnoop,633.757421,4,distracted,69,62,125,0,70,60,0,16,63,0
capture_01_ring_buffer.btsnoop,634.0639,4,distracted,69,62,125,0,70,60,0,16,63,0
capture_01_ring_buffer.btsnoop,634.41376,4,distracted,69,62,125,0,70,60,0,16,63,0
capture_01_ring_buffer.btsnoop,634.851262,4,distracted,69,62,125,0,70,60,0,16,63,0
capture_01_ring_buffer.btsnoop,635.463816,4,distracted,69,62,125,0,70,60,0,16,63,0
capture_01_ring_buffer.btsnoop,635.813703,4,distracted,69,62,125,0,70,60,0,16,63,0
capture_01_ring_buffer.btsnoop,636.076404,4,distracted,69,62,125,0,70,60,0,16,63,0
capture_01_ring_buffer.btsnoop,636.427221,4,distracted,69,62,125,0,70,60,0,16,63,0
capture_01_ring_buffer.btsnoop,636.776327,4,distracted,69,62,125,0,70,60,0,16,63,0
capture_01_ring_buffer.btsnoop,637.082578,4,distracted,69,62,125,0,70,60,0,16,63,0
capture_01_ring_buffer.btsnoop,637.432577,4,distracted,69,62,125,0,70,60,0,16,63,0
capture_01_ring_buffer.btsnoop,637.826592,4,distracted,69,18,137,0,70,60,0,16,63,0
capture_01_ring_buffer.btsnoop,638.132621,4,distracted,69,18,137,0,70,60,0,16,63,0
capture_01_ring_buffer.btsnoop,638.438781,4,distracted,69,18,137,0,70,60,0,16,63,0
capture_01_ring_buffer.btsnoop,638.832583,4,distracted,69,18,137,0,70,60,0,16,63,0
capture_01_ring_buffer.btsnoop,639.139252,4,distracted,69,18,137,0,70,60,0,16,63,0
capture_01_ring_buffer.btsnoop,639.488915,4,distracted,69,18,137,0,70,60,0,16,63,0
capture_01_ring_buffer.btsnoop,639.795151,4,distracted,69,18,137,0,70,60,0,16,63,0
capture_01_ring_buffer.btsnoop,640.145272,4,distracted,69,18,137,0,70,60,0,16,63,0
capture_01_ring_buffer.btsnoop,640.495063,4,distracted,69,18,137,0,70,60,0,16,63,0
capture_01_ring_buffer.btsnoop,640.845334,4,distracted,69,18,137,0,70,60,0,16,63,0
capture_01_ring_buffer.btsnoop,641.152076,4,distracted,69,19,137,0,70,60,0,16,63,0
capture_01_ring_buffer.btsnoop,641.501293,4,distracted,69,19,137,0,70,60,0,16,63,0
capture_01_ring_buffer.btsnoop,641.894956,4,distracted,69,19,137,0,70,60,0,16,63,0
capture_01_ring_buffer.btsnoop,642.508198,4,distracted,69,19,137,0,70,60,0,16,63,0
capture_01_ring_buffer.btsnoop,642.857519,4,distracted,69,19,137,0,70,60,0,16,63,0
capture_01_ring_buffer.btsnoop,643.207635,4,distracted,69,19,137,0,70,60,0,16,63,0
capture_01_ring_buffer.btsnoop,643.557338,4,distracted,69,19,137,0,70,60,0,16,63,0
capture_01_ring_buffer.btsnoop,643.864022,4,distracted,69,19,137,0,70,60,0,16,63,0
capture_01_ring_buffer.btsnoop,644.213781,4,distracted,69,19,137,0,70,60,0,16,63,0
capture_01_ring_buffer.btsnoop,644.520108,4,distracted,69,19,137,0,70,60,0,16,63,0
capture_01_ring_buffer.btsnoop,644.91364,4,distracted,69,19,137,0,70,60,0,16,63,0
capture_01_ring_buffer.btsnoop,645.220199,4,distracted,69,19,137,0,70,60,0,16,63,0
capture_01_ring_buffer.btsnoop,645.526411,4,distracted,69,19,137,0,70,60,0,16,63,0
capture_01_ring_buffer.btsnoop,646.007603,4,distracted,13,19,162,0,70,60,0,16,63,0
capture_01_ring_buffer.btsnoop,646.62017,4,distracted,14,19,162,0,70,60,0,16,63,0
capture_01_ring_buffer.btsnoop,647.23269,4,distracted,14,19,162,0,70,60,0,16,63,0
capture_01_ring_buffer.btsnoop,647.582497,4,distracted,14,19,162,0,70,60,0,16,63,0
capture_01_ring_buffer.btsnoop,647.932635,4,distracted,19,19,149,0,70,60,0,16,63,0
capture_01_ring_buffer.btsnoop,648.239017,4,distracted,20,20,149,0,70,60,0,16,63,0
capture_01_ring_buffer.btsnoop,648.588732,4,distracted,20,20,149,0,70,60,0,16,63,0
capture_01_ring_buffer.btsnoop,648.982679,4,distracted,35,35,132,0,70,60,0,16,63,0
capture_01_ring_buffer.btsnoop,649.595032,4,distracted,36,36,132,0,70,60,0,16,63,0
capture_01_ring_buffer.btsnoop,649.945037,4,distracted,36,36,132,0,70,60,0,16,63,0
capture_01_ring_buffer.btsnoop,650.251544,4,distracted,36,36,132,0,70,60,0,16,63,0
capture_01_ring_buffer.btsnoop,650.601565,4,distracted,36,36,132,0,70,60,0,16,63,0
capture_01_ring_buffer.btsnoop,650.95177,4,distracted,36,36,132,0,70,60,0,16,63,0
capture_01_ring_buffer.btsnoop,651.257686,4,distracted,36,36,132,0,70,60,0,16,63,0
capture_01_ring_buffer.btsnoop,651.607722,4,distracted,36,36,132,0,70,60,0,16,63,0
capture_01_ring_buffer.btsnoop,651.958124,4,distracted,36,36,132,0,70,60,0,16,63,0
capture_01_ring_buffer.btsnoop,652.30773,4,distracted,37,37,132,0,70,60,0,16,63,0
capture_01_ring_buffer.btsnoop,652.614143,4,distracted,37,37,132,0,70,60,0,16,63,0
capture_01_ring_buffer.btsnoop,653.007729,4,distracted,25,37,144,0,70,60,0,16,63,0
capture_01_ring_buffer.btsnoop,653.313843,4,distracted,25,37,144,0,70,60,0,16,63,0
capture_01_ring_buffer.btsnoop,653.620675,4,distracted,25,37,144,0,70,60,0,16,63,0
capture_01_ring_buffer.btsnoop,653.970474,4,distracted,25,37,144,0,70,60,0,16,63,0
capture_01_ring_buffer.btsnoop,654.320118,4,distracted,25,37,144,0,70,60,0,16,63,0
capture_01_ring_buffer.btsnoop,654.670909,4,distracted,25,37,144,0,70,60,0,16,63,0
capture_01_ring_buffer.btsnoop,655.020241,4,distracted,25,37,144,0,70,60,0,16,63,0
capture_01_ring_buffer.btsnoop,655.326313,4,distracted,25,37,144,0,70,60,0,16,63,0
capture_01_ring_buffer.btsnoop,655.676632,4,distracted,25,37,144,0,70,60,0,16,63,0
capture_01_ring_buffer.btsnoop,656.070079,4,distracted,25,37,144,0,70,60,0,16,63,0
capture_01_ring_buffer.btsnoop,656.682665,4,distracted,25,37,144,0,70,60,0,16,63,0
capture_01_ring_buffer.btsnoop,657.03243,4,distracted,25,37,144,0,70,60,0,16,63,0
capture_01_ring_buffer.btsnoop,657.338893,4,distracted,25,37,144,0,70,60,0,16,63,0
capture_01_ring_buffer.btsnoop,657.689031,4,distracted,25,37,144,0,70,60,0,16,63,0
capture_01_ring_buffer.btsnoop,658.040157,4,distracted,25,37,144,0,70,60,0,16,63,0
capture_01_ring_buffer.btsnoop,658.345105,4,distracted,25,37,144,0,70,60,0,16,63,0
capture_01_ring_buffer.btsnoop,658.694938,4,distracted,25,37,144,0,70,60,0,16,63,0
capture_01_ring_buffer.btsnoop,659.132461,4,distracted,25,37,144,0,70,60,0,16,63,0
capture_01_ring_buffer.btsnoop,659.701219,4,distracted,25,21,144,0,70,60,0,16,63,0
capture_01_ring_buffer.btsnoop,660.051193,4,distracted,25,21,144,0,70,60,0,16,63,0
capture_01_ring_buffer.btsnoop,660.401251,4,distracted,25,21,144,0,70,60,0,16,63,0
capture_01_ring_buffer.btsnoop,660.707621,4,distracted,25,21,144,0,70,60,0,16,63,0
capture_01_ring_buffer.btsnoop,661.101278,4,distracted,25,21,193,0,70,60,0,16,63,0
capture_01_ring_buffer.btsnoop,661.407644,4,distracted,25,21,193,0,70,60,0,16,63,0
capture_01_ring_buffer.btsnoop,661.713743,4,distracted,25,21,193,0,70,60,0,16,63,0
capture_01_ring_buffer.btsnoop,662.107964,4,distracted,25,21,164,0,70,60,0,16,63,0
capture_01_ring_buffer.btsnoop,662.41385,4,distracted,25,21,164,0,70,60,0,16,63,0
capture_01_ring_buffer.btsnoop,662.764043,4,distracted,25,21,164,0,70,60,0,16,63,0
capture_01_ring_buffer.btsnoop,663.114187,4,distracted,25,21,164,0,70,60,0,16,63,0
capture_01_ring_buffer.btsnoop,663.420272,4,distracted,25,21,164,0,70,60,0,16,63,0
capture_01_ring_buffer.btsnoop,663.770378,4,distracted,25,21,164,0,70,60,0,16,63,0
capture_01_ring_buffer.btsnoop,664.120369,4,distracted,25,21,164,0,70,60,0,16,63,0
capture_01_ring_buffer.btsnoop,664.426518,4,distracted,25,21,164,0,70,60,0,16,63,0
capture_01_ring_buffer.btsnoop,664.776427,4,distracted,25,21,164,0,70,60,0,16,63,0
capture_01_ring_buffer.btsnoop,665.170608,4,distracted,25,21,164,0,70,60,0,16,63,0
capture_01_ring_buffer.btsnoop,665.827075,4,distracted,25,21,164,0,70,60,0,16,63,0
capture_01_ring_buffer.btsnoop,666.439674,4,distracted,25,21,164,0,70,60,0,16,63,0
capture_01_ring_buffer.btsnoop,666.789185,4,distracted,25,21,164,0,70,60,0,16,63,0
capture_01_ring_buffer.btsnoop,667.226619,4,distracted,25,21,164,0,70,60,0,16,63,0
capture_01_ring_buffer.btsnoop,667.795277,4,distracted,25,21,164,0,70,60,0,16,63,0
capture_01_ring_buffer.btsnoop,668.189068,4,distracted,25,21,164,0,70,60,0,16,63,0
capture_01_ring_buffer.btsnoop,668.801879,4,distracted,25,21,164,0,59,94,0,144,70,0
capture_01_ring_buffer.btsnoop,669.195228,4,distracted,25,21,188,0,59,94,0,144,70,0
capture_01_ring_buffer.btsnoop,669.501755,4,distracted,25,21,188,0,59,94,0,144,70,0
capture_01_ring_buffer.btsnoop,669.80761,4,distracted,25,21,188,0,59,94,0,144,70,0
capture_01_ring_buffer.btsnoop,670.157777,4,distracted,25,21,188,0,59,94,0,144,70,0
capture_01_ring_buffer.btsnoop,670.507836,4,distracted,25,21,188,0,59,94,0,144,70,0
capture_01_ring_buffer.btsnoop,670.814093,4,distracted,25,21,188,0,59,94,0,144,70,0
capture_01_ring_buffer.btsnoop,671.251737,4,distracted,25,21,188,0,59,94,0,144,70,0
capture_01_ring_buffer.btsnoop,671.820252,4,distracted,25,21,188,0,59,94,0,144,70,0
capture_01_ring_buffer.btsnoop,672.214175,4,distracted,25,21,188,0,59,94,0,144,70,0
capture_01_ring_buffer.btsnoop,672.520436,4,distracted,25,21,188,0,59,94,0,144,70,0
capture_01_ring_buffer.btsnoop,672.870313,4,distracted,25,21,188,0,59,94,0,144,70,0
capture_01_ring_buffer.btsnoop,673.264256,4,distracted,25,21,188,0,59,94,0,144,70,0
capture_01_ring_buffer.btsnoop,673.920229,7,stressed,25,21,188,0,59,94,0,144,70,0
capture_01_ring_buffer.btsnoop,674.532897,7,stressed,25,21,188,0,59,94,0,144,70,0
capture_01_ring_buffer.btsnoop,674.882942,7,stressed,25,21,188,0,59,94,0,144,70,0
capture_01_ring_buffer.btsnoop,675.233079,7,stressed,25,21,188,0,59,94,0,144,70,0
capture_01_ring_buffer.btsnoop,675.539075,7,stressed,25,21,188,0,59,94,0,144,70,0
capture_01_ring_buffer.btsnoop,675.889443,7,stressed,25,21,188,0,59,94,0,144,70,0
capture_01_ring_buffer.btsnoop,676.283,7,stressed,25,21,188,0,59,94,0,144,70,0
capture_01_ring_buffer.btsnoop,676.895572,7,stressed,25,21,188,0,59,94,0,144,70,0
capture_01_ring_buffer.btsnoop,677.289099,7,stressed,25,21,188,0,59,94,0,144,70,0
capture_01_ring_buffer.btsnoop,677.901574,7,stressed,25,21,188,0,59,94,0,144,70,0
capture_01_ring_buffer.btsnoop,678.295381,7,stressed,25,21,188,0,59,94,0,144,70,0
capture_01_ring_buffer.btsnoop,678.60167,7,stressed,25,21,188,0,59,94,0,144,70,0
capture_01_ring_buffer.btsnoop,678.907803,7,stressed,25,21,188,0,59,94,0,144,70,0
capture_01_ring_buffer.btsnoop,679.301819,7,stressed,25,21,188,0,59,94,0,144,70,0
capture_01_ring_buffer.btsnoop,679.607808,7,stressed,25,21,188,0,59,94,0,144,70,0
capture_01_ring_buffer.btsnoop,679.958113,7,stressed,25,21,188,0,59,94,0,144,70,0
capture_01_ring_buffer.btsnoop,680.351755,7,stressed,25,21,188,0,59,94,0,144,70,0
capture_01_ring_buffer.btsnoop,680.964026,7,stressed,25,21,188,0,59,94,0,144,70,0
capture_01_ring_buffer.btsnoop,681.31423,7,stressed,25,21,188,0,59,94,0,144,70,0
capture_01_ring_buffer.btsnoop,681.620613,7,stressed,25,21,188,0,59,94,0,144,70,0
capture_01_ring_buffer.btsnoop,681.970398,7,stressed,25,21,188,0,59,94,0,144,70,0
capture_01_ring_buffer.btsnoop,682.320499,7,stressed,25,21,188,0,59,94,0,144,70,0
capture_01_ring_buffer.btsnoop,682.626874,7,stressed,25,21,188,0,59,94,0,144,70,0
capture_01_ring_buffer.btsnoop,682.977526,7,stressed,25,21,188,0,59,94,0,144,70,0
capture_01_ring_buffer.btsnoop,683.326732,7,stressed,25,21,188,0,59,94,0,144,70,0
capture_01_ring_buffer.btsnoop,683.67686,7,stressed,25,21,188,0,59,94,0,144,70,0
capture_01_ring_buffer.btsnoop,683.982923,7,stressed,25,21,188,0,59,94,0,144,70,0
capture_01_ring_buffer.btsnoop,684.420584,7,stressed,25,21,175,0,59,94,0,144,70,0
capture_01_ring_buffer.btsnoop,684.989216,7,stressed,25,21,175,0,59,94,0,144,70,0
capture_01_ring_buffer.btsnoop,685.383021,7,stressed,25,21,175,0,59,94,0,144,70,0
capture_01_ring_buffer.btsnoop,686.039287,7,stressed,25,21,175,0,59,94,0,144,70,0
capture_01_ring_buffer.btsnoop,686.346698,7,stressed,25,21,175,0,59,94,0,144,70,0
capture_01_ring_buffer.btsnoop,686.651723,7,stressed,25,21,175,0,59,94,0,144,70,0
capture_01_ring_buffer.btsnoop,687.001916,7,stressed,25,21,175,0,59,94,0,144,70,0
capture_01_ring_buffer.btsnoop,687.395597,7,stressed,25,21,175,0,59,94,0,144,70,0
capture_01_ring_buffer.btsnoop,687.701758,7,stressed,25,21,175,0,59,94,0,144,70,0
capture_01_ring_buffer.btsnoop,688.008273,7,stressed,25,21,175,0,59,94,0,144,70,0
capture_01_ring_buffer.btsnoop,688.40184,7,stressed,25,21,175,0,59,94,0,144,70,0
capture_01_ring_buffer.btsnoop,688.708141,7,stressed,25,21,175,0,59,94,0,144,70,0
capture_01_ring_buffer.btsnoop,689.014216,7,stressed,25,21,175,0,59,94,0,144,70,0
capture_01_ring_buffer.btsnoop,689.364527,7,stressed,25,21,175,0,59,94,0,144,70,0
capture_01_ring_buffer.btsnoop,689.714222,7,stressed,25,21,175,0,59,94,0,144,70,0
capture_01_ring_buffer.btsnoop,690.020619,7,stressed,25,21,175,0,59,94,0,144,70,0
capture_01_ring_buffer.btsnoop,690.414149,7,stressed,25,21,175,0,59,94,0,144,70,0
capture_01_ring_buffer.btsnoop,690.720624,7,stressed,25,21,175,0,59,94,0,144,70,0
capture_01_ring_buffer.btsnoop,691.070769,7,stressed,25,21,175,0,59,94,0,144,70,0
capture_01_ring_buffer.btsnoop,691.464451,7,stressed,25,21,167,0,59,94,0,144,70,0
capture_01_ring_buffer.btsnoop,692.032972,7,stressed,25,21,167,0,59,94,0,144,70,0
capture_01_ring_buffer.btsnoop,692.426845,7,stressed,25,21,167,0,59,94,0,144,70,0
capture_01_ring_buffer.btsnoop,692.732929,7,stressed,25,21,167,0,59,94,0,144,70,0
capture_01_ring_buffer.btsnoop,693.082937,7,stressed,25,21,167,0,59,94,0,144,70,0
capture_01_ring_buffer.btsnoop,693.38927,7,stressed,25,21,167,0,59,94,0,144,70,0
capture_01_ring_buffer.btsnoop,693.739449,7,stressed,25,21,167,0,59,94,0,144,70,0
capture_01_ring_buffer.btsnoop,694.089304,7,stressed,25,21,167,0,59,94,0,144,70,0
capture_01_ring_buffer.btsnoop,694.482956,7,stressed,25,21,167,0,59,94,0,144,70,0
capture_01_ring_buffer.btsnoop,695.09546,7,stressed,25,21,167,0,59,94,0,144,70,0
capture_01_ring_buffer.btsnoop,695.489705,7,stressed,25,21,167,0,59,94,0,144,70,0
capture_01_ring_buffer.btsnoop,696.101836,7,stressed,25,21,167,0,59,94,0,144,70,0
capture_01_ring_buffer.btsnoop,696.452593,7,stressed,25,21,167,0,59,94,0,144,70,0
capture_01_ring_buffer.btsnoop,696.758086,7,stressed,25,21,167,0,59,94,0,144,70,0
capture_01_ring_buffer.btsnoop,697.107986,7,stressed,25,21,167,0,59,94,0,144,70,0
capture_01_ring_buffer.btsnoop,697.458227,7,stressed,25,21,167,0,59,94,0,144,70,0
capture_01_ring_buffer.btsnoop,697.764505,7,stressed,25,21,167,0,59,94,0,144,70,0
capture_01_ring_buffer.btsnoop,698.114431,7,stressed,25,21,167,0,59,94,0,144,70,0
capture_01_ring_buffer.btsnoop,698.552012,7,stressed,25,21,167,0,59,94,0,144,70,0
capture_01_ring_buffer.btsnoop,699.120649,7,stressed,25,21,167,0,59,94,0,144,70,0
capture_01_ring_buffer.btsnoop,699.470608,7,stressed,25,21,167,0,59,94,0,144,70,0
capture_01_ring_buffer.btsnoop,699.820481,7,stressed,25,21,167,0,59,94,0,144,70,0
capture_01_ring_buffer.btsnoop,700.126796,7,stressed,25,21,167,0,59,94,0,144,70,0
capture_01_ring_buffer.btsnoop,700.520903,7,stressed,25,21,167,0,59,94,0,144,70,0
capture_01_ring_buffer.btsnoop,700.826972,7,stressed,25,21,167,0,59,94,0,144,70,0
capture_01_ring_buffer.btsnoop,701.13341,7,stressed,25,21,167,0,59,94,0,144,70,0
capture_01_ring_buffer.btsnoop,701.527041,7,stressed,25,21,167,0,59,94,0,144,70,0
capture_01_ring_buffer.btsnoop,701.833031,7,stressed,25,21,167,0,59,94,0,144,70,0
capture_01_ring_buffer.btsnoop,702.183235,7,stressed,25,21,167,0,59,94,0,144,70,0
capture_01_ring_buffer.btsnoop,702.577149,7,stressed,25,21,167,0,59,94,0,144,70,0
capture_01_ring_buffer.btsnoop,703.233086,7,stressed,25,21,167,0,59,94,0,144,70,0
capture_01_ring_buffer.btsnoop,703.583067,7,stressed,25,21,123,0,59,94,0,144,70,0
capture_01_ring_buffer.btsnoop,704.239454,7,stressed,25,21,123,0,59,94,0,144,70,0
capture_01_ring_buffer.btsnoop,704.545555,7,stressed,25,21,123,0,59,94,0,144,70,0
capture_01_ring_buffer.btsnoop,704.895915,7,stressed,25,21,123,0,59,94,0,144,70,0
capture_01_ring_buffer.btsnoop,705.24557,7,stressed,25,21,123,0,59,94,0,144,70,0
capture_01_ring_buffer.btsnoop,705.551704,7,stressed,25,21,123,0,59,94,0,144,70,0
capture_01_ring_buffer.btsnoop,705.858257,7,stressed,25,21,123,0,59,94,0,144,70,0
capture_01_ring_buffer.btsnoop,706.25189,7,stressed,25,21,123,0,59,94,0,144,70,0
capture_01_ring_buffer.btsnoop,706.557975,7,stressed,25,21,123,0,59,94,0,144,70,0
capture_01_ring_buffer.btsnoop,706.864429,7,stressed,25,21,123,0,59,94,0,144,70,0
capture_01_ring_buffer.btsnoop,707.214584,7,stressed,25,21,123,0,59,94,0,144,70,0
capture_01_ring_buffer.btsnoop,707.564391,7,stressed,25,21,123,0,59,94,0,144,70,0
capture_01_ring_buffer.btsnoop,707.914769,7,stressed,25,21,123,0,59,94,0,144,70,0
capture_01_ring_buffer.btsnoop,708.220602,4,distracted,25,21,123,0,59,94,0,144,70,0
capture_01_ring_buffer.btsnoop,708.571105,4,distracted,25,21,123,0,59,94,0,144,70,0
capture_01_ring_buffer.btsnoop,708.920523,4,distracted,25,21,123,0,59,94,0,144,70,0
capture_01_ring_buffer.btsnoop,709.22704,4,distracted,25,21,123,0,59,94,0,144,70,0
capture_01_ring_buffer.btsnoop,709.577217,4,distracted,25,21,123,0,59,94,0,144,70,0
capture_01_ring_buffer.btsnoop,709.926862,4,distracted,25,21,123,0,59,94,0,144,70,0
capture_01_ring_buffer.btsnoop,710.233052,4,distracted,25,21,123,0,59,94,0,144,70,0
capture_01_ring_buffer.btsnoop,710.583223,4,distracted,25,21,145,0,59,94,0,144,70,0
capture_01_ring_buffer.btsnoop,710.889446,4,distracted,25,21,145,0,59,94,0,144,70,0
capture_01_ring_buffer.btsnoop,711.239334,4,distracted,25,21,145,0,59,94,0,144,70,0
capture_01_ring_buffer.btsnoop,711.589579,4,distracted,25,21,145,0,59,94,0,144,70,0
capture_01_ring_buffer.btsnoop,711.939384,4,distracted,25,21,145,0,59,94,0,144,70,0
capture_01_ring_buffer.btsnoop,712.2458,4,distracted,25,21,145,0,59,94,0,144,70,0
capture_01_ring_buffer.btsnoop,712.639338,4,distracted,25,21,127,0,59,94,0,144,70,0
capture_01_ring_buffer.btsnoop,713.033132,4,distracted,25,21,127,0,59,94,0,144,70,0
capture_01_ring_buffer.btsnoop,713.776988,4,distracted,25,21,103,0,59,94,0,144,70,0
capture_01_ring_buffer.btsnoop,715.002531,4,distracted,25,21,103,0,59,94,0,144,70,0
capture_01_ring_buffer.btsnoop,715.527005,4,distracted,25,21,103,0,59,94,0,144,70,0
capture_01_ring_buffer.btsnoop,716.40173,4,distracted,25,21,122,0,59,94,0,144,70,0
capture_01_ring_buffer.btsnoop,717.058485,4,distracted,25,21,122,0,59,94,0,144,70,0
capture_01_ring_buffer.btsnoop,718.283205,4,distracted,25,21,122,0,59,94,0,144,70,0
capture_01_ring_buffer.btsnoop,718.85194,4,distracted,25,21,122,0,59,94,0,144,70,0
capture_01_ring_buffer.btsnoop,719.901942,4,distracted,25,21,122,0,59,94,0,144,70,0
capture_01_ring_buffer.btsnoop,723.883417,4,distracted,25,21,122,0,59,94,0,144,70,0
capture_01_ring_buffer.btsnoop,729.920804,4,distracted,58,58,22,0,59,94,0,144,70,0
capture_01_ring_buffer.btsnoop,730.752376,3,in_motion,58,58,0,0,59,94,0,144,72,0
capture_01_ring_buffer.btsnoop,731.583464,3,in_motion,63,63,0,0,59,94,0,144,72,0
capture_01_ring_buffer.btsnoop,732.283365,2,adapting,63,63,0,0,59,94,0,144,72,0
capture_01_ring_buffer.btsnoop,732.895726,2,adapting,63,63,0,0,59,94,0,144,72,0
capture_01_ring_buffer.btsnoop,733.289593,2,adapting,63,63,0,0,59,94,0,144,72,0
capture_01_ring_buffer.btsnoop,733.946019,2,adapting,63,63,24,0,59,94,0,144,72,0
capture_01_ring_buffer.btsnoop,734.602303,2,adapting,63,63,24,0,59,94,0,144,72,0
capture_01_ring_buffer.btsnoop,735.214499,2,adapting,63,63,32,0,59,94,0,144,72,0
capture_01_ring_buffer.btsnoop,735.520685,2,adapting,65,65,32,0,59,94,0,144,72,0
capture_01_ring_buffer.btsnoop,736.002067,2,adapting,66,66,32,0,59,94,0,144,72,0
capture_01_ring_buffer.btsnoop,736.527571,2,adapting,67,67,32,0,59,94,0,144,72,0
capture_01_ring_buffer.btsnoop,736.920822,2,adapting,67,67,32,0,59,94,0,144,72,0
capture_01_ring_buffer.btsnoop,737.183254,2,adapting,67,67,32,0,59,94,0,144,72,0
capture_01_ring_buffer.btsnoop,737.57718,2,adapting,67,67,32,0,59,94,0,144,72,0
capture_01_ring_buffer.btsnoop,737.926977,2,adapting,67,67,32,0,59,94,0,144,72,0
capture_01_ring_buffer.btsnoop,738.189651,2,adapting,67,67,32,0,59,94,0,144,72,0
capture_01_ring_buffer.btsnoop,738.626991,2,adapting,67,67,32,0,59,94,0,144,72,0
capture_01_ring_buffer.btsnoop,738.933375,2,adapting,67,67,32,0,59,94,0,144,72,0
capture_01_ring_buffer.btsnoop,739.239625,2,adapting,67,67,32,0,59,94,0,144,72,0
capture_01_ring_buffer.btsnoop,739.589602,2,adapting,67,67,32,0,59,94,0,144,72,0
capture_01_ring_buffer.btsnoop,740.027369,2,adapting,67,67,43,0,59,94,0,144,72,0
capture_01_ring_buffer.btsnoop,740.551966,2,adapting,67,67,43,0,59,94,0,144,72,0
capture_01_ring_buffer.btsnoop,740.945756,2,adapting,67,67,43,0,59,94,0,144,72,0
capture_01_ring_buffer.btsnoop,741.29606,2,adapting,67,67,43,0,59,94,0,144,72,0
capture_01_ring_buffer.btsnoop,741.558523,2,adapting,67,67,43,0,59,94,0,144,72,0
capture_01_ring_buffer.btsnoop,741.908567,2,adapting,67,67,43,0,59,94,0,144,72,0
capture_01_ring_buffer.btsnoop,742.258253,2,adapting,67,67,43,0,59,94,0,144,72,0
capture_01_ring_buffer.btsnoop,742.60854,2,adapting,67,67,43,0,59,94,0,144,72,0
capture_01_ring_buffer.btsnoop,743.002033,2,adapting,67,67,43,0,59,94,0,144,72,0
capture_01_ring_buffer.btsnoop,743.264727,2,adapting,67,67,43,0,59,94,0,144,72,0
capture_01_ring_buffer.btsnoop,743.614752,2,adapting,67,67,43,0,59,94,0,144,72,0
capture_01_ring_buffer.btsnoop,743.964771,2,adapting,67,67,43,0,59,94,0,144,72,0
capture_01_ring_buffer.btsnoop,744.27083,2,adapting,67,67,43,0,59,94,0,144,72,0
capture_01_ring_buffer.btsnoop,744.620886,2,adapting,67,67,43,0,59,94,0,144,72,0
capture_01_ring_buffer.btsnoop,744.970995,2,adapting,67,67,43,0,59,94,0,144,72,0
capture_01_ring_buffer.btsnoop,745.277023,2,adapting,67,67,43,0,59,94,0,144,72,0
capture_01_ring_buffer.btsnoop,745.627201,2,adapting,67,67,43,0,59,94,0,144,72,0
capture_01_ring_buffer.btsnoop,745.977183,2,adapting,67,67,43,0,59,94,0,144,72,0
capture_01_ring_buffer.btsnoop,746.283295,2,adapting,67,67,43,0,59,94,0,144,72,0
capture_01_ring_buffer.btsnoop,746.633585,2,adapting,67,67,43,0,59,94,0,144,72,0
capture_01_ring_buffer.btsnoop,746.983439,2,adapting,67,67,43,0,59,94,0,144,72,0
capture_01_ring_buffer.btsnoop,747.289626,2,adapting,67,67,43,0,59,94,0,144,72,0
capture_01_ring_buffer.btsnoop,747.639977,2,adapting,67,67,43,0,59,94,0,144,72,0
capture_01_ring_buffer.btsnoop,748.033384,3,in_motion,67,67,43,0,59,94,0,144,72,0
capture_01_ring_buffer.btsnoop,748.339497,3,in_motion,67,67,43,0,59,94,0,144,72,0
capture_01_ring_buffer.btsnoop,748.646165,3,in_motion,68,68,43,0,59,94,0,144,72,0
capture_01_ring_buffer.btsnoop,749.039704,3,in_motion,69,69,43,0,59,94,0,144,72,0
capture_01_ring_buffer.btsnoop,749.346087,3,in_motion,71,71,43,0,59,94,0,144,72,0
capture_01_ring_buffer.btsnoop,749.652298,3,in_motion,71,71,43,0,59,94,0,144,72,0
capture_01_ring_buffer.btsnoop,750.002221,3,in_motion,72,72,43,0,59,94,0,144,72,0
capture_01_ring_buffer.btsnoop,750.352153,3,in_motion,73,73,43,0,59,94,0,144,72,0
capture_01_ring_buffer.btsnoop,750.658669,3,in_motion,73,73,43,0,59,94,0,144,72,0
capture_01_ring_buffer.btsnoop,751.008374,3,in_motion,73,73,43,0,59,94,0,144,72,0
capture_01_ring_buffer.btsnoop,751.358672,3,in_motion,74,74,43,0,59,94,0,144,72,0
capture_01_ring_buffer.btsnoop,751.708425,3,in_motion,75,75,43,0,59,94,0,144,72,0
capture_01_ring_buffer.btsnoop,752.102116,2,adapting,75,75,43,0,59,94,0,144,72,0
capture_01_ring_buffer.btsnoop,752.364487,2,adapting,76,76,43,0,59,94,0,144,72,0
capture_01_ring_buffer.btsnoop,752.714717,2,adapting,76,76,43,0,59,94,0,144,72,0
capture_01_ring_buffer.btsnoop,753.064823,2,adapting,76,76,43,0,59,94,0,144,72,0
capture_01_ring_buffer.btsnoop,753.371189,2,adapting,76,76,43,0,59,94,0,144,72,0
capture_01_ring_buffer.btsnoop,753.720817,2,adapting,75,75,43,0,59,94,0,144,72,0
capture_01_ring_buffer.btsnoop,754.070867,2,adapting,70,70,43,0,59,94,0,144,72,0
capture_01_ring_buffer.btsnoop,754.377405,2,adapting,70,70,43,0,59,94,0,144,72,0
capture_01_ring_buffer.btsnoop,754.771178,2,adapting,70,70,43,0,59,94,0,144,72,0
capture_01_ring_buffer.btsnoop,755.121369,2,adapting,70,70,43,0,59,94,0,144,72,0
capture_01_ring_buffer.btsnoop,755.383538,2,adapting,70,70,43,0,59,94,0,144,72,0
capture_01_ring_buffer.btsnoop,755.73359,2,adapting,70,70,43,0,59,94,0,144,72,0
capture_01_ring_buffer.btsnoop,756.127382,2,adapting,70,70,43,0,59,94,0,144,72,0
capture_01_ring_buffer.btsnoop,756.390085,2,adapting,70,70,43,0,59,94,0,144,72,0
capture_01_ring_buffer.btsnoop,756.783393,2,adapting,70,70,43,0,59,94,0,144,72,0
capture_01_ring_buffer.btsnoop,757.133398,2,adapting,70,70,43,0,59,94,0,144,72,0
capture_01_ring_buffer.btsnoop,757.439843,2,adapting,70,70,43,0,59,94,0,144,72,0
capture_01_ring_buffer.btsnoop,757.74618,2,adapting,70,70,43,0,59,94,0,144,72,0
capture_01_ring_buffer.btsnoop,758.096285,2,adapting,70,70,43,0,59,94,0,144,72,0
capture_01_ring_buffer.btsnoop,758.446193,2,adapting,70,70,43,0,59,94,0,144,72,0
capture_01_ring_buffer.btsnoop,758.752467,2,adapting,70,70,43,0,59,94,0,144,72,0
capture_01_ring_buffer.btsnoop,759.189787,3,in_motion,70,70,43,0,59,94,0,144,72,0
capture_01_ring_buffer.btsnoop,759.758603,3,in_motion,70,70,43,0,59,94,0,144,72,0
capture_01_ring_buffer.btsnoop,760.15235,2,adapting,70,70,43,0,59,94,0,144,72,0
capture_01_ring_buffer.btsnoop,760.458599,2,adapting,70,70,43,0,59,94,0,144,72,0
capture_01_ring_buffer.btsnoop,760.808595,2,adapting,70,70,43,0,59,94,0,144,72,0
capture_01_ring_buffer.btsnoop,761.158496,2,adapting,70,70,43,0,59,94,0,144,72,0
capture_01_ring_buffer.btsnoop,761.465191,2,adapting,70,70,43,0,59,94,0,144,72,0
capture_01_ring_buffer.btsnoop,761.81499,2,adapting,70,70,43,0,59,94,0,144,72,0
capture_01_ring_buffer.btsnoop,762.121256,2,adapting,70,70,43,0,59,94,0,144,72,0
capture_01_ring_buffer.btsnoop,762.471285,2,adapting,70,70,43,0,59,94,0,144,72,0
capture_01_ring_buffer.btsnoop,762.821112,2,adapting,70,70,43,0,59,94,0,144,72,0
capture_01_ring_buffer.btsnoop,763.214765,2,adapting,70,70,43,0,59,94,0,144,72,0
capture_01_ring_buffer.btsnoop,763.477193,2,adapting,70,70,43,0,59,94,0,144,72,0
capture_01_ring_buffer.btsnoop,763.827574,2,adapting,70,70,43,0,59,94,0,144,72,0
capture_01_ring_buffer.btsnoop,764.177233,2,adapting,70,70,43,0,59,94,0,144,72,0
capture_01_ring_buffer.btsnoop,764.483512,2,adapting,70,70,43,0,59,94,0,144,72,0
capture_01_ring_buffer.btsnoop,764.83374,2,adapting,70,70,43,0,59,94,0,144,72,0
capture_01_ring_buffer.btsnoop,765.227324,2,adapting,70,70,43,0,59,94,0,144,72,0
capture_01_ring_buffer.btsnoop,765.489937,2,adapting,70,70,43,0,59,94,0,144,72,0
capture_01_ring_buffer.btsnoop,765.839831,2,adapting,70,70,43,0,59,94,0,144,72,0
capture_01_ring_buffer.btsnoop,766.233677,3,in_motion,70,70,43,0,59,94,0,144,72,0
capture_01_ring_buffer.btsnoop,766.539833,3,in_motion,70,70,43,0,59,94,0,144,72,0
capture_01_ring_buffer.btsnoop,766.846126,3,in_motion,70,70,43,0,59,94,0,144,72,0
capture_01_ring_buffer.btsnoop,767.195998,3,in_motion,70,70,43,0,59,94,0,144,72,0
capture_01_ring_buffer.btsnoop,767.545799,3,in_motion,70,70,43,0,59,94,0,144,72,0
capture_01_ring_buffer.btsnoop,767.852386,3,in_motion,70,70,43,0,59,94,0,144,72,0
capture_01_ring_buffer.btsnoop,768.246068,3,in_motion,70,70,43,0,59,94,0,144,72,0
capture_01_ring_buffer.btsnoop,768.552313,3,in_motion,70,70,43,0,59,94,0,144,72,0
capture_01_ring_buffer.btsnoop,768.858626,3,in_motion,70,70,43,0,59,94,0,144,72,0
capture_01_ring_buffer.btsnoop,769.252453,3,in_motion,70,70,43,0,59,94,0,144,72,0
capture_01_ring_buffer.btsnoop,769.558611,3,in_motion,70,70,43,0,59,94,0,144,72,0
capture_01_ring_buffer.btsnoop,769.90872,3,in_motion,70,70,43,0,59,94,0,144,72,0
capture_01_ring_buffer.btsnoop,770.258662,3,in_motion,70,70,43,0,59,94,0,144,72,0
capture_01_ring_buffer.btsnoop,770.564876,3,in_motion,70,70,43,0,59,94,0,144,72,0
capture_01_ring_buffer.btsnoop,770.915047,3,in_motion,70,70,43,0,59,94,0,144,72,0
capture_01_ring_buffer.btsnoop,771.308602,2,adapting,70,70,43,0,59,94,0,144,72,0
capture_01_ring_buffer.btsnoop,771.570938,2,adapting,71,71,43,0,59,94,0,144,72,0
capture_01_ring_buffer.btsnoop,771.921047,2,adapting,72,72,43,0,59,94,0,144,72,0
capture_01_ring_buffer.btsnoop,772.31532,2,adapting,72,72,43,0,59,94,0,144,72,0
capture_01_ring_buffer.btsnoop,772.577452,2,adapting,72,72,43,0,59,94,0,144,72,0
capture_01_ring_buffer.btsnoop,772.927566,2,adapting,72,72,43,0,59,94,0,144,72,0
capture_01_ring_buffer.btsnoop,773.321106,2,adapting,72,72,43,0,59,94,0,144,72,0
capture_01_ring_buffer.btsnoop,773.583789,2,adapting,72,72,43,0,59,94,0,144,72,0
capture_01_ring_buffer.btsnoop,773.933537,2,adapting,72,72,43,0,59,94,0,144,72,0
capture_01_ring_buffer.btsnoop,774.283844,2,adapting,72,72,43,0,59,94,0,144,72,0
capture_01_ring_buffer.btsnoop,774.589825,2,adapting,72,72,43,0,59,94,0,144,72,0
capture_01_ring_buffer.btsnoop,774.939866,2,adapting,72,72,43,0,59,94,0,144,72,0
capture_01_ring_buffer.btsnoop,775.377581,2,adapting,72,72,43,0,59,94,0,144,72,0
capture_01_ring_buffer.btsnoop,775.946131,2,adapting,72,72,43,0,59,94,0,144,72,0
capture_01_ring_buffer.btsnoop,776.383918,2,adapting,72,72,63,0,59,94,0,144,72,0
capture_01_ring_buffer.btsnoop,776.952627,2,adapting,72,72,63,0,59,94,0,144,72,0
capture_01_ring_buffer.btsnoop,777.302615,2,adapting,72,72,63,0,59,94,0,144,72,0
capture_01_ring_buffer.btsnoop,777.652369,2,adapting,72,72,63,0,59,94,0,144,72,0
capture_01_ring_buffer.btsnoop,777.958721,2,adapting,72,72,63,0,59,94,0,144,72,0
capture_01_ring_buffer.btsnoop,778.352356,2,adapting,72,72,63,0,59,94,0,144,72,0
capture_01_ring_buffer.btsnoop,778.658703,2,adapting,72,72,63,0,59,94,0,144,72,0
capture_01_ring_buffer.btsnoop,779.008624,2,adapting,72,72,63,0,59,94,0,144,72,0
capture_01_ring_buffer.btsnoop,779.402457,2,adapting,72,72,63,0,59,94,0,144,72,0
capture_01_ring_buffer.btsnoop,779.664895,2,adapting,72,72,63,0,59,94,0,144,72,0
capture_01_ring_buffer.btsnoop,780.01495,2,adapting,72,72,63,0,59,94,0,144,72,0
capture_01_ring_buffer.btsnoop,780.408828,2,adapting,72,72,91,0,59,94,0,144,72,0
capture_01_ring_buffer.btsnoop,780.67105,2,adapting,72,72,91,0,59,94,0,144,72,0
capture_01_ring_buffer.btsnoop,781.021336,2,adapting,72,72,91,0,59,94,0,144,72,0
capture_01_ring_buffer.btsnoop,781.371548,2,adapting,72,72,91,0,59,94,0,144,72,0
capture_01_ring_buffer.btsnoop,781.677384,2,adapting,72,72,91,0,59,94,0,144,72,0
capture_01_ring_buffer.btsnoop,782.027422,2,adapting,72,72,91,0,59,94,0,144,72,0
capture_01_ring_buffer.btsnoop,782.421218,2,adapting,72,72,91,0,59,94,0,144,72,0
capture_01_ring_buffer.btsnoop,782.683791,2,adapting,72,72,91,0,59,94,0,144,72,0
capture_01_ring_buffer.btsnoop,783.033831,2,adapting,72,72,91,0,59,94,0,144,72,0
capture_01_ring_buffer.btsnoop,783.383794,2,adapting,72,72,91,0,59,94,0,144,72,0
capture_01_ring_buffer.btsnoop,783.689964,2,adapting,72,72,91,0,59,94,0,144,72,0
capture_01_ring_buffer.btsnoop,784.083857,2,adapting,72,72,91,0,59,94,0,144,72,0
capture_01_ring_buffer.btsnoop,784.39006,2,adapting,72,72,91,0,59,94,0,144,72,0
capture_01_ring_buffer.btsnoop,784.740082,2,adapting,72,72,91,0,59,94,0,144,72,0
capture_01_ring_buffer.btsnoop,785.046182,2,adapting,72,72,91,0,59,94,0,144,72,0
capture_01_ring_buffer.btsnoop,785.439884,2,adapting,72,72,91,0,59,94,0,144,72,0
capture_01_ring_buffer.btsnoop,785.746208,2,adapting,72,72,91,0,59,94,0,144,72,0
capture_01_ring_buffer.btsnoop,786.052447,2,adapting,72,72,91,0,59,94,0,144,72,0
capture_01_ring_buffer.btsnoop,786.447299,2,adapting,72,72,91,0,59,94,0,144,72,0
capture_01_ring_buffer.btsnoop,786.752604,2,adapting,72,72,91,0,59,94,0,144,72,0
capture_01_ring_buffer.btsnoop,787.1025,2,adapting,72,72,91,0,59,94,0,144,72,0
capture_01_ring_buffer.btsnoop,787.408867,2,adapting,72,72,91,0,59,94,0,144,72,0
capture_01_ring_buffer.btsnoop,787.75867,2,adapting,72,72,91,0,59,94,0,144,72,0
capture_01_ring_buffer.btsnoop,788.108697,2,adapting,72,72,91,0,59,94,0,144,72,0
capture_01_ring_buffer.btsnoop,788.45903,2,adapting,72,72,91,0,59,94,0,144,72,0
capture_01_ring_buffer.btsnoop,788.765048,2,adapting,72,72,91,0,59,94,0,144,72,0
capture_01_ring_buffer.btsnoop,789.115379,2,adapting,72,72,91,0,59,94,0,144,72,0
capture_01_ring_buffer.btsnoop,789.508848,2,adapting,72,72,91,0,59,94,0,144,72,0
capture_01_ring_buffer.btsnoop,789.946259,2,adapting,72,72,91,0,59,94,0,144,69,0
capture_01_ring_buffer.btsnoop,790.646247,2,adapting,72,72,91,0,59,94,0,144,69,0
capture_01_ring_buffer.btsnoop,791.127473,2,adapting,72,72,91,0,59,94,0,144,69,0
capture_01_ring_buffer.btsnoop,791.565215,2,adapting,72,72,91,0,59,94,0,144,69,0
capture_01_ring_buffer.btsnoop,792.133821,2,adapting,72,72,91,0,59,94,0,144,69,0
capture_01_ring_buffer.btsnoop,792.52758,2,adapting,72,72,85,0,59,94,0,144,69,0
capture_01_ring_buffer.btsnoop,792.790001,2,adapting,72,72,85,0,59,94,0,144,69,0
capture_01_ring_buffer.btsnoop,793.139985,2,adapting,72,72,85,0,59,94,0,144,69,0
capture_01_ring_buffer.btsnoop,793.577412,2,adapting,72,72,85,0,59,94,0,144,69,0
capture_01_ring_buffer.btsnoop,794.190214,2,adapting,72,72,85,0,59,94,0,144,69,0
capture_01_ring_buffer.btsnoop,794.540085,2,adapting,72,72,75,0,59,94,0,144,69,0
capture_01_ring_buffer.btsnoop,794.846255,2,adapting,72,72,75,0,59,94,0,144,69,0
capture_01_ring_buffer.btsnoop,795.152513,2,adapting,72,72,75,0,59,94,0,144,69,0
capture_01_ring_buffer.btsnoop,795.546248,2,adapting,72,72,75,0,59,94,0,144,69,0
capture_01_ring_buffer.btsnoop,795.852766,2,adapting,72,72,75,0,59,94,0,144,69,0
capture_01_ring_buffer.btsnoop,796.202885,2,adapting,72,72,75,0,59,94,0,144,69,0
capture_01_ring_buffer.btsnoop,796.55247,2,adapting,72,72,75,0,59,94,0,144,69,0
capture_01_ring_buffer.btsnoop,796.858924,2,adapting,72,72,75,0,59,94,0,144,69,0
capture_01_ring_buffer.btsnoop,797.208784,2,adapting,72,72,75,0,59,94,0,144,69,0
capture_01_ring_buffer.btsnoop,797.559281,2,adapting,72,72,75,0,59,94,0,144,69,0
capture_01_ring_buffer.btsnoop,797.865293,2,adapting,72,72,75,0,59,94,0,144,69,0
capture_01_ring_buffer.btsnoop,798.21507,2,adapting,72,72,75,0,59,94,0,144,69,0
capture_01_ring_buffer.btsnoop,798.56502,2,adapting,72,72,75,0,59,94,0,144,69,0
capture_01_ring_buffer.btsnoop,798.915187,2,adapting,72,72,75,0,59,94,0,144,69,0
capture_01_ring_buffer.btsnoop,799.221661,2,adapting,72,72,75,0,59,94,0,144,69,0
capture_01_ring_buffer.btsnoop,799.615194,2,adapting,72,72,75,0,59,94,0,144,69,0
capture_01_ring_buffer.btsnoop,799.877557,2,adapting,72,72,75,0,59,94,0,144,69,0
capture_01_ring_buffer.btsnoop,800.227447,2,adapting,72,72,75,0,59,94,0,144,69,0
capture_01_ring_buffer.btsnoop,800.577559,2,adapting,72,72,75,0,59,94,0,144,69,0
capture_01_ring_buffer.btsnoop,800.883905,2,adapting,72,72,75,0,59,94,0,144,69,0
capture_01_ring_buffer.btsnoop,801.233829,2,adapting,72,72,75,0,59,94,0,144,69,0
capture_01_ring_buffer.btsnoop,801.584047,2,adapting,72,72,75,0,59,94,0,144,69,0
capture_01_ring_buffer.btsnoop,801.890246,2,adapting,72,72,75,0,59,94,0,144,69,0
capture_01_ring_buffer.btsnoop,802.240337,2,adapting,72,72,75,0,59,94,0,144,69,0
capture_01_ring_buffer.btsnoop,802.589991,2,adapting,72,72,75,0,59,94,0,144,69,0
capture_01_ring_buffer.btsnoop,802.940001,2,adapting,72,72,75,0,59,94,0,144,69,0
capture_01_ring_buffer.btsnoop,803.290307,2,adapting,72,72,75,0,59,94,0,144,69,0
capture_01_ring_buffer.btsnoop,803.596416,2,adapting,72,72,75,0,59,94,0,144,69,0
capture_01_ring_buffer.btsnoop,803.946362,2,adapting,72,72,75,0,59,94,0,144,69,0
capture_01_ring_buffer.btsnoop,804.252566,2,adapting,72,72,75,0,59,94,0,144,69,0
capture_01_ring_buffer.btsnoop,804.646589,2,adapting,72,72,64,0,59,94,0,144,69,0
capture_01_ring_buffer.btsnoop,804.952545,2,adapting,72,72,64,0,59,94,0,144,69,0
capture_01_ring_buffer.btsnoop,805.302912,2,adapting,72,72,64,0,59,94,0,144,69,0
capture_01_ring_buffer.btsnoop,805.696286,2,adapting,72,72,64,0,59,94,0,144,69,0
capture_01_ring_buffer.btsnoop,805.958807,2,adapting,72,72,64,0,59,94,0,144,69,0
capture_01_ring_buffer.btsnoop,806.308888,2,adapting,73,73,64,0,59,94,0,144,69,0
capture_01_ring_buffer.btsnoop,806.659023,2,adapting,73,73,64,0,59,94,0,144,69,0
capture_01_ring_buffer.btsnoop,806.965134,2,adapting,73,73,64,0,59,94,0,144,69,0
capture_01_ring_buffer.btsnoop,807.315153,2,adapting,74,74,64,0,59,94,0,144,69,0
capture_01_ring_buffer.btsnoop,807.665184,2,adapting,74,74,64,0,59,94,0,144,69,0
capture_01_ring_buffer.btsnoop,807.971481,2,adapting,74,74,64,0,59,94,0,144,69,0
capture_01_ring_buffer.btsnoop,808.321525,2,adapting,74,74,64,0,59,94,0,144,69,0
capture_01_ring_buffer.btsnoop,808.671448,2,adapting,74,74,64,0,59,94,0,144,69,0
capture_01_ring_buffer.btsnoop,808.977833,2,adapting,75,75,64,0,59,94,0,144,69,0
capture_01_ring_buffer.btsnoop,809.327645,2,adapting,73,73,64,0,59,94,0,144,69,0
capture_01_ring_buffer.btsnoop,809.677705,2,adapting,73,73,64,0,59,94,0,144,69,0
capture_01_ring_buffer.btsnoop,809.983982,2,adapting,73,73,64,0,59,94,0,144,69,0
capture_01_ring_buffer.btsnoop,810.333888,2,adapting,73,73,64,0,59,94,0,144,69,0
capture_01_ring_buffer.btsnoop,810.727788,2,adapting,73,73,64,0,59,94,0,144,69,0
capture_01_ring_buffer.btsnoop,810.990186,2,adapting,73,73,64,0,59,94,0,144,69,0
capture_01_ring_buffer.btsnoop,811.340261,2,adapting,73,73,64,0,59,94,0,144,69,0
capture_01_ring_buffer.btsnoop,811.733872,2,adapting,73,73,64,0,59,94,0,144,69,0
capture_01_ring_buffer.btsnoop,812.040386,2,adapting,73,73,64,0,59,94,0,144,69,0
capture_01_ring_buffer.btsnoop,812.346535,2,adapting,73,73,64,0,59,94,0,144,69,0
capture_01_ring_buffer.btsnoop,812.827666,2,adapting,73,73,64,0,59,94,0,144,69,0
capture_01_ring_buffer.btsnoop,813.352691,2,adapting,73,73,64,0,59,94,0,144,69,0
capture_01_ring_buffer.btsnoop,813.702688,2,adapting,73,73,64,0,59,94,0,144,69,0
capture_01_ring_buffer.btsnoop,814.052843,2,adapting,73,73,64,0,59,94,0,144,69,0
capture_01_ring_buffer.btsnoop,814.402824,2,adapting,73,73,64,0,59,94,0,144,69,0
capture_01_ring_buffer.btsnoop,814.752613,2,adapting,73,73,64,0,59,94,0,144,69,0
capture_01_ring_buffer.btsnoop,815.058954,2,adapting,73,73,64,0,59,94,0,144,69,0
capture_01_ring_buffer.btsnoop,815.408983,2,adapting,73,73,64,0,59,94,0,144,69,0
capture_01_ring_buffer.btsnoop,815.759505,2,adapting,73,73,64,0,59,94,0,144,69,0
capture_01_ring_buffer.btsnoop,816.065281,2,adapting,73,73,64,0,59,94,0,144,69,0
capture_01_ring_buffer.btsnoop,816.415546,2,adapting,73,73,64,0,59,94,0,144,69,0
capture_01_ring_buffer.btsnoop,816.809032,2,adapting,73,73,93,0,59,94,0,144,69,0
capture_01_ring_buffer.btsnoop,817.071447,2,adapting,73,73,93,0,59,94,0,144,69,0
capture_01_ring_buffer.btsnoop,817.465131,2,adapting,73,73,93,0,59,94,0,144,69,0
capture_01_ring_buffer.btsnoop,817.815202,2,adapting,73,73,93,0,59,94,0,144,69,0
capture_01_ring_buffer.btsnoop,818.121341,2,adapting,73,73,93,0,59,94,0,144,69,0
capture_01_ring_buffer.btsnoop,818.427688,2,adapting,73,73,93,0,59,94,0,144,69,0
capture_01_ring_buffer.btsnoop,818.777836,2,adapting,73,73,93,0,59,94,0,144,69,0
capture_01_ring_buffer.btsnoop,819.084,2,adapting,73,73,93,0,59,94,0,144,69,0
capture_01_ring_buffer.btsnoop,819.434163,2,adapting,73,73,93,0,59,94,0,144,69,0
capture_01_ring_buffer.btsnoop,819.828068,2,adapting,73,73,93,0,59,94,0,144,69,0
capture_01_ring_buffer.btsnoop,820.134025,2,adapting,73,73,93,0,59,94,0,144,69,0
capture_01_ring_buffer.btsnoop,820.440289,2,adapting,73,73,93,0,59,94,0,144,69,0
capture_01_ring_buffer.btsnoop,820.834006,2,adapting,73,73,93,0,59,94,0,144,69,0
capture_01_ring_buffer.btsnoop,821.140273,2,adapting,73,73,93,0,59,94,0,144,69,0
capture_01_ring_buffer.btsnoop,821.446416,2,adapting,73,73,93,0,59,94,0,144,69,0
capture_01_ring_buffer.btsnoop,821.840461,2,adapting,73,73,93,0,59,94,0,144,69,0
capture_01_ring_buffer.btsnoop,822.146689,2,adapting,73,73,93,0,59,94,0,144,69,0
capture_01_ring_buffer.btsnoop,822.452706,2,adapting,73,73,93,0,59,94,0,144,69,0
capture_01_ring_buffer.btsnoop,822.8028,2,adapting,73,73,93,0,59,94,0,144,69,0
capture_01_ring_buffer.btsnoop,823.153108,2,adapting,73,73,93,0,59,94,0,144,69,0
capture_01_ring_buffer.btsnoop,823.502749,2,adapting,73,73,93,0,59,94,0,144,69,0
capture_01_ring_buffer.btsnoop,823.852971,2,adapting,73,73,93,0,59,94,0,144,69,0
capture_01_ring_buffer.btsnoop,824.159139,2,adapting,73,73,93,0,59,94,0,144,69,0
capture_01_ring_buffer.btsnoop,824.509204,2,adapting,73,73,93,0,59,94,0,144,69,0
capture_01_ring_buffer.btsnoop,824.859292,2,adapting,73,73,93,0,59,94,0,144,69,0
capture_01_ring_buffer.btsnoop,825.165315,2,adapting,73,73,93,0,59,94,0,144,69,0
capture_01_ring_buffer.btsnoop,825.515332,2,adapting,73,73,93,0,59,94,0,144,69,0
capture_01_ring_buffer.btsnoop,825.908932,2,adapting,73,73,93,0,59,94,0,144,69,0
capture_01_ring_buffer.btsnoop,826.171394,2,adapting,73,73,93,0,59,94,0,144,69,0
capture_01_ring_buffer.btsnoop,826.52143,2,adapting,73,73,93,0,59,94,0,144,69,0
capture_01_ring_buffer.btsnoop,826.915363,2,adapting,73,73,93,0,59,94,0,144,69,0
capture_01_ring_buffer.btsnoop,827.177767,2,adapting,73,73,93,0,59,94,0,144,69,0
capture_01_ring_buffer.btsnoop,827.527826,2,adapting,73,73,93,0,59,94,0,144,69,0
capture_01_ring_buffer.btsnoop,827.921521,2,adapting,73,73,93,0,59,94,0,144,69,0
capture_01_ring_buffer.btsnoop,828.184083,2,adapting,73,73,93,0,59,94,0,144,69,0
capture_01_ring_buffer.btsnoop,828.534009,2,adapting,73,73,93,0,59,94,0,144,69,0
capture_01_ring_buffer.btsnoop,828.927696,2,adapting,73,73,93,0,59,94,0,144,69,0
capture_01_ring_buffer.btsnoop,829.234119,2,adapting,73,73,93,0,59,94,0,144,69,0
capture_01_ring_buffer.btsnoop,829.540442,2,adapting,73,73,93,0,59,94,0,144,69,0
capture_01_ring_buffer.btsnoop,829.934116,2,adapting,73,73,93,0,59,94,0,144,69,0
capture_01_ring_buffer.btsnoop,830.240217,2,adapting,73,73,93,0,59,94,0,144,69,0
capture_01_ring_buffer.btsnoop,830.546839,2,adapting,73,73,93,0,59,94,0,144,69,0
capture_01_ring_buffer.btsnoop,830.940418,2,adapting,73,73,93,0,59,94,0,144,69,0
capture_01_ring_buffer.btsnoop,831.246786,2,adapting,73,73,93,0,59,94,0,144,69,0
capture_01_ring_buffer.btsnoop,831.552861,2,adapting,73,73,93,0,59,94,0,144,69,0
capture_01_ring_buffer.btsnoop,831.902844,2,adapting,73,73,93,0,59,94,0,144,69,0
capture_01_ring_buffer.btsnoop,832.252785,2,adapting,73,73,93,0,59,94,0,144,69,0
capture_01_ring_buffer.btsnoop,832.602793,2,adapting,73,73,93,0,59,94,0,144,69,0
capture_01_ring_buffer.btsnoop,832.996555,2,adapting,73,73,93,0,59,94,0,144,69,0
capture_01_ring_buffer.btsnoop,833.259192,2,adapting,73,73,93,0,59,94,0,144,69,0
capture_01_ring_buffer.btsnoop,833.609014,2,adapting,73,73,93,0,59,94,0,144,69,0
capture_01_ring_buffer.btsnoop,833.959007,2,adapting,73,73,93,0,59,94,0,144,69,0
capture_01_ring_buffer.btsnoop,834.265549,2,adapting,73,73,93,0,59,94,0,144,69,0
capture_01_ring_buffer.btsnoop,834.615328,2,adapting,73,73,93,0,59,94,0,144,69,0
capture_01_ring_buffer.btsnoop,835.009261,2,adapting,74,74,93,0,59,94,0,144,69,0
capture_01_ring_buffer.btsnoop,835.271963,2,adapting,74,74,93,0,59,94,0,144,69,0
capture_01_ring_buffer.btsnoop,835.621611,2,adapting,74,74,93,0,59,94,0,144,69,0
capture_01_ring_buffer.btsnoop,836.015373,2,adapting,74,74,87,0,59,94,0,144,69,0
capture_01_ring_buffer.btsnoop,836.278377,2,adapting,74,74,87,0,59,94,0,144,69,0
capture_01_ring_buffer.btsnoop,836.627912,2,adapting,74,74,87,0,59,94,0,144,69,0
capture_01_ring_buffer.btsnoop,836.977947,2,adapting,74,74,87,0,59,94,0,144,69,0
capture_01_ring_buffer.btsnoop,837.284196,2,adapting,74,74,87,0,59,94,0,144,69,0
capture_01_ring_buffer.btsnoop,837.634029,2,adapting,74,74,87,0,59,94,0,144,69,0
capture_01_ring_buffer.btsnoop,838.028105,2,adapting,74,74,73,0,59,94,0,144,69,0
capture_01_ring_buffer.btsnoop,838.290843,2,adapting,74,74,73,0,59,94,0,144,69,0
capture_01_ring_buffer.btsnoop,838.640614,2,adapting,74,74,73,0,59,94,0,144,69,0
capture_01_ring_buffer.btsnoop,838.990405,2,adapting,74,74,73,0,59,94,0,144,69,0
capture_01_ring_buffer.btsnoop,839.340448,2,adapting,74,74,73,0,59,94,0,144,69,0
capture_01_ring_buffer.btsnoop,839.646722,2,adapting,74,74,73,0,59,94,0,144,69,0
capture_01_ring_buffer.btsnoop,840.04064,2,adapting,74,74,64,0,59,94,0,144,69,0
capture_01_ring_buffer.btsnoop,840.346896,2,adapting,74,74,64,0,59,94,0,144,69,0
capture_01_ring_buffer.btsnoop,840.653053,2,adapting,74,74,64,0,59,94,0,144,69,0
capture_01_ring_buffer.btsnoop,841.046681,2,adapting,74,74,64,0,59,94,0,144,69,0
capture_01_ring_buffer.btsnoop,841.352982,2,adapting,74,74,64,0,59,94,0,144,69,0
capture_01_ring_buffer.btsnoop,841.703046,2,adapting,74,74,64,0,59,94,0,144,69,0
capture_01_ring_buffer.btsnoop,842.052921,2,adapting,74,74,45,0,59,94,0,144,69,0
capture_01_ring_buffer.btsnoop,842.359467,2,adapting,74,74,45,0,59,94,0,144,69,0
capture_01_ring_buffer.btsnoop,842.709175,2,adapting,74,74,45,0,59,94,0,144,69,0
capture_01_ring_buffer.btsnoop,843.059197,2,adapting,74,74,45,0,59,94,0,144,69,0
capture_01_ring_buffer.btsnoop,843.365411,2,adapting,74,74,45,0,59,94,0,144,69,0
capture_01_ring_buffer.btsnoop,843.715565,2,adapting,74,74,45,0,59,94,0,144,69,0
capture_01_ring_buffer.btsnoop,844.109098,2,adapting,74,74,45,0,59,94,0,144,69,0
capture_01_ring_buffer.btsnoop,844.37167,2,adapting,74,74,45,0,59,94,0,144,69,0
capture_01_ring_buffer.btsnoop,844.721716,2,adapting,74,74,45,0,59,94,0,144,69,0
capture_01_ring_buffer.btsnoop,845.115556,2,adapting,74,74,45,0,59,94,0,144,69,0
capture_01_ring_buffer.btsnoop,845.378436,2,adapting,74,74,45,0,59,94,0,144,69,0
capture_01_ring_buffer.btsnoop,845.727933,2,adapting,74,74,45,0,59,94,0,144,69,0
capture_01_ring_buffer.btsnoop,846.077999,2,adapting,74,74,45,0,59,94,0,144,69,0
capture_01_ring_buffer.btsnoop,846.385155,2,adapting,74,74,45,0,59,94,0,144,69,0
capture_01_ring_buffer.btsnoop,846.734094,2,adapting,74,74,45,0,59,94,0,144,69,0
capture_01_ring_buffer.btsnoop,847.12782,2,adapting,74,74,45,0,59,94,0,144,69,0
capture_01_ring_buffer.btsnoop,847.434115,2,adapting,74,74,45,0,59,94,0,144,69,0
capture_01_ring_buffer.btsnoop,847.740418,2,adapting,74,74,45,0,59,94,0,144,69,0
capture_01_ring_buffer.btsnoop,848.090641,2,adapting,74,74,45,0,59,94,0,144,69,0
capture_01_ring_buffer.btsnoop,848.440428,2,adapting,74,74,45,0,59,94,0,144,69,0
capture_01_ring_buffer.btsnoop,848.746781,2,adapting,74,74,45,0,59,94,0,144,69,0
capture_01_ring_buffer.btsnoop,849.140616,2,adapting,74,74,45,0,59,94,0,144,69,0
capture_01_ring_buffer.btsnoop,849.446747,2,adapting,74,74,45,0,59,94,0,144,69,0
capture_01_ring_buffer.btsnoop,849.752889,2,adapting,74,74,45,0,59,94,0,144,69,0
capture_01_ring_buffer.btsnoop,850.190594,2,adapting,74,74,45,0,59,94,0,144,69,0
capture_01_ring_buffer.btsnoop,850.453012,2,adapting,74,74,45,0,59,94,0,144,63,0
capture_01_ring_buffer.btsnoop,850.802982,2,adapting,74,74,45,0,59,94,0,144,63,0
capture_01_ring_buffer.btsnoop,851.153217,2,adapting,74,74,45,0,59,94,0,144,63,0
capture_01_ring_buffer.btsnoop,851.459348,2,adapting,74,74,45,0,59,94,0,144,63,0
capture_01_ring_buffer.btsnoop,851.809402,2,adapting,74,74,45,0,59,94,0,144,63,0
capture_01_ring_buffer.btsnoop,852.159312,2,adapting,74,74,45,0,59,94,0,144,63,0
capture_01_ring_buffer.btsnoop,852.465452,2,adapting,74,74,45,0,59,94,0,144,63,0
capture_01_ring_buffer.btsnoop,852.8157,2,adapting,74,74,45,0,59,94,0,144,63,0
capture_01_ring_buffer.btsnoop,853.165514,2,adapting,74,74,45,0,59,94,0,144,63,0
capture_01_ring_buffer.btsnoop,853.471736,2,adapting,74,74,45,0,59,94,0,144,63,0
capture_01_ring_buffer.btsnoop,853.82171,2,adapting,74,74,45,0,59,94,0,144,63,0
capture_01_ring_buffer.btsnoop,854.259458,2,adapting,74,74,45,0,59,94,0,144,63,0
capture_01_ring_buffer.btsnoop,854.828374,2,adapting,74,74,45,0,59,94,0,144,63,0
capture_01_ring_buffer.btsnoop,855.221868,2,adapting,74,74,45,0,59,94,0,144,63,0
capture_01_ring_buffer.btsnoop,855.528503,2,adapting,74,74,45,0,59,94,0,144,63,0
capture_01_ring_buffer.btsnoop,855.834269,2,adapting,74,74,45,0,59,94,0,144,63,0
capture_01_ring_buffer.btsnoop,856.228052,2,adapting,74,74,28,0,59,94,0,144,63,0
capture_01_ring_buffer.btsnoop,856.53449,2,adapting,74,74,28,0,59,94,0,144,63,0
capture_01_ring_buffer.btsnoop,856.884197,2,adapting,74,74,28,0,59,94,0,144,63,0
capture_01_ring_buffer.btsnoop,857.23428,2,adapting,74,74,28,0,59,94,0,144,63,0
capture_01_ring_buffer.btsnoop,857.540634,2,adapting,74,74,28,0,59,94,0,144,63,0
capture_01_ring_buffer.btsnoop,857.890591,2,adapting,74,74,28,0,59,94,0,144,63,0
capture_01_ring_buffer.btsnoop,858.24062,2,adapting,74,74,28,0,59,94,0,144,63,0
capture_01_ring_buffer.btsnoop,858.546927,2,adapting,74,74,28,0,59,94,0,144,63,0
capture_01_ring_buffer.btsnoop,858.896988,2,adapting,74,74,28,0,59,94,0,144,63,0
capture_01_ring_buffer.btsnoop,859.246858,2,adapting,74,74,28,0,59,94,0,144,63,0
capture_01_ring_buffer.btsnoop,859.553021,2,adapting,74,74,28,0,59,94,0,144,63,0
capture_01_ring_buffer.btsnoop,859.903147,2,adapting,74,74,28,0,59,94,0,144,63,0
capture_01_ring_buffer.btsnoop,860.253018,2,adapting,74,74,28,0,59,94,0,144,63,0
capture_01_ring_buffer.btsnoop,860.559523,2,adapting,74,74,28,0,59,94,0,144,63,0
capture_01_ring_buffer.btsnoop,860.90976,2,adapting,74,74,28,0,59,94,0,144,63,0
capture_01_ring_buffer.btsnoop,861.303121,2,adapting,74,74,28,0,59,94,0,144,63,0
capture_01_ring_buffer.btsnoop,861.565762,2,adapting,74,74,28,0,59,94,0,144,63,0
capture_01_ring_buffer.btsnoop,861.915797,2,adapting,74,74,28,0,59,94,0,144,63,0
capture_01_ring_buffer.btsnoop,862.265706,2,adapting,74,74,28,0,59,94,0,144,63,0
capture_01_ring_buffer.btsnoop,862.571887,2,adapting,74,74,28,0,59,94,0,144,63,0
capture_01_ring_buffer.btsnoop,862.922075,2,adapting,74,74,28,0,59,94,0,144,63,0
capture_01_ring_buffer.btsnoop,863.31559,2,adapting,74,74,28,0,59,94,0,144,63,0
capture_01_ring_buffer.btsnoop,863.621844,2,adapting,74,74,28,0,59,94,0,144,63,0
capture_01_ring_buffer.btsnoop,863.928008,2,adapting,74,74,28,0,59,94,0,144,63,0
capture_01_ring_buffer.btsnoop,864.32188,2,adapting,74,74,28,0,59,94,0,144,63,0
capture_01_ring_buffer.btsnoop,864.628084,2,adapting,74,74,28,0,59,94,0,144,63,0
capture_01_ring_buffer.btsnoop,864.934414,2,adapting,74,74,28,0,59,94,0,144,63,0
capture_01_ring_buffer.btsnoop,865.328105,2,adapting,74,74,28,0,59,94,0,144,63,0
capture_01_ring_buffer.btsnoop,865.634298,2,adapting,74,74,28,0,59,94,0,144,63,0
capture_01_ring_buffer.btsnoop,865.940794,2,adapting,74,74,28,0,59,94,0,144,63,0
capture_01_ring_buffer.btsnoop,866.290604,2,adapting,74,74,28,0,59,94,0,144,63,0
capture_01_ring_buffer.btsnoop,866.640678,2,adapting,74,74,28,0,59,94,0,144,63,0
capture_01_ring_buffer.btsnoop,866.990725,2,adapting,74,74,28,0,59,94,0,144,63,0
capture_01_ring_buffer.btsnoop,867.340511,2,adapting,74,74,28,0,59,94,0,144,63,0
capture_01_ring_buffer.btsnoop,867.646803,2,adapting,74,74,28,0,59,94,0,144,63,0
capture_01_ring_buffer.btsnoop,867.996873,2,adapting,74,74,28,0,59,94,0,144,63,0
capture_01_ring_buffer.btsnoop,868.303071,2,adapting,74,74,28,0,59,94,0,144,63,0
capture_01_ring_buffer.btsnoop,868.653039,2,adapting,74,74,28,0,59,94,0,144,63,0
capture_01_ring_buffer.btsnoop,869.003054,2,adapting,74,74,28,0,59,94,0,144,63,0
capture_01_ring_buffer.btsnoop,869.35319,2,adapting,74,74,28,0,59,94,0,144,63,0
capture_01_ring_buffer.btsnoop,869.659454,2,adapting,74,74,28,0,59,94,0,144,63,0
capture_01_ring_buffer.btsnoop,870.009395,2,adapting,74,74,28,0,59,94,0,144,63,0
capture_01_ring_buffer.btsnoop,870.447068,2,adapting,74,74,74,0,59,94,0,144,63,0
capture_01_ring_buffer.btsnoop,871.016007,2,adapting,74,74,74,0,59,94,0,144,63,0
capture_01_ring_buffer.btsnoop,871.365624,2,adapting,74,74,74,0,59,94,0,144,63,0
capture_01_ring_buffer.btsnoop,871.671914,2,adapting,74,74,74,0,59,94,0,144,63,0
capture_01_ring_buffer.btsnoop,872.022002,2,adapting,74,74,74,0,59,94,0,144,63,0
capture_01_ring_buffer.btsnoop,872.415544,2,adapting,74,74,74,0,59,94,0,144,63,0
capture_01_ring_buffer.btsnoop,872.721862,2,adapting,74,74,74,0,59,94,0,144,63,0
capture_01_ring_buffer.btsnoop,873.028159,2,adapting,74,74,74,0,59,94,0,144,63,0
capture_01_ring_buffer.btsnoop,873.422075,2,adapting,74,74,74,0,59,94,0,144,63,0
capture_01_ring_buffer.btsnoop,873.728328,2,adapting,74,74,74,0,59,94,0,144,63,0
capture_01_ring_buffer.btsnoop,874.034797,2,adapting,74,74,74,0,59,94,0,144,63,0
capture_01_ring_buffer.btsnoop,874.471977,2,adapting,74,74,45,0,59,94,0,144,63,0
capture_01_ring_buffer.btsnoop,875.084463,2,adapting,74,74,45,0,59,94,0,144,63,0
capture_01_ring_buffer.btsnoop,875.43456,2,adapting,74,74,45,0,59,94,0,144,63,0
capture_01_ring_buffer.btsnoop,875.740717,2,adapting,74,74,45,0,59,94,0,144,63,0
capture_01_ring_buffer.btsnoop,876.090734,2,adapting,74,74,45,0,59,94,0,144,63,0
capture_01_ring_buffer.btsnoop,876.441614,2,adapting,74,74,45,0,59,94,0,144,63,0
capture_01_ring_buffer.btsnoop,876.747271,2,adapting,74,74,45,0,59,94,0,144,63,0
capture_01_ring_buffer.btsnoop,877.097127,2,adapting,74,74,45,0,59,94,0,144,63,0
capture_01_ring_buffer.btsnoop,877.446924,2,adapting,74,74,45,0,59,94,0,144,63,0
capture_01_ring_buffer.btsnoop,877.753117,2,adapting,74,74,45,0,59,94,0,144,63,0
capture_01_ring_buffer.btsnoop,878.103174,2,adapting,74,74,45,0,59,94,0,144,63,0
capture_01_ring_buffer.btsnoop,878.49702,2,adapting,74,74,45,0,59,94,0,144,63,0
capture_01_ring_buffer.btsnoop,878.759499,2,adapting,74,74,45,0,59,94,0,144,63,0
capture_01_ring_buffer.btsnoop,879.109642,2,adapting,74,74,45,0,59,94,0,144,63,0
capture_01_ring_buffer.btsnoop,879.503251,2,adapting,74,74,45,0,59,94,0,144,63,0
capture_01_ring_buffer.btsnoop,879.765697,2,adapting,74,74,45,0,59,94,0,144,63,0
capture_01_ring_buffer.btsnoop,880.115788,2,adapting,74,74,45,0,59,94,0,144,63,0
capture_01_ring_buffer.btsnoop,880.509464,2,adapting,74,74,45,0,59,94,0,144,63,0
capture_01_ring_buffer.btsnoop,880.772122,2,adapting,74,74,45,0,59,94,0,144,63,0
capture_01_ring_buffer.btsnoop,881.121999,2,adapting,74,74,45,0,59,94,0,144,63,0
capture_01_ring_buffer.btsnoop,881.515806,2,adapting,74,74,45,0,59,94,0,144,63,0
capture_01_ring_buffer.btsnoop,881.822058,2,adapting,74,74,45,0,59,94,0,144,63,0
capture_01_ring_buffer.btsnoop,882.128288,2,adapting,74,74,45,0,59,94,0,144,63,0
capture_01_ring_buffer.btsnoop,882.522556,2,adapting,74,74,45,0,59,94,0,144,63,0
capture_01_ring_buffer.btsnoop,882.828813,2,adapting,74,74,45,0,59,94,0,144,63,0
capture_01_ring_buffer.btsnoop,883.134663,2,adapting,74,74,45,0,59,94,0,144,63,0
capture_01_ring_buffer.btsnoop,883.484539,2,adapting,74,74,45,0,59,94,0,144,63,0
capture_01_ring_buffer.btsnoop,883.834452,2,adapting,74,74,45,0,59,94,0,144,63,0
capture_01_ring_buffer.btsnoop,884.228084,2,adapting,74,74,45,0,59,94,0,144,63,0
capture_01_ring_buffer.btsnoop,884.578555,2,adapting,74,74,45,0,59,94,0,144,63,0
capture_01_ring_buffer.btsnoop,884.840932,2,adapting,74,74,45,0,59,94,0,144,63,0
capture_01_ring_buffer.btsnoop,885.190846,2,adapting,74,74,45,0,59,94,0,144,63,0
capture_01_ring_buffer.btsnoop,885.584371,2,adapting,74,74,45,0,59,94,0,144,63,0
capture_01_ring_buffer.btsnoop,885.847843,2,adapting,74,74,45,0,59,94,0,144,63,0
capture_01_ring_buffer.btsnoop,886.198246,2,adapting,74,74,45,0,59,94,0,144,63,0
capture_01_ring_buffer.btsnoop,886.590802,2,adapting,74,74,45,0,59,94,0,144,63,0
capture_01_ring_buffer.btsnoop,886.853394,2,adapting,74,74,45,0,59,94,0,144,63,0
capture_01_ring_buffer.btsnoop,887.203189,2,adapting,74,74,45,0,59,94,0,144,63,0
capture_01_ring_buffer.btsnoop,887.59715,2,adapting,74,74,45,0,59,94,0,144,63,0
capture_01_ring_buffer.btsnoop,887.859471,2,adapting,74,74,45,0,59,94,0,144,63,0
capture_01_ring_buffer.btsnoop,888.209737,2,adapting,74,74,45,0,59,94,0,144,63,0
capture_01_ring_buffer.btsnoop,888.603416,2,adapting,74,74,45,0,59,94,0,144,63,0
capture_01_ring_buffer.btsnoop,888.909467,2,adapting,74,74,45,0,59,94,0,144,63,0
capture_01_ring_buffer.btsnoop,889.215857,2,adapting,74,74,45,0,59,94,0,144,63,0
capture_01_ring_buffer.btsnoop,889.565831,2,adapting,74,74,45,0,59,94,0,144,63,0
capture_01_ring_buffer.btsnoop,889.872013,2,adapting,74,74,45,0,59,94,0,144,63,0
capture_01_ring_buffer.btsnoop,890.222098,2,adapting,74,74,45,0,59,94,0,144,63,0
capture_01_ring_buffer.btsnoop,890.61589,2,adapting,74,74,45,0,59,94,0,144,63,0
capture_01_ring_buffer.btsnoop,890.921971,2,adapting,74,74,45,0,59,94,0,144,63,0
capture_01_ring_buffer.btsnoop,891.228272,2,adapting,74,74,45,0,59,94,0,144,63,0
capture_01_ring_buffer.btsnoop,891.578463,2,adapting,74,74,45,0,59,94,0,144,63,0
capture_01_ring_buffer.btsnoop,891.928618,2,adapting,74,74,45,0,59,94,0,144,63,0
capture_01_ring_buffer.btsnoop,892.234657,2,adapting,74,74,45,0,59,94,0,144,63,0
capture_01_ring_buffer.btsnoop,892.584408,2,adapting,74,74,45,0,59,94,0,144,63,0
capture_01_ring_buffer.btsnoop,892.934594,2,adapting,74,74,45,0,59,94,0,144,63,0
capture_01_ring_buffer.btsnoop,893.28455,2,adapting,74,74,45,0,59,94,0,144,63,0
capture_01_ring_buffer.btsnoop,893.67858,2,adapting,74,74,45,0,59,94,0,144,63,0
capture_01_ring_buffer.btsnoop,893.940926,2,adapting,74,74,45,0,59,94,0,144,63,0
capture_01_ring_buffer.btsnoop,894.290835,2,adapting,74,74,45,0,59,94,0,144,63,0
capture_01_ring_buffer.btsnoop,894.640859,2,adapting,74,74,45,0,59,94,0,144,63,0
capture_01_ring_buffer.btsnoop,894.947351,2,adapting,74,74,45,0,59,94,0,144,63,0
capture_01_ring_buffer.btsnoop,895.29717,2,adapting,74,74,45,0,59,94,0,144,63,0
capture_01_ring_buffer.btsnoop,895.6472,2,adapting,74,74,45,0,59,94,0,144,63,0
capture_01_ring_buffer.btsnoop,895.953508,2,adapting,75,75,45,0,59,94,0,144,63,0
capture_01_ring_buffer.btsnoop,896.303364,2,adapting,76,76,45,0,59,94,0,144,63,0
capture_01_ring_buffer.btsnoop,896.653378,2,adapting,76,76,45,0,59,94,0,144,63,0
capture_01_ring_buffer.btsnoop,896.959776,2,adapting,77,77,45,0,59,94,0,144,63,0
capture_01_ring_buffer.btsnoop,897.3095,2,adapting,77,77,45,0,59,94,0,144,63,0
capture_01_ring_buffer.btsnoop,897.659649,2,adapting,78,78,45,0,59,94,0,144,63,0
capture_01_ring_buffer.btsnoop,897.96597,2,adapting,78,78,45,0,59,94,0,144,63,0
capture_01_ring_buffer.btsnoop,898.315897,2,adapting,78,78,45,0,59,94,0,144,63,0
capture_01_ring_buffer.btsnoop,898.753316,2,adapting,72,72,45,0,59,94,0,144,63,0
capture_01_ring_buffer.btsnoop,899.322465,2,adapting,72,72,45,0,59,94,0,144,63,0
capture_01_ring_buffer.btsnoop,899.716079,2,adapting,72,72,45,0,59,94,0,144,63,0
capture_01_ring_buffer.btsnoop,900.022085,2,adapting,72,72,45,0,59,94,0,144,63,0
capture_01_ring_buffer.btsnoop,900.328602,2,adapting,72,72,45,0,59,94,0,144,63,0
capture_01_ring_buffer.btsnoop,900.766046,2,adapting,72,72,45,0,59,94,0,144,63,0
capture_01_ring_buffer.btsnoop,901.334569,2,adapting,72,72,45,0,59,94,0,144,63,0
capture_01_ring_buffer.btsnoop,901.728385,2,adapting,72,72,45,0,59,94,0,144,63,0
capture_01_ring_buffer.btsnoop,902.034801,2,adapting,72,72,45,0,59,94,0,144,63,0
capture_01_ring_buffer.btsnoop,902.384687,2,adapting,72,72,45,0,59,94,0,144,63,0
capture_01_ring_buffer.btsnoop,902.734619,2,adapting,72,72,45,0,59,94,0,144,63,0
capture_01_ring_buffer.btsnoop,903.041085,2,adapting,72,72,45,0,59,94,0,144,63,0
capture_01_ring_buffer.btsnoop,903.391032,2,adapting,72,72,45,0,59,94,0,144,63,0
capture_01_ring_buffer.btsnoop,903.740914,2,adapting,72,72,45,0,59,94,0,144,63,0
capture_01_ring_buffer.btsnoop,904.047104,2,adapting,72,72,45,0,59,94,0,144,63,0
capture_01_ring_buffer.btsnoop,904.397133,2,adapting,72,72,45,0,59,94,0,144,63,0
capture_01_ring_buffer.btsnoop,904.703311,2,adapting,72,72,45,0,59,94,0,144,63,0
capture_01_ring_buffer.btsnoop,905.053362,2,adapting,72,72,45,0,59,94,0,144,63,0
capture_01_ring_buffer.btsnoop,905.403326,2,adapting,72,72,45,0,59,94,0,144,63,0
capture_01_ring_buffer.btsnoop,905.797203,2,adapting,72,72,45,0,59,94,0,144,63,0
capture_01_ring_buffer.btsnoop,906.059614,2,adapting,72,72,45,0,59,94,0,144,63,0
capture_01_ring_buffer.btsnoop,906.410093,2,adapting,72,72,45,0,59,94,0,144,63,0
capture_01_ring_buffer.btsnoop,906.847196,2,adapting,72,72,45,0,59,94,0,144,63,0
capture_01_ring_buffer.btsnoop,907.41585,2,adapting,72,72,45,0,59,94,0,144,63,0
capture_01_ring_buffer.btsnoop,907.765995,2,adapting,72,72,45,0,59,94,0,144,63,0
capture_01_ring_buffer.btsnoop,908.072169,2,adapting,72,72,45,0,59,94,0,144,63,0
capture_01_ring_buffer.btsnoop,908.42213,2,adapting,72,72,45,0,59,94,0,144,63,0
capture_01_ring_buffer.btsnoop,908.815906,2,adapting,72,72,45,0,59,94,0,144,63,0
capture_01_ring_buffer.btsnoop,909.122173,2,adapting,72,72,45,0,59,94,0,144,63,0
capture_01_ring_buffer.btsnoop,909.428393,2,adapting,72,72,45,0,59,94,0,144,63,0
capture_01_ring_buffer.btsnoop,909.82221,2,adapting,72,72,45,0,59,94,0,144,63,0
capture_01_ring_buffer.btsnoop,910.128428,2,adapting,72,72,45,0,59,94,0,144,63,0
capture_01_ring_buffer.btsnoop,910.434922,2,adapting,72,72,45,0,59,94,0,144,63,0
capture_01_ring_buffer.btsnoop,910.828639,2,adapting,72,72,45,0,59,94,0,144,63,0
capture_01_ring_buffer.btsnoop,911.134681,2,adapting,72,72,45,0,59,94,0,144,55,0
capture_01_ring_buffer.btsnoop,911.484934,2,adapting,72,72,45,0,59,94,0,144,55,0
capture_01_ring_buffer.btsnoop,911.790972,2,adapting,72,72,45,0,59,94,0,144,55,0
capture_01_ring_buffer.btsnoop,912.140932,2,adapting,72,72,45,0,59,94,0,144,55,0
capture_01_ring_buffer.btsnoop,912.534783,2,adapting,72,72,45,0,59,94,0,144,55,0
capture_01_ring_buffer.btsnoop,912.884749,2,adapting,72,72,45,0,59,94,0,144,55,0
capture_01_ring_buffer.btsnoop,913.14721,2,adapting,72,72,45,0,59,94,0,144,55,0
capture_01_ring_buffer.btsnoop,913.497251,2,adapting,72,72,45,0,59,94,0,144,55,0
capture_01_ring_buffer.btsnoop,913.847306,2,adapting,72,72,45,0,59,94,0,144,55,0
capture_01_ring_buffer.btsnoop,914.153766,2,adapting,72,72,45,0,59,94,0,144,55,0
capture_01_ring_buffer.btsnoop,914.503679,2,adapting,72,72,45,0,59,94,0,144,55,0
capture_01_ring_buffer.btsnoop,914.897224,2,adapting,72,72,45,0,59,94,0,144,55,0
capture_01_ring_buffer.btsnoop,915.159824,2,adapting,72,72,45,0,59,94,0,144,55,0
capture_01_ring_buffer.btsnoop,915.509702,2,adapting,72,72,45,0,59,94,0,144,55,0
capture_01_ring_buffer.btsnoop,915.859745,2,adapting,72,72,45,0,59,94,0,144,55,0
capture_01_ring_buffer.btsnoop,916.166393,2,adapting,72,72,45,0,59,94,0,144,55,0
capture_01_ring_buffer.btsnoop,916.516579,2,adapting,72,72,45,0,59,94,0,144,55,0
capture_01_ring_buffer.btsnoop,916.909756,2,adapting,72,72,45,0,59,94,0,144,55,0
capture_01_ring_buffer.btsnoop,917.172318,2,adapting,72,72,45,0,59,94,0,144,55,0
capture_01_ring_buffer.btsnoop,917.566285,2,adapting,72,72,45,0,59,94,0,144,55,0
capture_01_ring_buffer.btsnoop,917.872175,2,adapting,72,72,45,0,59,94,0,144,55,0
capture_01_ring_buffer.btsnoop,918.222473,2,adapting,72,72,45,0,59,94,0,144,55,0
capture_01_ring_buffer.btsnoop,918.528563,2,adapting,73,73,45,0,59,94,0,144,55,0
capture_01_ring_buffer.btsnoop,918.878828,2,adapting,73,73,45,0,59,94,0,144,55,0
capture_01_ring_buffer.btsnoop,919.228594,2,adapting,74,74,45,0,59,94,0,144,55,0
capture_01_ring_buffer.btsnoop,919.534842,2,adapting,74,74,45,0,59,94,0,144,55,0
capture_01_ring_buffer.btsnoop,919.972287,2,adapting,74,74,45,0,59,94,0,144,55,0
capture_01_ring_buffer.btsnoop,920.235086,2,adapting,74,74,45,0,59,94,0,144,55,0
capture_01_ring_buffer.btsnoop,920.584763,2,adapting,74,74,45,0,59,94,0,144,55,0
capture_01_ring_buffer.btsnoop,920.934844,2,adapting,74,74,45,0,59,94,0,144,55,0
capture_01_ring_buffer.btsnoop,921.240999,2,adapting,74,74,45,0,59,94,0,144,55,0
capture_01_ring_buffer.btsnoop,921.591156,2,adapting,74,74,45,0,59,94,0,144,55,0
capture_01_ring_buffer.btsnoop,921.941265,2,adapting,74,74,45,0,59,94,0,144,55,0
capture_01_ring_buffer.btsnoop,922.247543,2,adapting,74,74,45,0,59,94,0,144,55,0
capture_01_ring_buffer.btsnoop,922.597632,2,adapting,74,74,45,0,59,94,0,144,55,0
capture_01_ring_buffer.btsnoop,922.947406,2,adapting,74,74,45,0,59,94,0,144,55,0
capture_01_ring_buffer.btsnoop,923.253566,2,adapting,74,74,45,0,59,94,0,144,55,0
capture_01_ring_buffer.btsnoop,923.603695,2,adapting,74,74,45,0,59,94,0,144,55,0
capture_01_ring_buffer.btsnoop,923.997309,2,adapting,74,74,45,0,59,94,0,144,55,0
capture_01_ring_buffer.btsnoop,924.259844,2,adapting,74,74,45,0,59,94,0,144,55,0
capture_01_ring_buffer.btsnoop,924.609843,2,adapting,74,74,45,0,59,94,0,144,55,0
capture_01_ring_buffer.btsnoop,924.959878,2,adapting,74,74,45,0,59,94,0,144,55,0
capture_01_ring_buffer.btsnoop,925.266629,2,adapting,74,74,45,0,59,94,0,144,55,0
capture_01_ring_buffer.btsnoop,925.616289,2,adapting,74,74,45,0,59,94,0,144,55,0
capture_01_ring_buffer.btsnoop,926.009934,2,adapting,74,74,0,0,59,94,0,144,55,0
capture_01_ring_buffer.btsnoop,926.316134,2,adapting,74,74,0,0,59,94,0,144,55,0
capture_01_ring_buffer.btsnoop,926.62244,2,adapting,74,74,0,0,59,94,0,144,55,0
capture_01_ring_buffer.btsnoop,927.016063,2,adapting,74,74,0,0,59,94,0,144,55,0
capture_01_ring_buffer.btsnoop,927.322567,2,adapting,74,74,0,0,59,94,0,144,55,0
capture_01_ring_buffer.btsnoop,927.628755,2,adapting,74,74,0,0,59,94,0,144,55,0
capture_01_ring_buffer.btsnoop,928.06613,2,adapting,74,74,43,0,59,94,0,144,55,0
capture_01_ring_buffer.btsnoop,928.678599,2,adapting,74,74,43,0,59,94,0,144,55,0
capture_01_ring_buffer.btsnoop,929.028668,2,adapting,74,74,43,0,59,94,0,144,55,0
capture_01_ring_buffer.btsnoop,929.335022,2,adapting,74,74,43,0,59,94,0,144,55,0
capture_01_ring_buffer.btsnoop,929.684995,2,adapting,74,74,43,0,59,94,0,144,55,0
capture_01_ring_buffer.btsnoop,929.991139,2,adapting,74,74,43,0,59,94,0,144,55,0
capture_01_ring_buffer.btsnoop,930.341131,2,adapting,74,74,43,0,59,94,0,144,55,0
capture_01_ring_buffer.btsnoop,930.691342,2,adapting,74,74,43,0,59,94,0,144,55,0
capture_01_ring_buffer.btsnoop,931.084826,2,adapting,74,74,56,0,59,94,0,144,55,0
capture_01_ring_buffer.btsnoop,931.347369,2,adapting,74,74,56,0,59,94,0,144,55,0
capture_01_ring_buffer.btsnoop,931.741105,2,adapting,74,74,56,0,59,94,0,144,55,0
capture_01_ring_buffer.btsnoop,932.047388,2,adapting,74,74,56,0,59,94,0,144,55,0
capture_01_ring_buffer.btsnoop,932.353623,2,adapting,74,74,56,0,59,94,0,144,55,0
capture_01_ring_buffer.btsnoop,932.703792,2,adapting,74,74,56,0,59,94,0,144,55,0
capture_01_ring_buffer.btsnoop,933.098061,2,adapting,74,74,73,0,59,94,0,144,55,0
capture_01_ring_buffer.btsnoop,933.359852,2,adapting,74,74,73,0,59,94,0,144,55,0
capture_01_ring_buffer.btsnoop,933.71029,2,adapting,74,74,73,0,59,94,0,144,55,0
capture_01_ring_buffer.btsnoop,934.103617,2,adapting,74,74,84,0,59,94,0,144,55,0
capture_01_ring_buffer.btsnoop,934.366073,2,adapting,74,74,84,0,59,94,0,144,55,0
capture_01_ring_buffer.btsnoop,934.71668,2,adapting,74,74,84,0,59,94,0,144,55,0
capture_01_ring_buffer.btsnoop,935.066267,2,adapting,74,74,84,0,59,94,0,144,55,0
capture_01_ring_buffer.btsnoop,935.372468,2,adapting,74,74,84,0,59,94,0,144,55,0
capture_01_ring_buffer.btsnoop,935.722438,2,adapting,74,74,84,0,59,94,0,144,55,0
capture_01_ring_buffer.btsnoop,936.117459,2,adapting,74,74,84,0,59,94,0,144,55,0
capture_01_ring_buffer.btsnoop,936.422829,2,adapting,74,74,84,0,59,94,0,144,55,0
capture_01_ring_buffer.btsnoop,936.728749,2,adapting,74,74,84,0,59,94,0,144,55,0
capture_01_ring_buffer.btsnoop,937.078864,2,adapting,74,74,84,0,59,94,0,144,55,0
capture_01_ring_buffer.btsnoop,937.428664,2,adapting,74,74,84,0,59,94,0,144,55,0
capture_01_ring_buffer.btsnoop,937.734832,2,adapting,74,74,84,0,59,94,0,144,55,0
capture_01_ring_buffer.btsnoop,938.172429,2,adapting,74,74,107,0,59,94,0,144,55,0
capture_01_ring_buffer.btsnoop,938.435035,2,adapting,74,74,107,0,59,94,0,144,55,0
capture_01_ring_buffer.btsnoop,938.785084,2,adapting,74,74,107,0,59,94,0,144,55,0
capture_01_ring_buffer.btsnoop,939.135003,2,adapting,74,74,107,0,59,94,0,144,55,0
capture_01_ring_buffer.btsnoop,939.441225,2,adapting,74,74,107,0,59,94,0,144,55,0
capture_01_ring_buffer.btsnoop,939.791226,2,adapting,74,74,107,0,59,94,0,144,55,0
capture_01_ring_buffer.btsnoop,940.141402,2,adapting,74,74,107,0,59,94,0,144,55,0
capture_01_ring_buffer.btsnoop,940.447618,2,adapting,74,74,107,0,59,94,0,144,55,0
capture_01_ring_buffer.btsnoop,940.841244,2,adapting,74,74,107,0,59,94,0,144,55,0
capture_01_ring_buffer.btsnoop,941.191164,2,adapting,74,74,107,0,59,94,0,144,55,0
capture_01_ring_buffer.btsnoop,941.453644,2,adapting,74,74,107,0,59,94,0,144,55,0
capture_01_ring_buffer.btsnoop,941.803685,2,adapting,74,74,107,0,59,94,0,144,55,0
capture_01_ring_buffer.btsnoop,942.15393,2,adapting,74,74,107,0,59,94,0,144,55,0
capture_01_ring_buffer.btsnoop,942.460036,2,adapting,74,74,107,0,59,94,0,144,55,0
capture_01_ring_buffer.btsnoop,942.809832,2,adapting,74,74,107,0,59,94,0,144,55,0
capture_01_ring_buffer.btsnoop,943.160217,2,adapting,74,74,107,0,59,94,0,144,55,0
capture_01_ring_buffer.btsnoop,943.466283,2,adapting,74,74,107,0,59,94,0,144,55,0
capture_01_ring_buffer.btsnoop,943.816209,2,adapting,74,74,107,0,59,94,0,144,55,0
capture_01_ring_buffer.btsnoop,944.209961,2,adapting,74,74,107,0,59,94,0,144,55,0
capture_01_ring_buffer.btsnoop,944.516362,2,adapting,74,74,107,0,59,94,0,144,55,0
capture_01_ring_buffer.btsnoop,944.822548,2,adapting,74,74,107,0,59,94,0,144,55,0
capture_01_ring_buffer.btsnoop,945.172504,2,adapting,74,74,107,0,59,94,0,144,55,0
capture_01_ring_buffer.btsnoop,945.566637,2,adapting,74,74,107,0,59,94,0,144,55,0
capture_01_ring_buffer.btsnoop,945.828929,2,adapting,74,74,107,0,59,94,0,144,55,0
capture_01_ring_buffer.btsnoop,946.178966,2,adapting,74,74,107,0,59,94,0,144,55,0
capture_01_ring_buffer.btsnoop,946.529118,2,adapting,74,74,107,0,59,94,0,144,55,0
capture_01_ring_buffer.btsnoop,946.835035,2,adapting,74,74,107,0,59,94,0,144,55,0
capture_01_ring_buffer.btsnoop,947.22881,2,adapting,74,74,107,0,59,94,0,144,55,0
capture_01_ring_buffer.btsnoop,947.535058,2,adapting,74,74,107,0,59,94,0,144,55,0
capture_01_ring_buffer.btsnoop,947.88499,2,adapting,74,74,107,0,59,94,0,144,55,0
capture_01_ring_buffer.btsnoop,948.235131,2,adapting,74,74,107,0,59,94,0,144,55,0
capture_01_ring_buffer.btsnoop,948.541481,2,adapting,74,74,107,0,59,94,0,144,55,0
capture_01_ring_buffer.btsnoop,948.891329,2,adapting,74,74,107,0,59,94,0,144,55,0
capture_01_ring_buffer.btsnoop,949.241324,2,adapting,74,74,107,0,59,94,0,144,55,0
capture_01_ring_buffer.btsnoop,949.547665,2,adapting,74,74,107,0,59,94,0,144,55,0
capture_01_ring_buffer.btsnoop,949.897852,2,adapting,74,74,107,0,59,94,0,144,55,0
capture_01_ring_buffer.btsnoop,950.334855,4,distracted,34,74,127,0,59,94,0,144,55,0
capture_01_ring_buffer.btsnoop,950.947502,4,distracted,35,74,127,0,59,94,0,144,55,0
capture_01_ring_buffer.btsnoop,951.253814,4,distracted,35,74,127,0,59,94,0,144,55,0
capture_01_ring_buffer.btsnoop,951.603874,4,distracted,35,74,127,0,59,94,0,144,55,0
capture_01_ring_buffer.btsnoop,951.910014,4,distracted,35,74,127,0,59,94,0,144,55,0
capture_01_ring_buffer.btsnoop,952.347471,4,distracted,34,74,127,0,59,94,0,144,55,0
capture_01_ring_buffer.btsnoop,952.916256,4,distracted,35,74,127,0,59,94,0,144,55,0
capture_01_ring_buffer.btsnoop,953.266646,4,distracted,35,74,127,0,59,94,0,144,55,0
capture_01_ring_buffer.btsnoop,953.616444,4,distracted,35,74,127,0,59,94,0,144,55,0
capture_01_ring_buffer.btsnoop,953.966356,4,distracted,35,74,127,0,59,94,0,144,55,0
capture_01_ring_buffer.btsnoop,954.36013,4,distracted,34,74,127,0,59,94,0,144,55,0
capture_01_ring_buffer.btsnoop,954.972656,4,distracted,34,74,127,0,59,94,0,144,55,0
capture_01_ring_buffer.btsnoop,955.322921,4,distracted,34,74,127,0,59,94,0,144,55,0
capture_01_ring_buffer.btsnoop,955.628827,4,distracted,34,74,127,0,59,94,0,144,55,0
capture_01_ring_buffer.btsnoop,955.978915,4,distracted,34,74,127,0,59,94,0,144,55,0
capture_01_ring_buffer.btsnoop,956.328799,4,distracted,35,74,127,0,59,94,0,144,55,0
capture_01_ring_buffer.btsnoop,956.635166,4,distracted,35,74,127,0,59,94,0,144,55,0
capture_01_ring_buffer.btsnoop,956.985283,4,distracted,35,74,127,0,59,94,0,144,55,0
capture_01_ring_buffer.btsnoop,957.335726,4,distracted,35,74,127,0,59,94,0,144,55,0
capture_01_ring_buffer.btsnoop,957.641384,4,distracted,35,74,127,0,59,94,0,144,55,0
capture_01_ring_buffer.btsnoop,957.991256,4,distracted,34,74,127,0,59,94,0,144,55,0
capture_01_ring_buffer.btsnoop,958.341377,4,distracted,35,74,127,0,59,94,0,144,55,0
capture_01_ring_buffer.btsnoop,958.647543,4,distracted,35,74,127,0,59,94,0,144,55,0
capture_01_ring_buffer.btsnoop,958.997634,4,distracted,35,35,127,0,59,94,0,144,55,0
capture_01_ring_buffer.btsnoop,959.347695,4,distracted,35,35,127,0,59,94,0,144,55,0
capture_01_ring_buffer.btsnoop,959.697604,4,distracted,35,35,127,0,59,94,0,144,55,0
capture_01_ring_buffer.btsnoop,960.003984,4,distracted,35,35,127,0,59,94,0,144,55,0
capture_01_ring_buffer.btsnoop,960.397689,4,distracted,34,34,127,0,59,94,0,144,55,0
capture_01_ring_buffer.btsnoop,960.704221,4,distracted,34,34,127,0,59,94,0,144,55,0
capture_01_ring_buffer.btsnoop,961.010313,4,distracted,33,33,127,0,59,94,0,144,55,0
capture_01_ring_buffer.btsnoop,961.404054,4,distracted,33,33,127,0,59,94,0,144,55,0
capture_01_ring_buffer.btsnoop,961.710166,4,distracted,32,32,127,0,59,94,0,144,55,0
capture_01_ring_buffer.btsnoop,962.016404,4,distracted,32,32,127,0,59,94,0,144,55,0
capture_01_ring_buffer.btsnoop,962.410097,4,distracted,32,32,127,0,59,94,0,144,55,0
capture_01_ring_buffer.btsnoop,962.716403,4,distracted,32,32,127,0,59,94,0,144,55,0
capture_01_ring_buffer.btsnoop,963.066298,4,distracted,33,33,127,0,59,94,0,144,55,0
capture_01_ring_buffer.btsnoop,963.416427,4,distracted,34,34,127,0,59,94,0,144,55,0
capture_01_ring_buffer.btsnoop,963.72258,4,distracted,34,34,127,0,59,94,0,144,55,0
capture_01_ring_buffer.btsnoop,964.072758,4,distracted,35,35,127,0,59,94,0,144,55,0
capture_01_ring_buffer.btsnoop,964.379089,4,distracted,35,35,127,0,59,94,0,144,55,0
capture_01_ring_buffer.btsnoop,964.728964,4,distracted,35,35,127,0,59,94,0,144,55,0
capture_01_ring_buffer.btsnoop,965.079009,4,distracted,35,35,127,0,59,94,0,144,55,0
capture_01_ring_buffer.btsnoop,965.472758,4,distracted,35,35,127,0,59,94,0,144,55,0
capture_01_ring_buffer.btsnoop,965.735176,4,distracted,34,34,127,0,59,94,0,144,55,0
capture_01_ring_buffer.btsnoop,966.085081,4,distracted,34,34,127,0,59,94,0,144,55,0
capture_01_ring_buffer.btsnoop,966.479839,4,distracted,33,33,127,0,59,94,0,144,55,0
capture_01_ring_buffer.btsnoop,966.7416,4,distracted,33,33,127,0,59,94,0,144,55,0
capture_01_ring_buffer.btsnoop,967.091414,4,distracted,34,34,127,0,59,94,0,144,55,0
capture_01_ring_buffer.btsnoop,967.441505,4,distracted,34,34,127,0,59,94,0,144,55,0
capture_01_ring_buffer.btsnoop,967.747579,4,distracted,34,34,127,0,59,94,0,144,55,0
capture_01_ring_buffer.btsnoop,968.09772,4,distracted,34,34,127,0,59,94,0,144,55,0
capture_01_ring_buffer.btsnoop,968.491628,4,distracted,33,33,127,0,59,94,0,144,55,0
capture_01_ring_buffer.btsnoop,968.797654,4,distracted,33,33,127,0,59,94,0,144,55,0
capture_01_ring_buffer.btsnoop,969.103917,4,distracted,34,34,127,0,59,94,0,144,55,0
capture_01_ring_buffer.btsnoop,969.454092,4,distracted,34,34,127,0,59,94,0,144,55,0
capture_01_ring_buffer.btsnoop,969.803939,4,distracted,34,34,127,0,59,94,0,144,55,0
capture_01_ring_buffer.btsnoop,970.110503,4,distracted,35,35,127,0,59,94,0,144,55,0
capture_01_ring_buffer.btsnoop,970.460391,4,distracted,35,35,127,0,59,94,0,144,55,0
capture_01_ring_buffer.btsnoop,970.81025,4,distracted,35,35,127,0,59,94,0,144,55,0
capture_01_ring_buffer.btsnoop,971.160087,4,distracted,34,34,127,0,59,94,0,144,55,0
capture_01_ring_buffer.btsnoop,971.553962,4,distracted,54,56,127,0,59,94,0,144,55,0
capture_01_ring_buffer.btsnoop,972.166864,4,distracted,55,57,127,0,59,58,0,18,48,0
capture_01_ring_buffer.btsnoop,972.560229,4,distracted,57,59,190,0,59,58,0,18,48,0
capture_01_ring_buffer.btsnoop,973.172715,4,distracted,57,60,190,0,59,58,0,18,48,0
capture_01_ring_buffer.btsnoop,973.522635,4,distracted,57,60,190,0,59,58,0,18,48,0
capture_01_ring_buffer.btsnoop,973.872755,4,distracted,57,60,190,0,59,58,0,18,48,0
capture_01_ring_buffer.btsnoop,974.179227,4,distracted,57,60,190,0,59,58,0,18,48,0
capture_01_ring_buffer.btsnoop,974.528997,4,distracted,57,60,190,0,59,58,0,18,48,0
capture_01_ring_buffer.btsnoop,974.835296,4,distracted,57,60,190,0,59,58,0,18,48,0
capture_01_ring_buffer.btsnoop,975.229053,4,distracted,57,60,190,0,59,58,0,18,48,0
capture_01_ring_buffer.btsnoop,975.579272,4,distracted,57,60,190,0,59,58,0,18,48,0
capture_01_ring_buffer.btsnoop,975.841682,4,distracted,58,60,190,0,59,58,0,18,48,0
capture_01_ring_buffer.btsnoop,976.191469,4,distracted,57,60,190,0,59,58,0,18,48,0
capture_01_ring_buffer.btsnoop,976.541549,4,distracted,60,67,190,0,59,58,0,18,48,0
capture_01_ring_buffer.btsnoop,976.891535,4,distracted,60,68,190,0,59,58,0,18,48,0
capture_01_ring_buffer.btsnoop,977.197831,7,stressed,60,68,190,0,59,58,0,18,48,0
capture_01_ring_buffer.btsnoop,977.59171,7,stressed,60,68,190,0,59,58,0,18,48,0
capture_01_ring_buffer.btsnoop,977.89776,7,stressed,61,68,190,0,59,58,0,18,48,0
capture_01_ring_buffer.btsnoop,978.204033,7,stressed,61,68,190,0,59,58,0,18,48,0
capture_01_ring_buffer.btsnoop,978.554059,7,stressed,61,68,190,0,59,58,0,18,48,0
capture_01_ring_buffer.btsnoop,978.904286,7,stressed,61,69,190,0,59,58,0,18,48,0
capture_01_ring_buffer.btsnoop,979.254408,7,stressed,61,69,190,0,59,58,0,18,48,0
capture_01_ring_buffer.btsnoop,979.647972,7,stressed,61,54,222,0,59,58,0,18,48,0
capture_01_ring_buffer.btsnoop,980.304098,7,stressed,61,59,222,0,59,58,0,18,48,0
capture_01_ring_buffer.btsnoop,980.610523,7,stressed,61,59,222,0,59,58,0,18,48,0
capture_01_ring_buffer.btsnoop,980.916907,7,stressed,61,59,222,0,59,58,0,18,48,0
capture_01_ring_buffer.btsnoop,981.266728,7,stressed,61,60,222,0,59,58,0,18,48,0
capture_01_ring_buffer.btsnoop,981.616714,7,stressed,64,80,222,0,59,58,0,18,48,0
capture_01_ring_buffer.btsnoop,981.922745,7,stressed,64,80,222,0,59,58,0,18,48,0
capture_01_ring_buffer.btsnoop,982.272784,7,stressed,64,80,222,0,59,58,0,18,48,0
capture_01_ring_buffer.btsnoop,982.666692,7,stressed,64,80,247,0,59,58,0,18,48,0
capture_01_ring_buffer.btsnoop,983.279284,7,stressed,64,80,247,0,59,58,0,18,48,0
capture_01_ring_buffer.btsnoop,983.629062,7,stressed,64,81,247,0,59,58,0,18,48,0
capture_01_ring_buffer.btsnoop,983.979174,7,stressed,64,81,247,0,59,58,0,18,48,0
capture_01_ring_buffer.btsnoop,984.285435,7,stressed,64,81,247,0,59,58,0,18,48,0
capture_01_ring_buffer.btsnoop,984.678949,7,stressed,64,81,255,0,59,58,0,18,48,0
capture_01_ring_buffer.btsnoop,984.985509,7,stressed,64,81,255,0,59,58,0,18,48,0
capture_01_ring_buffer.btsnoop,985.291862,7,stressed,64,81,255,0,59,58,0,18,48,0
capture_01_ring_buffer.btsnoop,985.641636,7,stressed,64,72,255,0,59,58,0,18,48,0
capture_01_ring_buffer.btsnoop,985.991637,7,stressed,64,72,255,0,59,58,0,18,48,0
capture_01_ring_buffer.btsnoop,986.297802,7,stressed,64,72,255,0,59,58,0,18,48,0
capture_01_ring_buffer.btsnoop,986.691777,7,stressed,64,72,236,0,59,58,0,18,48,0
capture_01_ring_buffer.btsnoop,986.997969,7,stressed,64,80,236,0,59,58,0,18,48,0
capture_01_ring_buffer.btsnoop,987.347873,7,stressed,64,80,236,0,59,58,0,18,48,0
capture_01_ring_buffer.btsnoop,987.654,7,stressed,64,80,236,0,59,58,0,18,48,0
capture_01_ring_buffer.btsnoop,988.004386,7,stressed,64,80,236,0,59,58,0,18,48,0
capture_01_ring_buffer.btsnoop,988.354106,7,stressed,64,80,236,0,59,58,0,18,48,0
capture_01_ring_buffer.btsnoop,988.704299,7,stressed,64,80,236,0,59,58,0,18,48,0
capture_01_ring_buffer.btsnoop,989.010759,7,stressed,64,81,236,0,59,58,0,18,48,0
capture_01_ring_buffer.btsnoop,989.360406,7,stressed,64,81,236,0,59,58,0,18,48,0
capture_01_ring_buffer.btsnoop,989.710464,7,stressed,64,81,236,0,59,58,0,18,48,0
capture_01_ring_buffer.btsnoop,990.016631,7,stressed,65,81,236,0,59,58,0,18,48,0
capture_01_ring_buffer.btsnoop,990.366865,7,stressed,65,81,236,0,59,58,0,18,48,0
capture_01_ring_buffer.btsnoop,990.760368,7,stressed,65,82,236,0,59,58,0,18,48,0
capture_01_ring_buffer.btsnoop,991.372945,7,stressed,65,82,236,0,59,58,0,18,48,0
capture_01_ring_buffer.btsnoop,991.722993,7,stressed,65,82,236,0,59,58,0,18,48,0
capture_01_ring_buffer.btsnoop,992.029051,7,stressed,65,82,236,0,59,58,0,18,48,0
capture_01_ring_buffer.btsnoop,992.379328,7,stressed,65,82,236,0,59,58,0,18,48,0
capture_01_ring_buffer.btsnoop,992.816665,7,stressed,64,81,204,0,59,58,0,18,48,0
capture_01_ring_buffer.btsnoop,993.385556,7,stressed,63,80,204,0,59,58,0,18,48,0
capture_01_ring_buffer.btsnoop,993.779135,7,stressed,63,80,204,0,59,58,0,18,48,0
capture_01_ring_buffer.btsnoop,994.085552,7,stressed,63,80,204,0,59,58,0,18,48,0
capture_01_ring_buffer.btsnoop,994.391893,7,stressed,63,80,204,0,59,58,0,18,48,0
capture_01_ring_buffer.btsnoop,994.74168,7,stressed,63,80,204,0,59,58,0,18,48,0
capture_01_ring_buffer.btsnoop,995.091655,7,stressed,64,80,204,0,59,58,0,18,48,0
capture_01_ring_buffer.btsnoop,995.39804,7,stressed,64,80,204,0,59,58,0,18,48,0
capture_01_ring_buffer.btsnoop,995.747998,7,stressed,64,81,204,0,59,58,0,18,48,0
capture_01_ring_buffer.btsnoop,996.098638,7,stressed,64,80,204,0,59,58,0,18,48,0
capture_01_ring_buffer.btsnoop,996.448373,7,stressed,64,80,204,0,59,58,0,18,48,0
capture_01_ring_buffer.btsnoop,996.754135,7,stressed,63,80,204,0,59,58,0,18,48,0
capture_01_ring_buffer.btsnoop,997.104176,7,stressed,64,80,204,0,59,58,0,18,48,0
capture_01_ring_buffer.btsnoop,997.497937,7,stressed,64,80,204,0,59,58,0,18,48,0
capture_01_ring_buffer.btsnoop,998.110503,7,stressed,63,76,255,0,59,58,0,18,48,0
capture_01_ring_buffer.btsnoop,998.460507,7,stressed,63,76,255,0,59,58,0,18,48,0
capture_01_ring_buffer.btsnoop,998.76666,7,stressed,63,76,255,0,59,58,0,18,48,0
capture_01_ring_buffer.btsnoop,999.116654,7,stressed,63,77,255,0,59,58,0,18,48,0
capture_01_ring_buffer.btsnoop,999.466744,7,stressed,63,77,255,0,59,58,0,18,48,0
capture_01_ring_buffer.btsnoop,999.860427,7,stressed,63,77,255,0,59,58,0,18,48,0
capture_01_ring_buffer.btsnoop,1000.4729,7,stressed,63,76,255,0,59,58,0,18,48,0
capture_01_ring_buffer.btsnoop,1000.823027,7,stressed,62,76,255,0,59,58,0,18,48,0
capture_01_ring_buffer.btsnoop,1001.129215,7,stressed,62,76,255,0,59,58,0,18,48,0
capture_01_ring_buffer.btsnoop,1001.4791,7,stressed,63,76,255,0,59,58,0,18,48,0
capture_01_ring_buffer.btsnoop,1001.829344,7,stressed,63,76,255,0,59,58,0,18,48,0
capture_01_ring_buffer.btsnoop,1002.135502,7,stressed,63,76,255,0,59,58,0,18,48,0
capture_01_ring_buffer.btsnoop,1002.485754,7,stressed,62,75,255,0,59,58,0,18,48,0
capture_01_ring_buffer.btsnoop,1002.835505,7,stressed,62,75,255,0,59,58,0,18,48,0
capture_01_ring_buffer.btsnoop,1003.141819,7,stressed,62,75,255,0,59,58,0,18,48,0
capture_01_ring_buffer.btsnoop,1003.491924,7,stressed,62,76,255,0,59,58,0,18,48,0
capture_01_ring_buffer.btsnoop,1003.885902,7,stressed,62,76,255,0,59,58,0,18,48,0
capture_01_ring_buffer.btsnoop,1004.191793,7,stressed,63,76,255,0,59,58,0,18,48,0
capture_01_ring_buffer.btsnoop,1004.498071,7,stressed,62,75,255,0,59,58,0,18,48,0
capture_01_ring_buffer.btsnoop,1004.935668,7,stressed,59,65,255,0,59,58,0,18,48,0
capture_01_ring_buffer.btsnoop,1005.504334,7,stressed,60,65,255,0,59,58,0,18,48,0
capture_01_ring_buffer.btsnoop,1005.89806,7,stressed,60,66,255,0,59,58,0,18,48,0
capture_01_ring_buffer.btsnoop,1006.204399,7,stressed,60,66,255,0,59,58,0,18,48,0
capture_01_ring_buffer.btsnoop,1006.554271,7,stressed,60,66,255,0,59,58,0,18,48,0
capture_01_ring_buffer.btsnoop,1006.904277,7,stressed,60,66,255,0,59,58,0,18,48,0
capture_01_ring_buffer.btsnoop,1007.210589,7,stressed,61,66,255,0,59,58,0,18,48,0
capture_01_ring_buffer.btsnoop,1007.560723,7,stressed,61,66,255,0,59,58,0,18,48,0
capture_01_ring_buffer.btsnoop,1007.954275,7,stressed,61,67,212,0,59,58,0,18,48,0
capture_01_ring_buffer.btsnoop,1008.566761,7,stressed,64,76,212,0,59,58,0,18,48,0
capture_01_ring_buffer.btsnoop,1008.916873,7,stressed,64,76,212,0,59,58,0,18,48,0
capture_01_ring_buffer.btsnoop,1009.223295,7,stressed,63,75,212,0,59,58,0,18,48,0
capture_01_ring_buffer.btsnoop,1009.573045,7,stressed,62,73,212,0,59,58,0,18,48,0
capture_01_ring_buffer.btsnoop,1009.923083,7,stressed,61,73,212,0,59,58,0,18,48,0
capture_01_ring_buffer.btsnoop,1010.229438,7,stressed,60,73,212,0,59,58,0,18,48,0
capture_01_ring_buffer.btsnoop,1010.579435,7,stressed,60,73,212,0,59,58,0,18,48,0
capture_01_ring_buffer.btsnoop,1011.017019,7,stressed,60,73,212,0,59,58,0,18,48,0
capture_01_ring_buffer.btsnoop,1011.585628,7,stressed,61,73,212,0,59,58,0,18,48,0
capture_01_ring_buffer.btsnoop,1011.935587,7,stressed,61,73,212,0,59,58,0,18,48,0
capture_01_ring_buffer.btsnoop,1012.285586,7,stressed,62,73,212,0,59,58,0,18,48,0
capture_01_ring_buffer.btsnoop,1012.591834,7,stressed,62,73,212,0,59,58,0,18,48,0
capture_01_ring_buffer.btsnoop,1012.942023,7,stressed,62,74,212,0,59,58,0,18,48,0
capture_01_ring_buffer.btsnoop,1013.291804,7,stressed,62,74,212,0,59,58,0,18,48,0
capture_01_ring_buffer.btsnoop,1013.598114,7,stressed,63,74,212,0,59,58,0,18,48,0
capture_01_ring_buffer.btsnoop,1013.948106,7,stressed,62,74,212,0,59,58,0,18,48,0
capture_01_ring_buffer.btsnoop,1014.298138,7,stressed,62,74,212,0,59,58,0,18,48,0
capture_01_ring_buffer.btsnoop,1014.604452,7,stressed,62,74,212,0,59,58,0,18,48,0
capture_01_ring_buffer.btsnoop,1014.954589,7,stressed,63,74,212,0,59,58,0,18,48,0
capture_01_ring_buffer.btsnoop,1015.304533,7,stressed,63,74,212,0,59,58,0,18,48,0
capture_01_ring_buffer.btsnoop,1015.654836,7,stressed,62,74,212,0,59,58,0,18,48,0
capture_01_ring_buffer.btsnoop,1016.048245,7,stressed,62,74,212,0,59,58,0,18,48,0
capture_01_ring_buffer.btsnoop,1016.704068,7,stressed,62,74,212,0,59,58,0,18,48,0
capture_01_ring_buffer.btsnoop,1016.966882,7,stressed,62,74,212,0,59,58,0,18,48,0
capture_01_ring_buffer.btsnoop,1017.316874,7,stressed,62,74,212,0,59,58,0,18,48,0
capture_01_ring_buffer.btsnoop,1017.667118,7,stressed,63,74,212,0,59,58,0,18,48,0
capture_01_ring_buffer.btsnoop,1018.016913,7,stressed,63,74,212,0,59,58,0,18,48,0
capture_01_ring_buffer.btsnoop,1018.323055,7,stressed,63,75,212,0,59,58,0,18,48,0
capture_01_ring_buffer.btsnoop,1018.673253,7,stressed,63,75,212,0,59,58,0,18,48,0
capture_01_ring_buffer.btsnoop,1019.023026,7,stressed,63,75,212,0,59,58,0,18,48,0
capture_01_ring_buffer.btsnoop,1019.329483,7,stressed,64,75,212,0,59,58,0,18,48,0
capture_01_ring_buffer.btsnoop,1019.679409,7,stressed,64,75,212,0,59,58,0,18,48,0
capture_01_ring_buffer.btsnoop,1020.073151,7,stressed,64,75,212,0,59,58,0,18,48,0
capture_01_ring_buffer.btsnoop,1020.3794,7,stressed,64,75,212,0,59,58,0,18,48,0
capture_01_ring_buffer.btsnoop,1020.685697,7,stressed,62,74,212,0,59,58,0,18,48,0
capture_01_ring_buffer.btsnoop,1021.079414,7,stressed,62,73,212,0,59,58,0,18,48,0
capture_01_ring_buffer.btsnoop,1021.385584,7,stressed,62,74,212,0,59,58,0,18,48,0
capture_01_ring_buffer.btsnoop,1021.691871,7,stressed,62,74,212,0,59,58,0,18,48,0
capture_01_ring_buffer.btsnoop,1022.042193,7,stressed,63,74,212,0,59,58,0,18,48,0
capture_01_ring_buffer.btsnoop,1022.392106,7,stressed,62,74,212,0,59,58,0,18,48,0
capture_01_ring_buffer.btsnoop,1022.698187,7,stressed,63,74,212,0,59,58,0,18,48,0
capture_01_ring_buffer.btsnoop,1023.048273,7,stressed,63,74,212,0,59,58,0,18,48,0
capture_01_ring_buffer.btsnoop,1023.398215,7,stressed,62,74,212,0,59,58,0,18,48,0
capture_01_ring_buffer.btsnoop,1023.704412,7,stressed,62,74,212,0,59,58,0,18,48,0
capture_01_ring_buffer.btsnoop,1024.141987,7,stressed,62,74,169,0,59,58,0,18,48,0
capture_01_ring_buffer.btsnoop,1024.754519,7,stressed,64,80,169,0,59,58,0,18,48,0
capture_01_ring_buffer.btsnoop,1025.148274,7,stressed,65,80,204,0,59,58,0,18,48,0
capture_01_ring_buffer.btsnoop,1025.760826,7,stressed,65,81,204,0,59,58,0,18,48,0
capture_01_ring_buffer.btsnoop,1026.110885,7,stressed,65,81,204,0,59,58,0,18,48,0
capture_01_ring_buffer.btsnoop,1026.417266,7,stressed,65,81,204,0,59,58,0,18,48,0
capture_01_ring_buffer.btsnoop,1026.766882,7,stressed,65,80,204,0,59,58,0,18,48,0
capture_01_ring_buffer.btsnoop,1027.160595,7,stressed,65,81,204,0,59,58,0,18,48,0
capture_01_ring_buffer.btsnoop,1027.773448,7,stressed,65,81,204,0,59,58,0,18,48,0
capture_01_ring_buffer.btsnoop,1028.123225,7,stressed,65,81,204,0,59,58,0,18,48,0
capture_01_ring_buffer.btsnoop,1028.429498,7,stressed,65,81,204,0,59,58,0,18,48,0
capture_01_ring_buffer.btsnoop,1028.779523,7,stressed,65,81,204,0,59,58,0,18,48,0
capture_01_ring_buffer.btsnoop,1029.17325,7,stressed,65,80,204,0,59,58,0,18,48,0
capture_01_ring_buffer.btsnoop,1029.435975,7,stressed,65,80,204,0,59,58,0,18,48,0
capture_01_ring_buffer.btsnoop,1029.785858,7,stressed,65,80,204,0,59,58,0,18,48,0
capture_01_ring_buffer.btsnoop,1030.135816,7,stressed,65,80,204,0,59,58,0,18,48,0
capture_01_ring_buffer.btsnoop,1030.485763,7,stressed,65,79,204,0,59,58,0,18,48,0
capture_01_ring_buffer.btsnoop,1030.835713,7,stressed,65,79,204,0,59,58,0,18,48,0
capture_01_ring_buffer.btsnoop,1031.142066,7,stressed,65,80,204,0,59,58,0,18,48,0
capture_01_ring_buffer.btsnoop,1031.535826,7,stressed,65,80,204,0,59,58,0,18,48,0
capture_01_ring_buffer.btsnoop,1032.235792,7,stressed,65,80,204,0,59,58,0,18,48,0
capture_01_ring_buffer.btsnoop,1032.804542,7,stressed,65,80,204,0,59,99,0,146,46,0
capture_01_ring_buffer.btsnoop,1033.242312,7,stressed,65,80,204,0,59,99,0,146,46,0
capture_01_ring_buffer.btsnoop,1033.854846,7,stressed,65,80,204,0,59,99,0,146,46,0
capture_01_ring_buffer.btsnoop,1034.248275,7,stressed,65,80,150,0,59,99,0,146,46,0
capture_01_ring_buffer.btsnoop,1034.860705,7,stressed,65,80,150,0,59,99,0,146,46,0
capture_01_ring_buffer.btsnoop,1035.254657,7,stressed,65,80,150,0,59,99,0,146,46,0
capture_01_ring_buffer.btsnoop,1035.867013,7,stressed,65,80,150,0,59,99,0,146,46,0
capture_01_ring_buffer.btsnoop,1036.173264,7,stressed,65,80,150,0,59,99,0,146,46,0
capture_01_ring_buffer.btsnoop,1036.523567,7,stressed,65,80,150,0,59,99,0,146,46,0
capture_01_ring_buffer.btsnoop,1036.873451,7,stressed,65,80,150,0,59,99,0,146,46,0
capture_01_ring_buffer.btsnoop,1037.223459,7,stressed,65,80,150,0,59,99,0,146,46,0
capture_01_ring_buffer.btsnoop,1037.529509,7,stressed,65,80,150,0,59,99,0,146,46,0
capture_01_ring_buffer.btsnoop,1037.923226,7,stressed,65,80,150,0,59,99,0,146,46,0
capture_01_ring_buffer.btsnoop,1038.22956,7,stressed,65,80,150,0,59,99,0,146,46,0
capture_01_ring_buffer.btsnoop,1038.535783,7,stressed,65,80,150,0,59,99,0,146,46,0
capture_01_ring_buffer.btsnoop,1038.886003,4,distracted,65,80,150,0,59,99,0,146,46,0
capture_01_ring_buffer.btsnoop,1039.279506,4,distracted,63,80,176,0,59,99,0,146,46,0
capture_01_ring_buffer.btsnoop,1039.542143,4,distracted,64,80,176,0,59,99,0,146,46,0
capture_01_ring_buffer.btsnoop,1039.892109,4,distracted,64,81,176,0,59,99,0,146,46,0
capture_01_ring_buffer.btsnoop,1040.285821,4,distracted,64,81,176,0,59,99,0,146,46,0
capture_01_ring_buffer.btsnoop,1040.592235,4,distracted,64,81,176,0,59,99,0,146,46,0
capture_01_ring_buffer.btsnoop,1040.898489,4,distracted,63,80,176,0,59,99,0,146,46,0
capture_01_ring_buffer.btsnoop,1041.248334,4,distracted,64,80,176,0,59,99,0,146,46,0
capture_01_ring_buffer.btsnoop,1041.598255,4,distracted,64,81,176,0,59,99,0,146,46,0
capture_01_ring_buffer.btsnoop,1041.904705,4,distracted,64,81,176,0,59,99,0,146,46,0
capture_01_ring_buffer.btsnoop,1042.254608,4,distracted,64,81,176,0,59,99,0,146,46,0
capture_01_ring_buffer.btsnoop,1042.604705,4,distracted,64,81,176,0,59,99,0,146,46,0
capture_01_ring_buffer.btsnoop,1042.910894,4,distracted,64,81,176,0,59,99,0,146,46,0
capture_01_ring_buffer.btsnoop,1043.348324,4,distracted,64,81,161,0,59,99,0,146,46,0
capture_01_ring_buffer.btsnoop,1043.960874,4,distracted,64,81,161,0,59,99,0,146,46,0
capture_01_ring_buffer.btsnoop,1044.267143,4,distracted,64,81,161,0,59,99,0,146,46,0
capture_01_ring_buffer.btsnoop,1044.617326,4,distracted,64,81,161,0,59,99,0,146,46,0
capture_01_ring_buffer.btsnoop,1044.967165,4,distracted,65,81,161,0,59,99,0,146,46,0
capture_01_ring_buffer.btsnoop,1045.404626,4,distracted,65,86,119,0,59,99,0,146,46,0
capture_01_ring_buffer.btsnoop,1045.973385,4,distracted,66,86,119,0,59,99,0,146,46,0
capture_01_ring_buffer.btsnoop,1046.323489,4,distracted,66,86,119,0,59,99,0,146,46,0
capture_01_ring_buffer.btsnoop,1046.629746,4,distracted,66,86,119,0,59,99,0,146,46,0
capture_01_ring_buffer.btsnoop,1046.979566,4,distracted,66,87,119,0,59,99,0,146,46,0
capture_01_ring_buffer.btsnoop,1047.329647,4,distracted,66,87,119,0,59,99,0,146,46,0
capture_01_ring_buffer.btsnoop,1047.635891,4,distracted,65,86,119,0,59,99,0,146,46,0
capture_01_ring_buffer.btsnoop,1047.985907,4,distracted,65,86,119,0,59,99,0,146,46,0
capture_01_ring_buffer.btsnoop,1048.335853,4,distracted,65,86,119,0,59,99,0,146,46,0
capture_01_ring_buffer.btsnoop,1048.642142,4,distracted,64,86,119,0,59,99,0,146,46,0
capture_01_ring_buffer.btsnoop,1048.992139,4,distracted,64,86,119,0,59,99,0,146,46,0
capture_01_ring_buffer.btsnoop,1049.429683,4,distracted,63,86,119,0,59,99,0,146,46,0
capture_01_ring_buffer.btsnoop,1049.998588,5,calm,64,86,119,0,59,99,0,146,46,0
capture_01_ring_buffer.btsnoop,1050.435906,5,calm,63,86,123,0,59,99,0,146,46,0
capture_01_ring_buffer.btsnoop,1051.048375,5,calm,63,85,123,0,59,99,0,146,46,0
capture_01_ring_buffer.btsnoop,1051.398356,5,calm,62,85,123,0,59,99,0,146,46,0
capture_01_ring_buffer.btsnoop,1051.704582,5,calm,63,85,123,0,59,99,0,146,46,0
capture_01_ring_buffer.btsnoop,1052.054856,5,calm,62,85,123,0,59,99,0,146,46,0
capture_01_ring_buffer.btsnoop,1052.36106,5,calm,63,86,123,0,59,99,0,146,46,0
capture_01_ring_buffer.btsnoop,1052.710877,5,calm,64,86,123,0,59,99,0,146,46,0
capture_01_ring_buffer.btsnoop,1053.060857,5,calm,64,86,123,0,59,99,0,146,46,0
capture_01_ring_buffer.btsnoop,1053.411043,5,calm,63,86,123,0,59,99,0,146,46,0
capture_01_ring_buffer.btsnoop,1053.717315,5,calm,63,86,123,0,59,99,0,146,46,0
capture_01_ring_buffer.btsnoop,1054.067251,5,calm,64,86,123,0,59,99,0,146,46,0
capture_01_ring_buffer.btsnoop,1054.417289,5,calm,64,86,123,0,59,99,0,146,46,0
capture_01_ring_buffer.btsnoop,1054.723396,5,calm,63,86,123,0,59,99,0,146,46,0
capture_01_ring_buffer.btsnoop,1055.073335,5,calm,64,86,123,0,59,99,0,146,46,0
capture_01_ring_buffer.btsnoop,1055.423418,5,calm,63,86,123,0,59,99,0,146,46,0
capture_01_ring_buffer.btsnoop,1055.729793,5,calm,64,86,123,0,59,99,0,146,46,0
capture_01_ring_buffer.btsnoop,1056.079723,5,calm,64,86,123,0,59,99,0,146,46,0
capture_01_ring_buffer.btsnoop,1056.430097,5,calm,64,86,123,0,59,99,0,146,46,0
capture_01_ring_buffer.btsnoop,1056.735919,5,calm,64,86,123,0,59,99,0,146,46,0
capture_01_ring_buffer.btsnoop,1057.129869,5,calm,65,86,123,0,59,99,0,146,46,0
capture_01_ring_buffer.btsnoop,1057.436067,5,calm,65,86,123,0,59,99,0,146,46,0
capture_01_ring_buffer.btsnoop,1057.742394,5,calm,65,86,123,0,59,99,0,146,46,0
capture_01_ring_buffer.btsnoop,1058.092234,5,calm,65,86,123,0,59,99,0,146,46,0
capture_01_ring_buffer.btsnoop,1058.442309,5,calm,65,86,123,0,59,99,0,146,46,0
capture_01_ring_buffer.btsnoop,1058.792159,5,calm,65,86,123,0,59,99,0,146,46,0
capture_01_ring_buffer.btsnoop,1059.098468,5,calm,66,86,123,0,59,99,0,146,46,0
capture_01_ring_buffer.btsnoop,1059.536116,5,calm,66,81,186,0,59,99,0,146,46,0
capture_01_ring_buffer.btsnoop,1060.104752,5,calm,66,74,186,0,59,99,0,146,46,0
capture_01_ring_buffer.btsnoop,1060.454672,5,calm,66,74,186,0,59,99,0,146,46,0
capture_01_ring_buffer.btsnoop,1060.804772,5,calm,66,74,186,0,59,99,0,146,46,0
capture_01_ring_buffer.btsnoop,1061.111204,5,calm,66,74,186,0,59,99,0,146,46,0
capture_01_ring_buffer.btsnoop,1061.461146,5,calm,66,74,186,0,59,99,0,146,46,0
capture_01_ring_buffer.btsnoop,1061.811002,5,calm,66,74,186,0,59,99,0,146,46,0
capture_01_ring_buffer.btsnoop,1062.117243,5,calm,66,74,186,0,59,99,0,146,46,0
capture_01_ring_buffer.btsnoop,1062.554919,5,calm,66,74,186,0,59,99,0,146,46,0
capture_01_ring_buffer.btsnoop,1063.123524,5,calm,66,74,186,0,59,99,0,146,46,0
capture_01_ring_buffer.btsnoop,1063.517328,5,calm,66,75,186,0,59,99,0,146,46,0
capture_01_ring_buffer.btsnoop,1063.823794,5,calm,66,75,186,0,59,99,0,146,46,0
capture_01_ring_buffer.btsnoop,1064.129809,5,calm,66,75,186,0,59,99,0,146,46,0
capture_01_ring_buffer.btsnoop,1064.52358,5,calm,66,74,186,0,59,99,0,146,46,0
capture_01_ring_buffer.btsnoop,1064.830034,5,calm,66,74,186,0,59,99,0,146,46,0
capture_01_ring_buffer.btsnoop,1065.179847,5,calm,66,74,186,0,59,99,0,146,46,0
capture_01_ring_buffer.btsnoop,1065.529731,5,calm,66,74,186,0,59,99,0,146,46,0
capture_01_ring_buffer.btsnoop,1065.836015,5,calm,66,74,186,0,59,99,0,146,46,0
capture_01_ring_buffer.btsnoop,1066.22975,5,calm,66,74,186,0,59,99,0,146,46,0
capture_01_ring_buffer.btsnoop,1066.53634,5,calm,66,74,186,0,59,99,0,146,46,0
capture_01_ring_buffer.btsnoop,1066.842488,5,calm,66,74,186,0,59,99,0,146,46,0
capture_01_ring_buffer.btsnoop,1067.192489,5,calm,66,74,186,0,59,99,0,146,46,0
capture_01_ring_buffer.btsnoop,1067.586009,5,calm,66,74,186,0,59,99,0,146,46,0
capture_01_ring_buffer.btsnoop,1067.848541,5,calm,66,74,186,0,59,99,0,146,46,0
capture_01_ring_buffer.btsnoop,1068.24247,5,calm,66,74,186,0,59,99,0,146,46,0
capture_01_ring_buffer.btsnoop,1068.54848,5,calm,66,74,186,0,59,99,0,146,46,0
capture_01_ring_buffer.btsnoop,1068.855031,5,calm,66,75,186,0,59,99,0,146,46,0
capture_01_ring_buffer.btsnoop,1069.248549,5,calm,66,75,186,0,59,99,0,146,46,0
capture_01_ring_buffer.btsnoop,1069.64229,5,calm,66,74,186,0,59,99,0,146,46,0
capture_01_ring_buffer.btsnoop,1070.211256,5,calm,66,74,186,0,59,99,0,146,46,0
capture_01_ring_buffer.btsnoop,1070.56106,5,calm,66,74,186,0,59,99,0,146,46,0
capture_01_ring_buffer.btsnoop,1070.91119,5,calm,66,74,186,0,59,99,0,146,46,0
capture_01_ring_buffer.btsnoop,1071.217301,5,calm,66,74,186,0,59,99,0,146,46,0
capture_01_ring_buffer.btsnoop,1071.654918,5,calm,66,74,186,0,59,99,0,146,46,0
capture_01_ring_buffer.btsnoop,1072.223408,5,calm,66,74,186,0,59,99,0,146,46,0
capture_01_ring_buffer.btsnoop,1072.617498,5,calm,66,74,186,0,59,99,0,146,46,0
capture_01_ring_buffer.btsnoop,1072.923607,5,calm,66,74,186,0,59,99,0,146,46,0
capture_01_ring_buffer.btsnoop,1073.273601,5,calm,66,74,186,0,59,99,0,146,46,0
capture_01_ring_buffer.btsnoop,1073.667324,5,calm,66,74,186,0,59,99,0,146,46,0
capture_01_ring_buffer.btsnoop,1074.279955,2,adapting,66,74,186,0,59,99,0,146,46,0
capture_01_ring_buffer.btsnoop,1074.586472,2,adapting,66,74,186,0,59,99,0,146,46,0
capture_01_ring_buffer.btsnoop,1074.980245,2,adapting,66,74,186,0,59,99,0,146,46,0
capture_01_ring_buffer.btsnoop,1075.286045,2,adapting,66,75,186,0,59,99,0,146,46,0
capture_01_ring_buffer.btsnoop,1075.592419,2,adapting,66,75,186,0,59,99,0,146,46,0
capture_01_ring_buffer.btsnoop,1075.942252,2,adapting,66,75,186,0,59,99,0,146,46,0
capture_01_ring_buffer.btsnoop,1076.292508,2,adapting,66,75,186,0,59,99,0,146,46,0
capture_01_ring_buffer.btsnoop,1076.642462,2,adapting,66,75,186,0,59,99,0,146,46,0
capture_01_ring_buffer.btsnoop,1076.948622,2,adapting,66,76,186,0,59,99,0,146,46,0
capture_01_ring_buffer.btsnoop,1077.298608,2,adapting,66,76,186,0,59,99,0,146,46,0
capture_01_ring_buffer.btsnoop,1077.736074,4,distracted,64,76,131,0,59,99,0,146,46,0
capture_01_ring_buffer.btsnoop,1078.304918,4,distracted,63,75,131,0,59,99,0,146,46,0
capture_01_ring_buffer.btsnoop,1078.654829,4,distracted,63,74,131,0,59,99,0,146,46,0
capture_01_ring_buffer.btsnoop,1079.004881,4,distracted,63,74,131,0,59,99,0,146,46,0
capture_01_ring_buffer.btsnoop,1079.311142,4,distracted,63,75,131,0,59,99,0,146,46,0
capture_01_ring_buffer.btsnoop,1079.704968,4,distracted,65,81,145,0,59,99,0,146,46,0
capture_01_ring_buffer.btsnoop,1080.011342,4,distracted,65,81,145,0,59,99,0,146,46,0
capture_01_ring_buffer.btsnoop,1080.361143,4,distracted,65,81,145,0,59,99,0,146,46,0
capture_01_ring_buffer.btsnoop,1080.711257,4,distracted,65,81,145,0,59,99,0,146,46,0
capture_01_ring_buffer.btsnoop,1081.061142,4,distracted,65,81,145,0,59,99,0,146,46,0
capture_01_ring_buffer.btsnoop,1081.367382,4,distracted,66,81,145,0,59,99,0,146,46,0
capture_01_ring_buffer.btsnoop,1081.761748,4,distracted,66,81,161,0,59,99,0,146,46,0
capture_01_ring_buffer.btsnoop,1082.373607,4,distracted,66,81,161,0,59,99,0,146,46,0
capture_01_ring_buffer.btsnoop,1082.723659,4,distracted,66,82,161,0,59,99,0,146,46,0
capture_01_ring_buffer.btsnoop,1083.030076,4,distracted,66,83,161,0,59,99,0,146,46,0
capture_01_ring_buffer.btsnoop,1083.380033,4,distracted,66,83,161,0,59,99,0,146,46,0
capture_01_ring_buffer.btsnoop,1083.773818,4,distracted,66,83,161,0,59,99,0,146,46,0
capture_01_ring_buffer.btsnoop,1084.036055,4,distracted,66,83,161,0,59,99,0,146,46,0
capture_01_ring_buffer.btsnoop,1084.386405,4,distracted,66,83,161,0,59,99,0,146,46,0
capture_01_ring_buffer.btsnoop,1084.736087,4,distracted,66,83,161,0,59,99,0,146,46,0
capture_01_ring_buffer.btsnoop,1085.042442,4,distracted,66,83,161,0,59,99,0,146,46,0
capture_01_ring_buffer.btsnoop,1085.4365,4,distracted,66,83,161,0,59,99,0,146,46,0
capture_01_ring_buffer.btsnoop,1085.786388,4,distracted,66,83,161,0,59,99,0,146,46,0
capture_01_ring_buffer.btsnoop,1086.092803,4,distracted,66,83,161,0,59,99,0,146,46,0
capture_01_ring_buffer.btsnoop,1086.399602,4,distracted,67,83,161,0,59,99,0,146,46,0
capture_01_ring_buffer.btsnoop,1086.792443,4,distracted,67,83,161,0,59,99,0,146,46,0
capture_01_ring_buffer.btsnoop,1087.098981,4,distracted,67,83,161,0,59,99,0,146,46,0
capture_01_ring_buffer.btsnoop,1087.405079,4,distracted,67,83,161,0,59,99,0,146,46,0
capture_01_ring_buffer.btsnoop,1087.842709,4,distracted,67,82,161,0,59,99,0,146,46,0
capture_01_ring_buffer.btsnoop,1088.455024,4,distracted,67,81,161,0,59,99,0,146,46,0
capture_01_ring_buffer.btsnoop,1088.804951,4,distracted,67,81,164,0,59,99,0,146,46,0
capture_01_ring_buffer.btsnoop,1089.155152,4,distracted,67,80,164,0,59,99,0,146,46,0
capture_01_ring_buffer.btsnoop,1089.461395,4,distracted,67,80,164,0,59,99,0,146,46,0
capture_01_ring_buffer.btsnoop,1089.854906,4,distracted,67,80,164,0,59,99,0,146,46,0
capture_01_ring_buffer.btsnoop,1090.4675,4,distracted,67,80,164,0,59,99,0,146,46,0
capture_01_ring_buffer.btsnoop,1090.817631,4,distracted,67,80,164,0,59,99,0,146,46,0
capture_01_ring_buffer.btsnoop,1091.123876,4,distracted,67,80,164,0,59,99,0,146,46,0
capture_01_ring_buffer.btsnoop,1091.473624,4,distracted,67,80,164,0,59,99,0,146,46,0
capture_01_ring_buffer.btsnoop,1091.867574,4,distracted,67,80,164,0,59,99,0,146,46,0
capture_01_ring_buffer.btsnoop,1092.479944,4,distracted,67,80,164,0,59,99,0,146,46,0
capture_01_ring_buffer.btsnoop,1092.917544,4,distracted,67,80,164,0,59,99,0,146,46,0
capture_01_ring_buffer.btsnoop,1093.486251,4,distracted,67,81,164,0,59,99,0,146,49,0
capture_01_ring_buffer.btsnoop,1093.880082,4,distracted,67,81,164,0,59,99,0,146,49,0
capture_01_ring_buffer.btsnoop,1094.142572,4,distracted,67,80,164,0,59,99,0,146,49,0
capture_01_ring_buffer.btsnoop,1094.492547,4,distracted,67,80,164,0,59,99,0,146,49,0
capture_01_ring_buffer.btsnoop,1094.886208,4,distracted,67,80,127,0,59,99,0,146,49,0
capture_01_ring_buffer.btsnoop,1095.148709,4,distracted,67,79,127,0,59,99,0,146,49,0
capture_01_ring_buffer.btsnoop,1095.498828,4,distracted,67,79,127,0,59,99,0,146,49,0
capture_01_ring_buffer.btsnoop,1095.892541,4,distracted,67,80,127,0,59,99,0,146,49,0
capture_01_ring_buffer.btsnoop,1096.242737,4,distracted,67,80,127,0,59,99,0,146,49,0
capture_01_ring_buffer.btsnoop,1096.549023,4,distracted,67,80,127,0,59,99,0,146,49,0
capture_01_ring_buffer.btsnoop,1096.855185,4,distracted,67,80,127,0,59,99,0,146,49,0
capture_01_ring_buffer.btsnoop,1097.204973,4,distracted,67,80,127,0,59,99,0,146,49,0
capture_01_ring_buffer.btsnoop,1097.51127,4,distracted,67,80,127,0,59,99,0,146,49,0
capture_01_ring_buffer.btsnoop,1097.905069,4,distracted,67,80,127,0,59,99,0,146,49,0
capture_01_ring_buffer.btsnoop,1098.211437,4,distracted,67,80,127,0,59,99,0,146,49,0
capture_01_ring_buffer.btsnoop,1098.561374,4,distracted,67,80,127,0,59,99,0,146,49,0
capture_01_ring_buffer.btsnoop,1098.911187,4,distracted,67,80,127,0,59,99,0,146,49,0
capture_01_ring_buffer.btsnoop,1099.217505,4,distracted,67,80,127,0,59,99,0,146,49,0
capture_01_ring_buffer.btsnoop,1099.567526,4,distracted,67,81,127,0,59,99,0,146,49,0
capture_01_ring_buffer.btsnoop,1099.917555,4,distracted,67,81,127,0,59,99,0,146,49,0
capture_01_ring_buffer.btsnoop,1100.223993,4,distracted,67,81,127,0,59,99,0,146,49,0
capture_01_ring_buffer.btsnoop,1100.573984,4,distracted,67,81,127,0,59,99,0,146,49,0
capture_01_ring_buffer.btsnoop,1100.923854,4,distracted,67,81,127,0,59,99,0,146,49,0
capture_01_ring_buffer.btsnoop,1101.229969,4,distracted,68,81,127,0,59,99,0,146,49,0
capture_01_ring_buffer.btsnoop,1101.580118,4,distracted,68,81,127,0,59,99,0,146,49,0
capture_01_ring_buffer.btsnoop,1101.929987,4,distracted,69,82,127,0,59,99,0,146,49,0
capture_01_ring_buffer.btsnoop,1102.236205,4,distracted,69,82,127,0,59,99,0,146,49,0
capture_01_ring_buffer.btsnoop,1102.586378,4,distracted,69,82,127,0,59,99,0,146,49,0
capture_01_ring_buffer.btsnoop,1102.93633,4,distracted,69,82,127,0,59,99,0,146,49,0
capture_01_ring_buffer.btsnoop,1103.242485,4,distracted,69,82,127,0,59,99,0,146,49,0
capture_01_ring_buffer.btsnoop,1103.592477,4,distracted,69,82,127,0,59,99,0,146,49,0
capture_01_ring_buffer.btsnoop,1103.98654,4,distracted,69,82,127,0,59,99,0,146,49,0
capture_01_ring_buffer.btsnoop,1104.248872,4,distracted,69,82,127,0,59,99,0,146,49,0
capture_01_ring_buffer.btsnoop,1104.64262,4,distracted,69,82,127,0,59,99,0,146,49,0
capture_01_ring_buffer.btsnoop,1104.992572,4,distracted,69,82,127,0,59,99,0,146,49,0
capture_01_ring_buffer.btsnoop,1105.298777,4,distracted,69,82,127,0,59,99,0,146,49,0
capture_01_ring_buffer.btsnoop,1105.605207,4,distracted,69,82,127,0,59,99,0,146,49,0
capture_01_ring_buffer.btsnoop,1105.998936,4,distracted,69,82,127,0,59,99,0,146,49,0
capture_01_ring_buffer.btsnoop,1106.305104,4,distracted,70,82,127,0,59,99,0,146,49,0
capture_01_ring_buffer.btsnoop,1106.611496,4,distracted,70,82,127,0,59,99,0,146,49,0
capture_01_ring_buffer.btsnoop,1107.048756,4,distracted,64,82,149,0,59,99,0,146,49,0
capture_01_ring_buffer.btsnoop,1107.705257,4,distracted,64,82,149,0,59,99,0,146,49,0
capture_01_ring_buffer.btsnoop,1107.967748,4,distracted,64,82,149,0,59,99,0,146,49,0
capture_01_ring_buffer.btsnoop,1108.317541,4,distracted,64,82,149,0,59,99,0,146,49,0
capture_01_ring_buffer.btsnoop,1108.667661,4,distracted,64,83,149,0,59,99,0,146,49,0
capture_01_ring_buffer.btsnoop,1109.017602,4,distracted,64,82,149,0,59,99,0,146,49,0
capture_01_ring_buffer.btsnoop,1109.323893,4,distracted,64,82,149,0,59,99,0,146,49,0
capture_01_ring_buffer.btsnoop,1109.673952,4,distracted,63,82,149,0,59,99,0,146,49,0
capture_01_ring_buffer.btsnoop,1110.067616,4,distracted,63,82,129,0,59,99,0,146,49,0
capture_01_ring_buffer.btsnoop,1110.33021,4,distracted,62,82,129,0,59,99,0,146,49,0
capture_01_ring_buffer.btsnoop,1110.680087,4,distracted,62,82,129,0,59,99,0,146,49,0
capture_01_ring_buffer.btsnoop,1111.030242,4,distracted,62,82,129,0,59,99,0,146,49,0
capture_01_ring_buffer.btsnoop,1111.380365,4,distracted,63,82,129,0,59,99,0,146,49,0
capture_01_ring_buffer.btsnoop,1111.686655,4,distracted,62,82,129,0,59,99,0,146,49,0
capture_01_ring_buffer.btsnoop,1112.080207,4,distracted,63,82,129,0,59,99,0,146,49,0
capture_01_ring_buffer.btsnoop,1112.386527,4,distracted,63,82,129,0,59,99,0,146,49,0
capture_01_ring_buffer.btsnoop,1112.692711,4,distracted,63,82,129,0,59,99,0,146,49,0
capture_01_ring_buffer.btsnoop,1113.086491,4,distracted,63,82,150,0,59,99,0,146,49,0
capture_01_ring_buffer.btsnoop,1113.392608,4,distracted,62,82,150,0,59,99,0,146,49,0
capture_01_ring_buffer.btsnoop,1113.74272,4,distracted,61,81,150,0,59,99,0,146,49,0
capture_01_ring_buffer.btsnoop,1114.136434,4,distracted,61,81,169,0,59,99,0,146,49,0
capture_01_ring_buffer.btsnoop,1114.748931,4,distracted,60,81,169,0,59,99,0,146,49,0
capture_01_ring_buffer.btsnoop,1115.098816,4,distracted,60,81,169,0,59,99,0,146,49,0
capture_01_ring_buffer.btsnoop,1115.405358,4,distracted,60,81,169,0,59,99,0,146,49,0
capture_01_ring_buffer.btsnoop,1115.799008,4,distracted,61,81,169,0,59,99,0,146,49,0
capture_01_ring_buffer.btsnoop,1116.105069,4,distracted,62,82,169,0,59,99,0,146,49,0
capture_01_ring_buffer.btsnoop,1116.412243,4,distracted,62,82,169,0,59,99,0,146,49,0
capture_01_ring_buffer.btsnoop,1116.761404,4,distracted,63,82,169,0,59,99,0,146,49,0
capture_01_ring_buffer.btsnoop,1117.111412,4,distracted,63,82,169,0,59,99,0,146,49,0
capture_01_ring_buffer.btsnoop,1117.417695,4,distracted,63,82,169,0,59,99,0,146,49,0
capture_01_ring_buffer.btsnoop,1117.767685,4,distracted,63,82,169,0,59,99,0,146,49,0
capture_01_ring_buffer.btsnoop,1118.117703,4,distracted,64,82,169,0,59,99,0,146,49,0
capture_01_ring_buffer.btsnoop,1118.46769,4,distracted,64,82,169,0,59,99,0,146,49,0
capture_01_ring_buffer.btsnoop,1118.773948,4,distracted,64,82,169,0,59,99,0,146,49,0
capture_01_ring_buffer.btsnoop,1119.124132,4,distracted,64,83,169,0,59,99,0,146,49,0
capture_01_ring_buffer.btsnoop,1119.473985,4,distracted,64,83,169,0,59,99,0,146,49,0
capture_01_ring_buffer.btsnoop,1119.78028,4,distracted,64,83,169,0,59,99,0,146,49,0
capture_01_ring_buffer.btsnoop,1120.217715,4,distracted,64,82,169,0,59,99,0,146,49,0
capture_01_ring_buffer.btsnoop,1120.786762,4,distracted,63,82,169,0,59,99,0,146,49,0
capture_01_ring_buffer.btsnoop,1121.180222,4,distracted,63,81,169,0,59,99,0,146,49,0
capture_01_ring_buffer.btsnoop,1121.486519,4,distracted,64,81,169,0,59,99,0,146,49,0
capture_01_ring_buffer.btsnoop,1121.836604,4,distracted,64,81,169,0,59,99,0,146,49,0
capture_01_ring_buffer.btsnoop,1122.142858,4,distracted,64,81,169,0,59,99,0,146,49,0
capture_01_ring_buffer.btsnoop,1122.492911,4,distracted,64,81,169,0,59,99,0,146,49,0
capture_01_ring_buffer.btsnoop,1122.842759,4,distracted,64,81,169,0,59,99,0,146,49,0
capture_01_ring_buffer.btsnoop,1123.280226,4,distracted,65,82,169,0,59,99,0,146,49,0
capture_01_ring_buffer.btsnoop,1123.849362,4,distracted,64,82,169,0,59,99,0,146,49,0
capture_01_ring_buffer.btsnoop,1124.199098,4,distracted,64,82,169,0,59,99,0,146,49,0
capture_01_ring_buffer.btsnoop,1124.50538,4,distracted,63,82,169,0,59,99,0,146,49,0
capture_01_ring_buffer.btsnoop,1124.899275,4,distracted,63,82,169,0,59,99,0,146,49,0
capture_01_ring_buffer.btsnoop,1125.292732,4,distracted,63,82,169,0,59,99,0,146,49,0
capture_01_ring_buffer.btsnoop,1125.905196,4,distracted,63,82,169,0,59,99,0,146,49,0
capture_01_ring_buffer.btsnoop,1126.2118,4,distracted,63,82,169,0,59,99,0,146,49,0
capture_01_ring_buffer.btsnoop,1126.518879,4,distracted,64,82,169,0,59,99,0,146,49,0
capture_01_ring_buffer.btsnoop,1126.86764,4,distracted,64,82,169,0,59,99,0,146,49,0
capture_01_ring_buffer.btsnoop,1127.217618,4,distracted,64,82,169,0,59,99,0,146,49,0
capture_01_ring_buffer.btsnoop,1127.567617,4,distracted,64,82,169,0,59,99,0,146,49,0
capture_01_ring_buffer.btsnoop,1127.873964,4,distracted,65,82,169,0,59,99,0,146,49,0
capture_01_ring_buffer.btsnoop,1128.224022,4,distracted,65,82,169,0,59,99,0,146,49,0
capture_01_ring_buffer.btsnoop,1128.574057,4,distracted,65,82,169,0,59,99,0,146,49,0
capture_01_ring_buffer.btsnoop,1128.88054,4,distracted,65,82,169,0,59,99,0,146,49,0
capture_01_ring_buffer.btsnoop,1129.317996,4,distracted,64,82,169,0,59,99,0,146,49,0
capture_01_ring_buffer.btsnoop,1129.930115,4,distracted,63,82,169,0,59,99,0,146,49,0
capture_01_ring_buffer.btsnoop,1130.280443,4,distracted,62,81,169,0,59,99,0,146,49,0
capture_01_ring_buffer.btsnoop,1130.58667,4,distracted,62,81,169,0,59,99,0,146,49,0
capture_01_ring_buffer.btsnoop,1130.936469,4,distracted,61,81,169,0,59,99,0,146,49,0
capture_01_ring_buffer.btsnoop,1131.286536,4,distracted,61,81,169,0,59,99,0,146,49,0
capture_01_ring_buffer.btsnoop,1131.592765,4,distracted,61,81,169,0,59,99,0,146,49,0
capture_01_ring_buffer.btsnoop,1131.942868,4,distracted,61,81,169,0,59,99,0,146,49,0
capture_01_ring_buffer.btsnoop,1132.292714,4,distracted,61,81,169,0,59,99,0,146,49,0
capture_01_ring_buffer.btsnoop,1132.59915,4,distracted,61,81,169,0,59,99,0,146,49,0
capture_01_ring_buffer.btsnoop,1132.949299,4,distracted,62,81,169,0,59,99,0,146,49,0
capture_01_ring_buffer.btsnoop,1133.299205,4,distracted,62,82,169,0,59,99,0,146,49,0
capture_01_ring_buffer.btsnoop,1133.60545,4,distracted,63,82,169,0,59,99,0,146,49,0
capture_01_ring_buffer.btsnoop,1133.955466,4,distracted,62,82,169,0,59,99,0,146,49,0
capture_01_ring_buffer.btsnoop,1134.305258,4,distracted,62,81,169,0,59,99,0,146,49,0
capture_01_ring_buffer.btsnoop,1134.611595,4,distracted,61,81,169,0,59,99,0,146,49,0
capture_01_ring_buffer.btsnoop,1135.00529,4,distracted,61,81,169,0,59,99,0,146,49,0
capture_01_ring_buffer.btsnoop,1135.355605,4,distracted,61,81,169,0,59,99,0,146,49,0
capture_01_ring_buffer.btsnoop,1135.618034,4,distracted,62,81,169,0,59,99,0,146,49,0
capture_01_ring_buffer.btsnoop,1135.967985,4,distracted,62,81,169,0,59,99,0,146,49,0
capture_01_ring_buffer.btsnoop,1136.317781,4,distracted,62,82,169,0,59,99,0,146,49,0
capture_01_ring_buffer.btsnoop,1136.667826,4,distracted,63,82,169,0,59,99,0,146,49,0
capture_01_ring_buffer.btsnoop,1136.974104,4,distracted,63,82,169,0,59,99,0,146,49,0
capture_01_ring_buffer.btsnoop,1137.324289,4,distracted,47,47,169,0,59,99,0,146,49,0
capture_01_ring_buffer.btsnoop,1137.674239,4,distracted,47,47,169,0,59,99,0,146,49,0
capture_01_ring_buffer.btsnoop,1137.980336,4,distracted,47,47,169,0,59,99,0,146,49,0
capture_01_ring_buffer.btsnoop,1138.417826,4,distracted,47,44,155,0,59,99,0,146,49,0
capture_01_ring_buffer.btsnoop,1138.986568,4,distracted,47,44,155,0,59,99,0,146,49,0
capture_01_ring_buffer.btsnoop,1139.336788,4,distracted,47,44,155,0,59,99,0,146,49,0
capture_01_ring_buffer.btsnoop,1139.686852,4,distracted,47,44,155,0,59,99,0,146,49,0
capture_01_ring_buffer.btsnoop,1140.036602,4,distracted,47,44,155,0,59,99,0,146,49,0
capture_01_ring_buffer.btsnoop,1140.342836,4,distracted,47,43,155,0,59,99,0,146,49,0
capture_01_ring_buffer.btsnoop,1140.692877,4,distracted,47,44,155,0,59,99,0,146,49,0
capture_01_ring_buffer.btsnoop,1141.043088,4,distracted,47,43,155,0,59,99,0,146,49,0
capture_01_ring_buffer.btsnoop,1141.480454,4,distracted,59,65,115,0,59,99,0,146,49,0
capture_01_ring_buffer.btsnoop,1142.048956,4,distracted,58,66,115,0,59,99,0,146,49,0
capture_01_ring_buffer.btsnoop,1142.399111,4,distracted,59,66,115,0,59,99,0,146,49,0
capture_01_ring_buffer.btsnoop,1142.705288,4,distracted,59,66,115,0,59,99,0,146,49,0
capture_01_ring_buffer.btsnoop,1143.055525,4,distracted,60,66,115,0,59,99,0,146,49,0
capture_01_ring_buffer.btsnoop,1143.405618,4,distracted,60,67,129,0,59,99,0,146,49,0
capture_01_ring_buffer.btsnoop,1143.711683,4,distracted,61,71,129,0,59,99,0,146,49,0
capture_01_ring_buffer.btsnoop,1144.061582,4,distracted,61,71,129,0,59,99,0,146,49,0
capture_01_ring_buffer.btsnoop,1144.41163,4,distracted,61,71,129,0,59,99,0,146,49,0
capture_01_ring_buffer.btsnoop,1144.717883,4,distracted,61,71,129,0,59,99,0,146,49,0
capture_01_ring_buffer.btsnoop,1145.111598,4,distracted,61,71,129,0,59,99,0,146,49,0
capture_01_ring_buffer.btsnoop,1145.461701,4,distracted,61,71,129,0,59,99,0,146,49,0
capture_01_ring_buffer.btsnoop,1145.724143,4,distracted,61,71,129,0,59,99,0,146,49,0
capture_01_ring_buffer.btsnoop,1146.074263,4,distracted,61,71,129,0,59,99,0,146,49,0
capture_01_ring_buffer.btsnoop,1146.42529,4,distracted,61,71,129,0,59,99,0,146,49,0
capture_01_ring_buffer.btsnoop,1146.730605,4,distracted,61,71,129,0,59,99,0,146,49,0
capture_01_ring_buffer.btsnoop,1147.080571,4,distracted,61,71,129,0,59,99,0,146,49,0
capture_01_ring_buffer.btsnoop,1147.474145,4,distracted,61,71,129,0,59,99,0,146,49,0
capture_01_ring_buffer.btsnoop,1147.736562,4,distracted,61,71,129,0,59,99,0,146,49,0
capture_01_ring_buffer.btsnoop,1148.086638,4,distracted,61,71,129,0,59,99,0,146,49,0
capture_01_ring_buffer.btsnoop,1148.480625,4,distracted,61,71,129,0,59,99,0,146,49,0
capture_01_ring_buffer.btsnoop,1148.786597,4,distracted,61,71,129,0,59,99,0,146,49,0
capture_01_ring_buffer.btsnoop,1149.092868,4,distracted,61,71,129,0,59,99,0,146,49,0
capture_01_ring_buffer.btsnoop,1149.44304,4,distracted,61,71,129,0,59,99,0,146,49,0
capture_01_ring_buffer.btsnoop,1149.793013,4,distracted,61,71,129,0,59,99,0,146,49,0
capture_01_ring_buffer.btsnoop,1150.142991,4,distracted,61,71,129,0,59,99,0,146,49,0
capture_01_ring_buffer.btsnoop,1150.536912,5,calm,61,88,135,0,59,99,0,146,49,0
capture_01_ring_buffer.btsnoop,1151.149137,5,calm,61,87,135,0,59,99,0,146,49,0
capture_01_ring_buffer.btsnoop,1151.499061,5,calm,61,87,135,0,59,99,0,146,49,0
capture_01_ring_buffer.btsnoop,1151.849173,5,calm,62,88,135,0,59,99,0,146,49,0
capture_01_ring_buffer.btsnoop,1152.155725,5,calm,62,88,135,0,59,99,0,146,49,0
capture_01_ring_buffer.btsnoop,1152.505529,5,calm,63,88,135,0,59,99,0,146,49,0
capture_01_ring_buffer.btsnoop,1152.811744,5,calm,63,88,135,0,59,99,0,146,49,0
capture_01_ring_buffer.btsnoop,1153.161694,5,calm,63,89,135,0,59,99,0,146,49,0
capture_01_ring_buffer.btsnoop,1153.599374,5,calm,63,92,146,0,59,99,0,146,49,0
capture_01_ring_buffer.btsnoop,1154.1683,5,calm,63,92,146,0,59,95,0,146,55,0
capture_01_ring_buffer.btsnoop,1154.518162,5,calm,63,92,146,0,59,95,0,146,55,0
capture_01_ring_buffer.btsnoop,1154.824198,5,calm,63,92,146,0,59,95,0,146,55,0
capture_01_ring_buffer.btsnoop,1155.174157,5,calm,63,92,146,0,59,95,0,146,55,0
capture_01_ring_buffer.btsnoop,1155.524172,5,calm,63,92,146,0,59,95,0,146,55,0
capture_01_ring_buffer.btsnoop,1155.874172,5,calm,63,92,146,0,59,95,0,146,55,0
capture_01_ring_buffer.btsnoop,1156.180406,5,calm,63,92,146,0,59,95,0,146,55,0
capture_01_ring_buffer.btsnoop,1156.574268,5,calm,63,92,146,0,59,95,0,146,55,0
capture_01_ring_buffer.btsnoop,1156.88045,5,calm,63,92,146,0,59,95,0,146,55,0
capture_01_ring_buffer.btsnoop,1157.186723,5,calm,63,92,146,0,59,95,0,146,55,0
capture_01_ring_buffer.btsnoop,1157.580454,5,calm,63,93,146,0,59,95,0,146,55,0
capture_01_ring_buffer.btsnoop,1157.886927,5,calm,63,93,146,0,59,95,0,146,55,0
capture_01_ring_buffer.btsnoop,1158.236882,5,calm,63,92,146,0,59,95,0,146,55,0
capture_01_ring_buffer.btsnoop,1158.630523,5,calm,63,92,146,0,59,95,0,146,55,0
capture_01_ring_buffer.btsnoop,1159.242979,5,calm,63,91,146,0,59,95,0,146,55,0
capture_01_ring_buffer.btsnoop,1159.549554,5,calm,63,91,146,0,59,95,0,146,55,0
capture_01_ring_buffer.btsnoop,1159.943178,5,calm,63,92,146,0,59,95,0,146,55,0
capture_01_ring_buffer.btsnoop,1160.249423,5,calm,63,92,146,0,59,95,0,146,55,0
capture_01_ring_buffer.btsnoop,1160.643088,5,calm,63,92,146,0,59,95,0,146,55,0
capture_01_ring_buffer.btsnoop,1161.255454,5,calm,63,92,146,0,59,95,0,146,55,0
capture_01_ring_buffer.btsnoop,1161.605632,5,calm,63,92,146,0,59,95,0,146,55,0
capture_01_ring_buffer.btsnoop,1161.911993,5,calm,63,92,146,0,59,95,0,146,55,0
capture_01_ring_buffer.btsnoop,1162.261786,5,calm,63,92,146,0,59,95,0,146,55,0
capture_01_ring_buffer.btsnoop,1162.611654,5,calm,63,91,146,0,59,95,0,146,55,0
capture_01_ring_buffer.btsnoop,1162.918074,5,calm,63,91,146,0,59,95,0,146,55,0
capture_01_ring_buffer.btsnoop,1163.268019,5,calm,63,92,146,0,59,95,0,146,55,0
capture_01_ring_buffer.btsnoop,1163.618103,5,calm,63,92,146,0,59,95,0,146,55,0
capture_01_ring_buffer.btsnoop,1163.967976,5,calm,63,92,146,0,59,95,0,146,55,0
capture_01_ring_buffer.btsnoop,1164.274306,5,calm,63,92,146,0,59,95,0,146,55,0
capture_01_ring_buffer.btsnoop,1164.711802,5,calm,63,91,131,0,59,95,0,146,55,0
capture_01_ring_buffer.btsnoop,1165.280723,5,calm,63,92,131,0,59,95,0,146,55,0
capture_01_ring_buffer.btsnoop,1165.630762,5,calm,63,92,131,0,59,95,0,146,55,0
capture_01_ring_buffer.btsnoop,1165.980573,5,calm,64,92,131,0,59,95,0,146,55,0
capture_01_ring_buffer.btsnoop,1166.286955,5,calm,64,92,131,0,59,95,0,146,55,0
capture_01_ring_buffer.btsnoop,1166.724172,5,calm,64,92,131,0,59,95,0,146,55,0
capture_01_ring_buffer.btsnoop,1167.293041,5,calm,64,92,131,0,59,95,0,146,55,0
capture_01_ring_buffer.btsnoop,1167.643068,5,calm,64,92,131,0,59,95,0,146,55,0
capture_01_ring_buffer.btsnoop,1167.993094,5,calm,65,92,131,0,59,95,0,146,55,0
capture_01_ring_buffer.btsnoop,1168.343045,5,calm,65,92,131,0,59,95,0,146,55,0
capture_01_ring_buffer.btsnoop,1168.693057,5,calm,65,100,104,0,59,95,0,146,55,0
capture_01_ring_buffer.btsnoop,1168.999281,5,calm,65,100,104,0,59,95,0,146,55,0
capture_01_ring_buffer.btsnoop,1169.34954,5,calm,65,100,104,0,59,95,0,146,55,0
capture_01_ring_buffer.btsnoop,1169.699345,5,calm,65,32,157,0,59,95,0,146,55,0
capture_01_ring_buffer.btsnoop,1170.005517,5,calm,65,32,157,0,59,95,0,146,55,0
capture_01_ring_buffer.btsnoop,1170.311723,5,calm,65,32,157,0,59,95,0,146,55,0
capture_01_ring_buffer.btsnoop,1170.705559,5,calm,65,32,157,0,59,95,0,146,55,0
capture_01_ring_buffer.btsnoop,1171.011737,5,calm,65,32,157,0,59,95,0,146,55,0
capture_01_ring_buffer.btsnoop,1171.36213,5,calm,65,32,157,0,59,95,0,146,55,0
capture_01_ring_buffer.btsnoop,1171.711734,5,calm,65,32,157,0,59,95,0,146,55,0
capture_01_ring_buffer.btsnoop,1172.017888,5,calm,65,32,157,0,59,95,0,146,55,0
capture_01_ring_buffer.btsnoop,1172.36788,5,calm,65,32,157,0,59,95,0,146,55,0
capture_01_ring_buffer.btsnoop,1172.762051,5,calm,65,32,157,0,59,95,0,146,55,0
capture_01_ring_buffer.btsnoop,1173.024418,5,calm,65,32,157,0,59,95,0,146,55,0
capture_01_ring_buffer.btsnoop,1173.374184,5,calm,65,32,157,0,59,95,0,146,55,0
capture_01_ring_buffer.btsnoop,1173.724251,5,calm,65,32,157,0,59,95,0,146,55,0
capture_01_ring_buffer.btsnoop,1174.074504,5,calm,65,32,157,0,59,95,0,146,55,0
capture_01_ring_buffer.btsnoop,1174.380554,5,calm,65,32,157,0,59,95,0,146,55,0
capture_01_ring_buffer.btsnoop,1174.774804,5,calm,65,32,157,0,59,95,0,146,55,0
capture_01_ring_buffer.btsnoop,1175.081551,5,calm,65,32,157,0,59,95,0,146,55,0
capture_01_ring_buffer.btsnoop,2270.726203,2,adapting,47,47,151,0,57,57,0,18,73,0
capture_01_ring_buffer.btsnoop,2271.339086,2,adapting,47,47,139,0,57,57,0,18,73,0
capture_01_ring_buffer.btsnoop,2271.995294,2,adapting,47,47,139,0,57,57,0,18,73,0
capture_01_ring_buffer.btsnoop,2272.739269,2,adapting,47,47,139,0,57,57,0,18,73,0
capture_01_ring_buffer.btsnoop,2273.439154,2,adapting,79,72,107,0,57,57,0,18,73,0
capture_01_ring_buffer.btsnoop,2273.832591,2,adapting,79,72,107,0,57,57,0,18,73,0
capture_01_ring_buffer.btsnoop,2274.2264,2,adapting,59,72,136,0,57,57,0,18,73,0
capture_01_ring_buffer.btsnoop,2274.532491,2,adapting,59,72,136,0,57,57,0,18,73,0
capture_01_ring_buffer.btsnoop,2274.839007,2,adapting,60,72,136,0,57,57,0,18,73,0
capture_01_ring_buffer.btsnoop,2275.276528,2,adapting,77,76,103,0,57,57,0,18,73,0
capture_01_ring_buffer.btsnoop,2275.84512,2,adapting,77,76,103,0,57,57,0,18,73,0
capture_01_ring_buffer.btsnoop,2276.282733,2,adapting,77,75,110,0,57,57,0,18,73,0
capture_01_ring_buffer.btsnoop,2276.895144,2,adapting,77,75,110,0,57,57,0,18,73,0
capture_01_ring_buffer.btsnoop,2277.245044,2,adapting,77,76,110,0,57,57,0,18,73,0
capture_01_ring_buffer.btsnoop,2277.551429,2,adapting,77,76,110,0,57,57,0,18,73,0
capture_01_ring_buffer.btsnoop,2277.857973,2,adapting,77,76,110,0,57,57,0,18,73,0
capture_01_ring_buffer.btsnoop,2278.207626,2,adapting,77,75,110,0,57,57,0,18,73,0
capture_01_ring_buffer.btsnoop,2278.557687,2,adapting,76,75,110,0,57,57,0,18,73,0
capture_01_ring_buffer.btsnoop,2278.995221,2,adapting,76,75,110,0,57,57,0,18,73,0
capture_01_ring_buffer.btsnoop,2279.56401,2,adapting,76,74,110,0,57,57,0,18,73,0
capture_01_ring_buffer.btsnoop,2279.870646,2,adapting,76,74,110,0,57,57,0,18,73,0
capture_01_ring_buffer.btsnoop,2280.26373,4,distracted,76,74,110,0,57,57,0,18,73,0
capture_01_ring_buffer.btsnoop,2280.570042,4,distracted,76,74,110,0,57,57,0,18,73,0
capture_01_ring_buffer.btsnoop,2280.920879,4,distracted,76,74,110,0,57,57,0,18,73,0
capture_01_ring_buffer.btsnoop,2281.270073,4,distracted,77,75,129,0,57,57,0,18,73,0
capture_01_ring_buffer.btsnoop,2281.576261,4,distracted,77,75,129,0,57,57,0,18,73,0
capture_01_ring_buffer.btsnoop,2281.970174,4,distracted,77,75,129,0,57,57,0,18,73,0
capture_01_ring_buffer.btsnoop,2282.320268,4,distracted,77,75,117,0,57,57,0,18,73,0
capture_01_ring_buffer.btsnoop,2282.582551,4,distracted,77,75,117,0,57,57,0,18,73,0
capture_01_ring_buffer.btsnoop,2282.976653,4,distracted,77,75,117,0,57,57,0,18,73,0
capture_01_ring_buffer.btsnoop,2283.326506,4,distracted,77,75,117,0,57,57,0,18,73,0
capture_01_ring_buffer.btsnoop,2283.589044,4,distracted,77,75,117,0,57,57,0,18,73,0
capture_01_ring_buffer.btsnoop,2283.939102,4,distracted,77,75,117,0,57,57,0,18,73,0
capture_01_ring_buffer.btsnoop,2284.332692,4,distracted,62,63,156,0,57,57,0,18,73,0
capture_01_ring_buffer.btsnoop,2284.639019,4,distracted,62,63,156,0,57,57,0,18,73,0
capture_01_ring_buffer.btsnoop,2284.988881,4,distracted,62,63,156,0,57,57,0,18,73,0
capture_01_ring_buffer.btsnoop,2285.339427,4,distracted,62,63,156,0,57,57,0,18,73,0
capture_01_ring_buffer.btsnoop,2285.645561,4,distracted,62,63,156,0,57,57,0,18,73,0
capture_01_ring_buffer.btsnoop,2285.951678,4,distracted,62,63,156,0,57,57,0,18,73,0
capture_01_ring_buffer.btsnoop,2286.389249,4,distracted,62,63,156,0,57,57,0,18,73,0
capture_01_ring_buffer.btsnoop,2287.044991,4,distracted,62,63,156,0,57,57,0,18,73,0
capture_01_ring_buffer.btsnoop,2287.701433,4,distracted,62,63,156,0,57,57,0,18,73,0
capture_01_ring_buffer.btsnoop,2288.051357,4,distracted,63,64,156,0,57,57,0,18,73,0
capture_01_ring_buffer.btsnoop,2288.663906,4,distracted,63,64,156,0,57,57,0,18,73,0
capture_01_ring_buffer.btsnoop,2289.013964,4,distracted,63,64,156,0,57,57,0,18,73,0
capture_01_ring_buffer.btsnoop,2289.363865,4,distracted,63,64,156,0,57,57,0,18,73,0
capture_01_ring_buffer.btsnoop,2289.714012,4,distracted,63,64,156,0,57,57,0,18,73,0
capture_01_ring_buffer.btsnoop,2290.064115,4,distracted,63,64,156,0,57,57,0,18,73,0
capture_01_ring_buffer.btsnoop,2290.414014,4,distracted,63,64,156,0,57,57,0,18,73,0
capture_01_ring_buffer.btsnoop,2291.02731,4,distracted,63,64,156,0,57,57,0,18,73,0
capture_01_ring_buffer.btsnoop,2291.46403,4,distracted,63,64,156,0,57,57,0,18,73,0
capture_01_ring_buffer.btsnoop,2292.032658,4,distracted,63,64,156,0,57,57,0,18,73,0
capture_01_ring_buffer.btsnoop,2292.427859,4,distracted,63,64,156,0,57,57,0,18,73,0
capture_01_ring_buffer.btsnoop,2292.73287,4,distracted,63,64,156,0,57,57,0,18,79,0
capture_01_ring_buffer.btsnoop,2293.170224,4,distracted,63,64,156,0,57,57,0,18,79,0
capture_01_ring_buffer.btsnoop,2293.739245,4,distracted,63,64,156,0,57,57,0,18,79,0
capture_01_ring_buffer.btsnoop,2294.045395,4,distracted,63,64,156,0,57,57,0,18,79,0
capture_01_ring_buffer.btsnoop,2294.483324,4,distracted,63,64,156,0,57,57,0,18,79,0
capture_01_ring_buffer.btsnoop,2295.095327,4,distracted,63,64,156,0,57,57,0,18,79,0
capture_01_ring_buffer.btsnoop,2295.445167,4,distracted,63,64,156,0,57,57,0,18,79,0
capture_01_ring_buffer.btsnoop,2295.751952,4,distracted,63,64,156,0,57,57,0,18,79,0
capture_01_ring_buffer.btsnoop,2296.101493,4,distracted,63,64,156,0,57,57,0,18,79,0
capture_01_ring_buffer.btsnoop,2296.451526,4,distracted,63,64,156,0,57,57,0,18,79,0
capture_01_ring_buffer.btsnoop,2297.152752,4,distracted,63,64,156,0,57,57,0,18,79,0
capture_01_ring_buffer.btsnoop,2297.807952,4,distracted,63,64,181,0,57,57,0,18,79,0
capture_01_ring_buffer.btsnoop,2298.157828,4,distracted,63,64,181,0,57,57,0,18,79,0
capture_01_ring_buffer.btsnoop,2298.464247,4,distracted,63,64,181,0,57,57,0,18,79,0
capture_01_ring_buffer.btsnoop,2298.770256,4,distracted,63,64,181,0,57,57,0,18,79,0
capture_01_ring_buffer.btsnoop,2299.120185,4,distracted,63,64,181,0,57,57,0,18,79,0
capture_01_ring_buffer.btsnoop,2299.470454,4,distracted,63,64,181,0,57,57,0,18,79,0
capture_01_ring_buffer.btsnoop,2299.776734,4,distracted,63,64,181,0,57,57,0,18,79,0
capture_01_ring_buffer.btsnoop,2300.126498,4,distracted,63,64,181,0,57,57,0,18,79,0
capture_01_ring_buffer.btsnoop,2300.564043,4,distracted,63,64,161,0,57,57,0,18,79,0
capture_01_ring_buffer.btsnoop,2301.13336,4,distracted,63,64,161,0,57,57,0,18,79,0
capture_01_ring_buffer.btsnoop,2301.483061,4,distracted,63,64,161,0,57,57,0,18,79,0
capture_01_ring_buffer.btsnoop,2301.832579,4,distracted,63,64,161,0,57,57,0,18,79,0
capture_01_ring_buffer.btsnoop,2302.138989,4,distracted,63,64,161,0,57,57,0,18,79,0
capture_01_ring_buffer.btsnoop,2302.534127,4,distracted,63,64,202,0,57,57,0,18,79,0
capture_01_ring_buffer.btsnoop,2302.795472,4,distracted,63,64,202,0,57,57,0,18,79,0
capture_01_ring_buffer.btsnoop,2303.145309,4,distracted,63,64,202,0,57,57,0,18,79,0
capture_01_ring_buffer.btsnoop,2303.538968,4,distracted,63,64,215,0,57,57,0,18,79,0
capture_01_ring_buffer.btsnoop,2303.84537,4,distracted,63,64,215,0,57,57,0,18,79,0
capture_01_ring_buffer.btsnoop,2304.152251,4,distracted,63,64,215,0,57,57,0,18,79,0
capture_01_ring_buffer.btsnoop,2304.676642,4,distracted,63,64,215,0,57,57,0,18,79,0
capture_01_ring_buffer.btsnoop,2305.202127,4,distracted,63,64,215,0,57,57,0,18,79,0
capture_01_ring_buffer.btsnoop,2305.551521,4,distracted,63,53,104,0,57,57,0,18,79,0
capture_01_ring_buffer.btsnoop,2305.858005,4,distracted,63,53,104,0,57,57,0,18,79,0
capture_01_ring_buffer.btsnoop,2306.207846,4,distracted,63,53,104,0,57,57,0,18,79,0
capture_01_ring_buffer.btsnoop,2306.601699,4,distracted,63,53,113,0,57,57,0,18,79,0
capture_01_ring_buffer.btsnoop,2307.214229,4,distracted,63,53,113,0,57,57,0,18,79,0
capture_01_ring_buffer.btsnoop,2307.607861,4,distracted,63,51,122,0,57,57,0,18,79,0
capture_01_ring_buffer.btsnoop,2308.220391,4,distracted,63,51,122,0,57,57,0,18,79,0
capture_01_ring_buffer.btsnoop,2308.614231,4,distracted,63,48,131,0,57,57,0,18,79,0
capture_01_ring_buffer.btsnoop,2309.313952,4,distracted,63,48,131,0,57,57,0,18,79,0
capture_01_ring_buffer.btsnoop,2309.926793,4,distracted,63,48,131,0,57,57,0,18,79,0
capture_01_ring_buffer.btsnoop,2310.233026,4,distracted,63,47,131,0,57,57,0,18,79,0
capture_01_ring_buffer.btsnoop,2310.5832,4,distracted,63,46,131,0,57,57,0,18,79,0
capture_01_ring_buffer.btsnoop,2311.020426,4,distracted,63,46,131,0,57,57,0,18,79,0
capture_01_ring_buffer.btsnoop,2311.589174,4,distracted,63,45,131,0,57,57,0,18,79,0
capture_01_ring_buffer.btsnoop,2311.939243,4,distracted,63,45,131,0,57,57,0,18,79,0
capture_01_ring_buffer.btsnoop,2312.245536,4,distracted,63,45,131,0,57,57,0,18,79,0
capture_01_ring_buffer.btsnoop,2312.683204,4,distracted,63,45,131,0,57,57,0,18,79,0
capture_01_ring_buffer.btsnoop,2313.382932,4,distracted,63,45,131,0,57,57,0,18,79,0
capture_01_ring_buffer.btsnoop,2313.951716,4,distracted,63,45,131,0,57,57,0,18,79,0
capture_01_ring_buffer.btsnoop,2314.345592,4,distracted,63,45,131,0,57,57,0,18,79,0
capture_01_ring_buffer.btsnoop,2314.957916,4,distracted,63,46,131,0,57,57,0,18,79,0
capture_01_ring_buffer.btsnoop,2315.30796,4,distracted,63,46,131,0,57,57,0,18,79,0
capture_01_ring_buffer.btsnoop,2315.70168,4,distracted,51,51,163,0,57,57,0,18,79,0
capture_01_ring_buffer.btsnoop,2316.314401,4,distracted,52,52,163,0,57,57,0,18,79,0
capture_01_ring_buffer.btsnoop,2316.707981,4,distracted,52,52,234,0,57,57,0,18,79,0
capture_01_ring_buffer.btsnoop,2317.320453,4,distracted,52,52,234,0,57,57,0,18,79,0
capture_01_ring_buffer.btsnoop,2317.714075,4,distracted,52,52,241,0,57,57,0,18,79,0
capture_01_ring_buffer.btsnoop,2318.326915,4,distracted,52,52,241,0,57,57,0,18,79,0
capture_01_ring_buffer.btsnoop,2318.676703,4,distracted,52,52,241,0,57,57,0,18,79,0
capture_01_ring_buffer.btsnoop,2319.070426,4,distracted,52,52,241,0,57,57,0,18,79,0
capture_01_ring_buffer.btsnoop,2319.727151,4,distracted,68,66,182,0,57,57,0,18,79,0
capture_01_ring_buffer.btsnoop,2320.076803,4,distracted,68,66,182,0,57,57,0,18,79,0
capture_01_ring_buffer.btsnoop,2320.864291,4,distracted,72,70,254,0,57,57,0,18,79,0
capture_01_ring_buffer.btsnoop,2321.345579,4,distracted,72,70,254,0,57,57,0,18,79,0
capture_01_ring_buffer.btsnoop,2321.783278,4,distracted,72,70,254,0,57,57,0,18,79,0
capture_01_ring_buffer.btsnoop,2322.44024,4,distracted,72,70,254,0,57,57,0,18,79,0
capture_01_ring_buffer.btsnoop,2323.051778,4,distracted,72,70,255,0,57,57,0,18,79,0
capture_01_ring_buffer.btsnoop,2323.401938,4,distracted,72,70,255,0,57,57,0,18,79,0
capture_01_ring_buffer.btsnoop,2323.751958,4,distracted,72,70,246,0,57,57,0,18,79,0
capture_01_ring_buffer.btsnoop,2324.101761,4,distracted,72,70,246,0,57,57,0,18,79,0
capture_01_ring_buffer.btsnoop,2324.408013,4,distracted,72,70,246,0,57,57,0,18,79,0
capture_01_ring_buffer.btsnoop,2324.845582,4,distracted,72,70,246,0,57,57,0,18,79,0
capture_01_ring_buffer.btsnoop,2325.458077,4,distracted,72,70,246,0,57,57,0,18,79,0
capture_01_ring_buffer.btsnoop,2325.851902,4,distracted,72,70,246,0,57,57,0,18,79,0
capture_01_ring_buffer.btsnoop,2326.420626,4,distracted,72,70,246,0,57,57,0,18,79,0
capture_01_ring_buffer.btsnoop,2326.858174,4,distracted,72,70,246,0,57,57,0,18,79,0
capture_01_ring_buffer.btsnoop,2327.426757,4,distracted,72,70,246,0,57,57,0,18,79,0
capture_01_ring_buffer.btsnoop,2327.864348,4,distracted,72,70,246,0,57,57,0,18,79,0
capture_01_ring_buffer.btsnoop,2328.564353,4,distracted,72,70,246,0,57,57,0,18,79,0
capture_01_ring_buffer.btsnoop,2329.220809,4,distracted,72,70,246,0,57,57,0,18,79,0
capture_01_ring_buffer.btsnoop,2329.833032,4,distracted,72,70,246,0,57,57,0,18,79,0
capture_01_ring_buffer.btsnoop,2330.183135,4,distracted,72,70,246,0,57,57,0,18,79,0
capture_01_ring_buffer.btsnoop,2330.92709,4,distracted,72,70,246,0,57,57,0,18,79,0
capture_01_ring_buffer.btsnoop,2331.53935,4,distracted,72,70,246,0,57,57,0,18,79,0
capture_01_ring_buffer.btsnoop,2332.151802,4,distracted,72,69,186,0,57,57,0,18,79,0
capture_01_ring_buffer.btsnoop,2332.502816,4,distracted,72,69,186,0,57,57,0,18,79,0
capture_01_ring_buffer.btsnoop,2332.895999,4,distracted,72,69,186,0,57,57,0,18,79,0
capture_01_ring_buffer.btsnoop,2333.508289,4,distracted,72,68,186,0,57,57,0,18,79,0
capture_01_ring_buffer.btsnoop,2333.901916,4,distracted,72,62,198,0,57,57,0,18,79,0
capture_01_ring_buffer.btsnoop,2334.514451,4,distracted,72,62,198,0,57,57,0,18,79,0
capture_01_ring_buffer.btsnoop,2334.908173,4,distracted,72,62,198,0,57,57,0,18,79,0
capture_01_ring_buffer.btsnoop,2335.520547,4,distracted,72,63,198,0,57,57,0,18,79,0
capture_01_ring_buffer.btsnoop,2335.870573,4,distracted,72,63,198,0,57,57,0,18,79,0
capture_01_ring_buffer.btsnoop,2336.176931,4,distracted,72,63,198,0,57,57,0,18,79,0
capture_01_ring_buffer.btsnoop,2336.527114,4,distracted,72,63,198,0,57,57,0,18,79,0
capture_01_ring_buffer.btsnoop,2336.964597,4,distracted,72,59,198,0,57,57,0,18,79,0
capture_01_ring_buffer.btsnoop,2337.533163,4,distracted,72,59,198,0,57,57,0,18,79,0
capture_01_ring_buffer.btsnoop,2338.014554,4,distracted,72,58,165,0,57,57,0,18,79,0
capture_01_ring_buffer.btsnoop,2338.626807,4,distracted,72,58,165,0,57,57,0,18,79,0
capture_01_ring_buffer.btsnoop,2339.283211,4,distracted,72,58,158,0,57,57,0,18,79,0
capture_01_ring_buffer.btsnoop,2339.939452,4,distracted,72,58,158,0,57,57,0,18,79,0
capture_01_ring_buffer.btsnoop,2340.245857,4,distracted,72,59,158,0,57,57,0,18,79,0
capture_01_ring_buffer.btsnoop,2340.639489,4,distracted,72,59,158,0,57,57,0,18,79,0
capture_01_ring_buffer.btsnoop,2341.252034,4,distracted,72,58,158,0,57,57,0,18,79,0
capture_01_ring_buffer.btsnoop,2341.601956,4,distracted,72,58,158,0,57,57,0,18,79,0
capture_01_ring_buffer.btsnoop,2341.908237,4,distracted,72,58,158,0,57,57,0,18,79,0
capture_01_ring_buffer.btsnoop,2342.258418,4,distracted,72,59,158,0,57,57,0,18,79,0
capture_01_ring_buffer.btsnoop,2342.652012,4,distracted,72,59,158,0,57,57,0,18,79,0
capture_01_ring_buffer.btsnoop,2343.045622,4,distracted,72,65,110,0,57,57,0,18,79,0
capture_01_ring_buffer.btsnoop,2343.614465,4,distracted,72,65,110,0,57,57,0,18,79,0
capture_01_ring_buffer.btsnoop,2344.008429,4,distracted,72,65,110,0,57,57,0,18,79,0
capture_01_ring_buffer.btsnoop,2344.620631,4,distracted,72,65,110,0,57,57,0,18,79,0
capture_01_ring_buffer.btsnoop,2345.014514,4,distracted,48,65,218,0,57,57,0,18,79,0
capture_01_ring_buffer.btsnoop,2345.626833,4,distracted,48,65,218,0,57,57,0,18,79,0
capture_01_ring_buffer.btsnoop,2346.15224,4,distracted,48,65,218,0,57,57,0,18,79,0
capture_01_ring_buffer.btsnoop,2346.633174,4,distracted,48,65,218,0,57,57,0,18,79,0
capture_01_ring_buffer.btsnoop,2346.983104,4,distracted,48,65,218,0,57,57,0,18,79,0
capture_01_ring_buffer.btsnoop,2347.333353,4,distracted,48,65,218,0,57,57,0,18,79,0
capture_01_ring_buffer.btsnoop,2347.639699,4,distracted,48,65,218,0,57,57,0,18,79,0
capture_01_ring_buffer.btsnoop,2348.033746,4,distracted,51,51,142,0,57,57,0,18,79,0
capture_01_ring_buffer.btsnoop,2348.339393,4,distracted,51,51,142,0,57,57,0,18,79,0
capture_01_ring_buffer.btsnoop,2348.689389,4,distracted,51,51,142,0,57,57,0,18,79,0
capture_01_ring_buffer.btsnoop,2349.083197,4,distracted,52,52,142,0,57,57,0,18,79,0
capture_01_ring_buffer.btsnoop,2349.739411,4,distracted,52,51,142,0,57,57,0,18,79,0
capture_01_ring_buffer.btsnoop,2350.352033,4,distracted,57,57,250,0,57,57,0,18,79,0
capture_01_ring_buffer.btsnoop,2350.702013,4,distracted,57,57,250,0,57,57,0,18,79,0
capture_01_ring_buffer.btsnoop,2351.09575,4,distracted,75,77,255,0,57,57,0,18,79,0
capture_01_ring_buffer.btsnoop,2351.752251,4,distracted,75,78,255,0,57,57,0,18,79,0
capture_01_ring_buffer.btsnoop,2352.27693,4,distracted,77,79,255,0,57,57,0,18,79,0
capture_01_ring_buffer.btsnoop,2352.71484,4,distracted,77,79,255,0,57,57,0,18,79,0
capture_01_ring_buffer.btsnoop,2353.152187,4,distracted,28,28,255,0,57,57,0,18,79,0
capture_01_ring_buffer.btsnoop,2353.851991,4,distracted,28,28,255,0,55,59,0,18,83,0
capture_01_ring_buffer.btsnoop,2354.420717,4,distracted,28,28,255,0,55,59,0,18,83,0
capture_01_ring_buffer.btsnoop,2354.726929,7,stressed,28,28,255,0,55,59,0,18,83,0
capture_01_ring_buffer.btsnoop,2355.12105,7,stressed,47,47,197,0,55,59,0,18,83,0
capture_01_ring_buffer.btsnoop,2355.427197,7,stressed,48,48,197,0,55,59,0,18,83,0
capture_01_ring_buffer.btsnoop,2355.777015,7,stressed,48,48,197,0,55,59,0,18,83,0
capture_01_ring_buffer.btsnoop,2356.170856,7,stressed,78,76,197,0,55,59,0,18,83,0
capture_01_ring_buffer.btsnoop,2356.826968,7,stressed,78,76,197,0,55,59,0,18,83,0
capture_01_ring_buffer.btsnoop,2357.483345,7,stressed,48,48,255,0,55,59,0,18,83,0
capture_01_ring_buffer.btsnoop,2357.789601,7,stressed,48,48,255,0,55,59,0,18,83,0
capture_01_ring_buffer.btsnoop,2358.226956,7,stressed,52,52,255,0,55,59,0,18,83,0
capture_01_ring_buffer.btsnoop,2358.795991,7,stressed,50,52,255,0,55,59,0,18,83,0
capture_01_ring_buffer.btsnoop,2359.189763,7,stressed,50,52,255,0,55,59,0,18,83,0
capture_01_ring_buffer.btsnoop,2359.802104,7,stressed,51,52,255,0,55,59,0,18,83,0
capture_01_ring_buffer.btsnoop,2360.195773,7,stressed,51,52,255,0,55,59,0,18,83,0
capture_01_ring_buffer.btsnoop,2360.808555,7,stressed,50,52,255,0,55,59,0,18,83,0
capture_01_ring_buffer.btsnoop,2361.245976,7,stressed,80,80,255,0,55,59,0,18,83,0
capture_01_ring_buffer.btsnoop,2361.9022,7,stressed,80,80,255,0,55,59,0,18,83,0
capture_01_ring_buffer.btsnoop,2362.51554,7,stressed,80,80,255,0,55,59,0,18,83,0
capture_01_ring_buffer.btsnoop,2362.864987,7,stressed,80,80,255,0,55,59,0,18,83,0
capture_01_ring_buffer.btsnoop,2363.258215,7,stressed,80,80,255,0,55,59,0,18,83,0
capture_01_ring_buffer.btsnoop,2363.871009,7,stressed,80,80,255,0,55,59,0,18,83,0
capture_01_ring_buffer.btsnoop,2364.26453,7,stressed,80,80,255,0,55,59,0,18,83,0
capture_01_ring_buffer.btsnoop,2364.87729,7,stressed,80,80,255,0,55,59,0,18,83,0
capture_01_ring_buffer.btsnoop,2365.270965,7,stressed,80,80,255,0,55,59,0,18,83,0
capture_01_ring_buffer.btsnoop,2365.883296,7,stressed,81,81,255,0,55,59,0,18,83,0
capture_01_ring_buffer.btsnoop,2366.277412,7,stressed,81,81,255,0,55,59,0,18,83,0
capture_01_ring_buffer.btsnoop,2366.889843,7,stressed,81,81,255,0,55,59,0,18,83,0
capture_01_ring_buffer.btsnoop,2367.283474,7,stressed,80,81,255,0,55,59,0,18,83,0
capture_01_ring_buffer.btsnoop,2367.983566,7,stressed,80,80,255,0,55,59,0,18,83,0
capture_01_ring_buffer.btsnoop,2368.596059,7,stressed,81,81,255,0,55,59,0,18,83,0
capture_01_ring_buffer.btsnoop,2368.902026,7,stressed,81,81,255,0,55,59,0,18,83,0
capture_01_ring_buffer.btsnoop,2369.295786,7,stressed,81,81,255,0,55,59,0,18,83,0
capture_01_ring_buffer.btsnoop,2369.908384,7,stressed,80,80,255,0,55,59,0,18,83,0
capture_01_ring_buffer.btsnoop,2370.302274,7,stressed,77,79,255,0,55,59,0,18,83,0
capture_01_ring_buffer.btsnoop,2370.652027,7,stressed,77,79,255,0,55,59,0,18,83,0
capture_01_ring_buffer.btsnoop,2371.264617,7,stressed,76,79,255,0,55,59,0,18,83,0
capture_01_ring_buffer.btsnoop,2371.658475,7,stressed,76,79,255,0,55,59,0,18,83,0
capture_01_ring_buffer.btsnoop,2372.314823,4,distracted,80,80,255,0,55,59,0,18,83,0
capture_01_ring_buffer.btsnoop,2372.620856,4,distracted,80,80,255,0,55,59,0,18,83,0
capture_01_ring_buffer.btsnoop,2373.189756,4,distracted,80,80,255,0,55,59,0,18,83,0
capture_01_ring_buffer.btsnoop,2373.671143,4,distracted,81,81,255,0,55,59,0,18,83,0
capture_01_ring_buffer.btsnoop,2373.977347,4,distracted,81,81,255,0,55,59,0,18,83,0
capture_01_ring_buffer.btsnoop,2374.3711,4,distracted,81,81,255,0,55,59,0,18,83,0
capture_01_ring_buffer.btsnoop,2374.983789,4,distracted,81,81,255,0,55,59,0,18,83,0
capture_01_ring_buffer.btsnoop,2375.333381,4,distracted,81,81,255,0,55,59,0,18,83,0
capture_01_ring_buffer.btsnoop,2375.639934,4,distracted,81,81,255,0,55,59,0,18,83,0
capture_01_ring_buffer.btsnoop,2375.989901,4,distracted,81,81,255,0,55,59,0,18,83,0
capture_01_ring_buffer.btsnoop,2376.383505,4,distracted,81,81,255,0,55,59,0,18,83,0
capture_01_ring_buffer.btsnoop,2377.039881,4,distracted,81,81,255,0,55,59,0,18,83,0
capture_01_ring_buffer.btsnoop,2377.47727,4,distracted,80,76,255,0,55,59,0,18,83,0
capture_01_ring_buffer.btsnoop,2378.133568,4,distracted,80,76,255,0,55,59,0,18,83,0
capture_01_ring_buffer.btsnoop,2378.74552,4,distracted,80,76,255,0,55,59,0,18,83,0
capture_01_ring_buffer.btsnoop,2379.446125,4,distracted,77,74,255,0,55,59,0,18,83,0
capture_01_ring_buffer.btsnoop,2380.146093,4,distracted,77,74,255,0,55,59,0,18,83,0
capture_01_ring_buffer.btsnoop,2380.758531,4,distracted,74,72,255,0,55,59,0,18,83,0
capture_01_ring_buffer.btsnoop,2381.064758,4,distracted,74,72,255,0,55,59,0,18,83,0
capture_01_ring_buffer.btsnoop,2381.458635,4,distracted,79,75,255,0,55,59,0,18,83,0
capture_01_ring_buffer.btsnoop,2382.114728,4,distracted,79,75,255,0,55,59,0,18,83,0
capture_01_ring_buffer.btsnoop,2382.727278,4,distracted,79,77,255,0,55,59,0,18,83,0
capture_01_ring_buffer.btsnoop,2383.077441,4,distracted,79,78,255,0,55,59,0,18,83,0
capture_01_ring_buffer.btsnoop,2383.42761,4,distracted,79,78,255,0,55,59,0,18,83,0
capture_01_ring_buffer.btsnoop,2383.777261,4,distracted,79,78,255,0,55,59,0,18,83,0
capture_01_ring_buffer.btsnoop,2384.083427,4,distracted,79,78,255,0,55,59,0,18,83,0
capture_01_ring_buffer.btsnoop,2384.608673,4,distracted,80,77,255,0,55,59,0,18,83,0
capture_01_ring_buffer.btsnoop,2385.089754,4,distracted,80,77,255,0,55,59,0,18,83,0
capture_01_ring_buffer.btsnoop,2385.527131,4,distracted,80,77,255,0,55,59,0,18,83,0
capture_01_ring_buffer.btsnoop,2386.183711,4,distracted,80,77,255,0,55,59,0,18,83,0
capture_01_ring_buffer.btsnoop,2386.970938,4,distracted,81,78,255,0,55,59,0,18,83,0
capture_01_ring_buffer.btsnoop,2387.539796,7,stressed,78,75,255,0,55,59,0,18,83,0
capture_01_ring_buffer.btsnoop,2388.195865,7,stressed,78,75,255,0,55,59,0,18,83,0
capture_01_ring_buffer.btsnoop,2388.852482,7,stressed,78,75,255,0,55,59,0,18,83,0
capture_01_ring_buffer.btsnoop,2389.202646,7,stressed,78,75,255,0,55,59,0,18,83,0
capture_01_ring_buffer.btsnoop,2389.814727,7,stressed,78,75,255,0,55,59,0,18,83,0
capture_01_ring_buffer.btsnoop,2390.165012,7,stressed,77,74,255,0,55,59,0,18,83,0
capture_01_ring_buffer.btsnoop,2390.55878,7,stressed,77,74,255,0,55,59,0,18,83,0
capture_01_ring_buffer.btsnoop,2391.258697,7,stressed,77,73,255,0,55,59,0,18,83,0
capture_01_ring_buffer.btsnoop,2391.871248,7,stressed,75,73,255,0,55,59,0,18,83,0
capture_01_ring_buffer.btsnoop,2392.177305,4,distracted,75,73,255,0,55,59,0,18,83,0
capture_01_ring_buffer.btsnoop,2392.528149,4,distracted,75,73,255,0,55,59,0,18,83,0
capture_01_ring_buffer.btsnoop,2392.877293,4,distracted,76,73,255,0,55,59,0,18,83,0
capture_01_ring_buffer.btsnoop,2393.183424,4,distracted,76,73,255,0,55,59,0,18,83,0
capture_01_ring_buffer.btsnoop,2393.621062,4,distracted,76,72,255,0,55,59,0,18,83,0
capture_01_ring_buffer.btsnoop,2394.233683,4,distracted,76,73,255,0,55,59,0,18,83,0
capture_01_ring_buffer.btsnoop,2394.671129,4,distracted,67,73,255,0,55,59,0,18,83,0
capture_01_ring_buffer.btsnoop,2395.371005,4,distracted,67,73,255,0,55,59,0,18,83,0
capture_01_ring_buffer.btsnoop,2395.896067,4,distracted,64,73,255,0,55,59,0,18,83,0
capture_01_ring_buffer.btsnoop,2396.246147,4,distracted,64,73,255,0,55,59,0,18,83,0
capture_01_ring_buffer.btsnoop,2396.683623,4,distracted,71,67,255,0,55,59,0,18,83,0
capture_01_ring_buffer.btsnoop,2397.296256,4,distracted,71,68,255,0,55,59,0,18,83,0
capture_01_ring_buffer.btsnoop,2397.99624,4,distracted,71,68,255,0,55,59,0,18,83,0
capture_01_ring_buffer.btsnoop,2398.783434,4,distracted,72,67,255,0,55,59,0,18,83,0
capture_01_ring_buffer.btsnoop,2399.308673,4,distracted,72,67,255,0,55,59,0,18,83,0
capture_01_ring_buffer.btsnoop,2399.964814,4,distracted,72,67,255,0,55,59,0,18,83,0
capture_01_ring_buffer.btsnoop,2400.358451,4,distracted,72,67,255,0,55,59,0,18,83,0
capture_01_ring_buffer.btsnoop,2400.971046,4,distracted,74,68,255,0,55,59,0,18,83,0
capture_01_ring_buffer.btsnoop,2401.3211,4,distracted,75,68,255,0,55,59,0,18,83,0
capture_01_ring_buffer.btsnoop,2401.67101,4,distracted,74,68,255,0,55,59,0,18,83,0
capture_01_ring_buffer.btsnoop,2402.415004,4,distracted,75,68,255,0,55,59,0,18,83,0
capture_01_ring_buffer.btsnoop,2402.983869,4,distracted,75,68,255,0,55,59,0,18,83,0
capture_01_ring_buffer.btsnoop,2403.333616,4,distracted,75,68,255,0,55,59,0,18,83,0
capture_01_ring_buffer.btsnoop,2403.683848,4,distracted,75,69,255,0,55,59,0,18,83,0
capture_01_ring_buffer.btsnoop,2403.990039,4,distracted,75,69,255,0,55,59,0,18,83,0
capture_01_ring_buffer.btsnoop,2404.339898,4,distracted,75,69,255,0,55,59,0,18,83,0
capture_01_ring_buffer.btsnoop,2404.733601,4,distracted,75,69,255,0,55,59,0,18,83,0
capture_01_ring_buffer.btsnoop,2405.389944,4,distracted,76,69,255,0,55,59,0,18,83,0
capture_01_ring_buffer.btsnoop,2406.002624,4,distracted,80,71,255,0,55,59,0,18,83,0
capture_01_ring_buffer.btsnoop,2406.352439,4,distracted,80,71,255,0,55,59,0,18,83,0
capture_01_ring_buffer.btsnoop,2406.746037,4,distracted,81,71,255,0,55,59,0,18,83,0
capture_01_ring_buffer.btsnoop,2407.359412,4,distracted,81,71,255,0,55,59,0,18,83,0
capture_01_ring_buffer.btsnoop,2407.709187,4,distracted,81,71,255,0,55,59,0,18,83,0
capture_01_ring_buffer.btsnoop,2408.058964,4,distracted,81,71,255,0,55,59,0,18,83,0
capture_01_ring_buffer.btsnoop,2408.40883,4,distracted,81,71,255,0,55,59,0,18,83,0
capture_01_ring_buffer.btsnoop,2409.064846,4,distracted,83,73,255,0,55,59,0,18,83,0
capture_01_ring_buffer.btsnoop,2409.371562,4,distracted,83,73,255,0,55,59,0,18,83,0
capture_01_ring_buffer.btsnoop,2409.76507,4,distracted,83,73,255,0,55,59,0,18,83,0
capture_01_ring_buffer.btsnoop,2410.421568,4,distracted,81,74,255,0,55,59,0,18,83,0
capture_01_ring_buffer.btsnoop,2410.771203,4,distracted,81,74,255,0,55,59,0,18,83,0
capture_01_ring_buffer.btsnoop,2411.427558,4,distracted,80,71,255,0,55,59,0,18,83,0
capture_01_ring_buffer.btsnoop,2411.821112,4,distracted,79,71,255,0,55,59,0,18,83,0
capture_01_ring_buffer.btsnoop,2412.434565,4,distracted,79,71,255,0,55,59,0,18,83,0
capture_01_ring_buffer.btsnoop,2412.783959,4,distracted,81,72,255,0,55,59,0,18,83,0
capture_01_ring_buffer.btsnoop,2413.090085,4,distracted,81,72,255,0,55,59,0,18,83,0
capture_01_ring_buffer.btsnoop,2413.440041,4,distracted,81,72,255,0,55,59,0,18,83,0
capture_01_ring_buffer.btsnoop,2413.877623,4,distracted,81,72,255,0,55,59,0,18,83,0
capture_01_ring_buffer.btsnoop,2414.446223,4,distracted,81,73,255,0,59,68,0,18,86,0
capture_01_ring_buffer.btsnoop,2414.971231,4,distracted,78,70,255,0,59,68,0,18,86,0
capture_01_ring_buffer.btsnoop,2415.539695,4,distracted,78,71,255,0,59,68,0,18,86,0
capture_01_ring_buffer.btsnoop,2416.19605,4,distracted,79,72,255,0,59,68,0,18,86,0
capture_01_ring_buffer.btsnoop,2416.896265,4,distracted,79,72,255,0,59,68,0,18,86,0
capture_01_ring_buffer.btsnoop,2417.464853,4,distracted,80,72,255,0,59,68,0,18,86,0
capture_01_ring_buffer.btsnoop,2417.989962,4,distracted,80,70,255,0,59,68,0,18,86,0
capture_01_ring_buffer.btsnoop,2418.515477,4,distracted,80,70,255,0,59,68,0,18,86,0
capture_01_ring_buffer.btsnoop,2419.171256,4,distracted,79,70,255,0,59,68,0,18,86,0
capture_01_ring_buffer.btsnoop,2419.521194,4,distracted,79,70,255,0,59,68,0,18,86,0
capture_01_ring_buffer.btsnoop,2420.177749,4,distracted,80,70,255,0,59,68,0,18,86,0
capture_01_ring_buffer.btsnoop,2420.483882,4,distracted,80,70,255,0,59,68,0,18,86,0
capture_01_ring_buffer.btsnoop,2420.921299,4,distracted,82,71,255,0,59,68,0,18,86,0
capture_01_ring_buffer.btsnoop,2421.533643,4,distracted,81,70,255,0,59,68,0,18,86,0
capture_01_ring_buffer.btsnoop,2421.883685,4,distracted,79,69,255,0,59,68,0,18,86,0
capture_01_ring_buffer.btsnoop,2422.540902,4,distracted,78,68,255,0,59,68,0,18,86,0
capture_01_ring_buffer.btsnoop,2422.889986,4,distracted,78,68,255,0,59,68,0,18,86,0
capture_01_ring_buffer.btsnoop,2423.54619,4,distracted,78,68,255,0,59,68,0,18,86,0
capture_01_ring_buffer.btsnoop,2423.896255,4,distracted,79,69,255,0,59,68,0,18,86,0
capture_01_ring_buffer.btsnoop,2424.596174,4,distracted,79,70,255,0,59,68,0,18,86,0
capture_01_ring_buffer.btsnoop,2425.209339,4,distracted,73,67,255,0,59,68,0,18,86,0
capture_01_ring_buffer.btsnoop,2425.558762,4,distracted,73,67,255,0,59,68,0,18,86,0
capture_01_ring_buffer.btsnoop,2425.908748,4,distracted,74,67,255,0,59,68,0,18,86,0
capture_01_ring_buffer.btsnoop,2426.215208,4,distracted,74,67,255,0,59,68,0,18,86,0
capture_01_ring_buffer.btsnoop,2426.56526,4,distracted,74,67,255,0,59,68,0,18,86,0
capture_01_ring_buffer.btsnoop,2426.959214,4,distracted,78,71,255,0,59,68,0,18,86,0
capture_01_ring_buffer.btsnoop,2427.571172,4,distracted,77,71,255,0,59,68,0,18,86,0
capture_01_ring_buffer.btsnoop,2427.921435,4,distracted,77,71,255,0,59,68,0,18,86,0
capture_01_ring_buffer.btsnoop,2428.27132,4,distracted,77,71,255,0,59,68,0,18,86,0
capture_01_ring_buffer.btsnoop,2428.621179,4,distracted,77,71,255,0,59,68,0,18,86,0
capture_01_ring_buffer.btsnoop,2429.277466,4,distracted,71,66,255,0,59,68,0,18,86,0
capture_01_ring_buffer.btsnoop,2429.583689,4,distracted,71,65,255,0,59,68,0,18,86,0
capture_01_ring_buffer.btsnoop,2429.933984,4,distracted,71,65,255,0,59,68,0,18,86,0
capture_01_ring_buffer.btsnoop,2430.283853,4,distracted,71,65,255,0,59,68,0,18,86,0
capture_01_ring_buffer.btsnoop,2430.633785,4,distracted,71,65,255,0,59,68,0,18,86,0
capture_01_ring_buffer.btsnoop,2430.983779,4,distracted,71,63,255,0,59,68,0,18,86,0
capture_01_ring_buffer.btsnoop,2431.68382,4,distracted,71,63,255,0,59,68,0,18,86,0
capture_01_ring_buffer.btsnoop,2432.296289,4,distracted,71,63,255,0,59,68,0,18,86,0
capture_01_ring_buffer.btsnoop,2432.690038,4,distracted,71,63,255,0,59,68,0,18,86,0
capture_01_ring_buffer.btsnoop,2433.302622,4,distracted,71,60,255,0,59,68,0,18,86,0
capture_01_ring_buffer.btsnoop,2433.740077,4,distracted,71,60,255,0,59,68,0,18,86,0
capture_01_ring_buffer.btsnoop,2434.35289,4,distracted,71,60,255,0,59,68,0,18,86,0
capture_01_ring_buffer.btsnoop,2435.008712,4,distracted,71,60,255,0,59,68,0,18,86,0
capture_01_ring_buffer.btsnoop,2435.402757,4,distracted,71,61,255,0,59,68,0,18,86,0
capture_01_ring_buffer.btsnoop,2436.058753,4,distracted,52,61,255,0,59,68,0,18,86,0
capture_01_ring_buffer.btsnoop,2436.671309,4,distracted,52,61,255,0,59,68,0,18,86,0
capture_01_ring_buffer.btsnoop,2437.06526,4,distracted,71,67,255,0,59,68,0,18,86,0
capture_01_ring_buffer.btsnoop,2437.677571,4,distracted,71,67,255,0,59,68,0,18,86,0
capture_01_ring_buffer.btsnoop,2438.071256,4,distracted,72,68,255,0,59,68,0,18,86,0
capture_01_ring_buffer.btsnoop,2438.683766,4,distracted,72,69,255,0,59,68,0,18,86,0
capture_01_ring_buffer.btsnoop,2439.077766,4,distracted,72,69,255,0,59,68,0,18,86,0
capture_01_ring_buffer.btsnoop,2439.690205,4,distracted,72,69,255,0,59,68,0,18,86,0
capture_01_ring_buffer.btsnoop,2440.083777,4,distracted,72,69,255,0,59,68,0,18,86,0
capture_01_ring_buffer.btsnoop,2440.696544,4,distracted,72,69,255,0,59,68,0,18,86,0
capture_01_ring_buffer.btsnoop,2441.090391,4,distracted,72,69,255,0,59,68,0,18,86,0
capture_01_ring_buffer.btsnoop,2441.702679,4,distracted,72,69,255,0,59,68,0,18,86,0
capture_01_ring_buffer.btsnoop,2442.096305,4,distracted,72,69,255,0,59,68,0,18,86,0
capture_01_ring_buffer.btsnoop,2442.796551,4,distracted,72,69,255,0,59,68,0,18,86,0
capture_01_ring_buffer.btsnoop,2443.408999,4,distracted,72,69,255,0,59,68,0,18,86,0
capture_01_ring_buffer.btsnoop,2443.802724,4,distracted,72,69,255,0,59,68,0,18,86,0
capture_01_ring_buffer.btsnoop,2444.415279,4,distracted,75,71,255,0,59,68,0,18,86,0
capture_01_ring_buffer.btsnoop,2444.765199,4,distracted,75,72,255,0,59,68,0,18,86,0
capture_01_ring_buffer.btsnoop,2445.159102,4,distracted,76,72,255,0,59,68,0,18,86,0
capture_01_ring_buffer.btsnoop,2445.771292,4,distracted,76,72,255,0,59,68,0,18,86,0
capture_01_ring_buffer.btsnoop,2446.165089,4,distracted,76,73,255,0,59,68,0,18,86,0
capture_01_ring_buffer.btsnoop,2446.865099,4,distracted,76,73,255,0,59,68,0,18,86,0
capture_01_ring_buffer.btsnoop,2447.477552,4,distracted,76,73,255,0,59,68,0,18,86,0
capture_01_ring_buffer.btsnoop,2447.783888,4,distracted,76,73,255,0,59,68,0,18,86,0
capture_01_ring_buffer.btsnoop,2448.17865,4,distracted,76,73,255,0,59,68,0,18,86,0
capture_01_ring_buffer.btsnoop,2448.790213,4,distracted,76,73,255,0,59,68,0,18,86,0
capture_01_ring_buffer.btsnoop,2449.227764,4,distracted,76,71,255,0,59,68,0,18,86,0
capture_01_ring_buffer.btsnoop,2449.883872,4,distracted,76,71,255,0,59,68,0,18,86,0
capture_01_ring_buffer.btsnoop,2450.496441,4,distracted,76,71,255,0,59,68,0,18,86,0
capture_01_ring_buffer.btsnoop,2450.846655,4,distracted,76,71,255,0,59,68,0,18,86,0
capture_01_ring_buffer.btsnoop,2451.240363,4,distracted,67,71,255,0,59,68,0,18,86,0
capture_01_ring_buffer.btsnoop,2451.852855,4,distracted,67,71,255,0,59,68,0,18,86,0
capture_01_ring_buffer.btsnoop,2452.202903,4,distracted,67,71,255,0,59,68,0,18,86,0
capture_01_ring_buffer.btsnoop,2452.553062,4,distracted,67,71,255,0,59,68,0,18,86,0
capture_01_ring_buffer.btsnoop,2453.296443,4,distracted,61,71,255,0,59,68,0,18,86,0
capture_01_ring_buffer.btsnoop,2453.908886,4,distracted,61,71,255,0,59,68,0,18,86,0
capture_01_ring_buffer.btsnoop,2454.521557,4,distracted,67,66,255,0,59,68,0,18,86,0
capture_01_ring_buffer.btsnoop,2454.87148,4,distracted,67,66,255,0,59,68,0,18,86,0
capture_01_ring_buffer.btsnoop,2455.221554,4,distracted,67,66,255,0,59,68,0,18,86,0
capture_01_ring_buffer.btsnoop,2455.571422,4,distracted,67,66,255,0,59,68,0,18,86,0
capture_01_ring_buffer.btsnoop,2455.877893,4,distracted,67,66,255,0,59,68,0,18,86,0
capture_01_ring_buffer.btsnoop,2456.271526,4,distracted,75,72,255,0,59,68,0,18,86,0
capture_01_ring_buffer.btsnoop,2456.971522,4,distracted,75,72,255,0,59,68,0,18,86,0
capture_01_ring_buffer.btsnoop,2457.584203,4,distracted,75,72,255,0,59,68,0,18,86,0
capture_01_ring_buffer.btsnoop,2457.890591,4,distracted,75,72,255,0,59,68,0,18,86,0
capture_01_ring_buffer.btsnoop,2458.327831,4,distracted,77,72,255,0,59,68,0,18,86,0
capture_01_ring_buffer.btsnoop,2458.940303,4,distracted,76,71,255,0,59,68,0,18,86,0
capture_01_ring_buffer.btsnoop,2459.290387,4,distracted,72,69,255,0,59,68,0,18,86,0
capture_01_ring_buffer.btsnoop,2459.990571,4,distracted,72,68,255,0,59,68,0,18,86,0
capture_01_ring_buffer.btsnoop,2460.646587,4,distracted,72,68,255,0,59,68,0,18,86,0
capture_01_ring_buffer.btsnoop,2461.346574,4,distracted,72,69,255,0,59,68,0,18,86,0
capture_01_ring_buffer.btsnoop,2461.958972,4,distracted,72,69,255,0,59,68,0,18,86,0
capture_01_ring_buffer.btsnoop,2462.39661,4,distracted,72,67,255,0,59,68,0,18,86,0
capture_01_ring_buffer.btsnoop,2462.965424,4,distracted,72,68,255,0,59,68,0,18,86,0
capture_01_ring_buffer.btsnoop,2463.359113,4,distracted,71,68,255,0,59,68,0,18,86,0
capture_01_ring_buffer.btsnoop,2463.971576,4,distracted,71,68,255,0,59,68,0,18,86,0
capture_01_ring_buffer.btsnoop,2464.409128,4,distracted,71,65,255,0,59,68,0,18,86,0
capture_01_ring_buffer.btsnoop,2465.021841,4,distracted,71,65,255,0,59,68,0,18,86,0
capture_01_ring_buffer.btsnoop,2465.721444,4,distracted,71,65,255,0,59,68,0,18,86,0
capture_01_ring_buffer.btsnoop,2466.37776,4,distracted,73,66,255,0,59,68,0,18,86,0
capture_01_ring_buffer.btsnoop,2467.034182,4,distracted,73,66,255,0,59,68,0,18,86,0
capture_01_ring_buffer.btsnoop,2467.383957,4,distracted,82,73,255,0,59,68,0,18,86,0
capture_01_ring_buffer.btsnoop,2468.127683,4,distracted,82,73,255,0,59,68,0,18,86,0
capture_01_ring_buffer.btsnoop,2468.740332,4,distracted,82,74,255,0,59,68,0,18,86,0
capture_01_ring_buffer.btsnoop,2469.440228,4,distracted,82,73,255,0,59,68,0,18,86,0
capture_01_ring_buffer.btsnoop,2470.052787,4,distracted,82,73,255,0,59,68,0,18,86,0
capture_01_ring_buffer.btsnoop,2470.402903,4,distracted,83,74,255,0,59,68,0,18,86,0
capture_01_ring_buffer.btsnoop,2470.752934,4,distracted,83,74,255,0,59,68,0,18,86,0
capture_01_ring_buffer.btsnoop,2471.539926,4,distracted,84,75,255,0,59,68,0,18,86,0
capture_01_ring_buffer.btsnoop,2472.065207,4,distracted,84,75,255,0,59,68,0,18,86,0
capture_01_ring_buffer.btsnoop,2472.459892,4,distracted,85,76,255,0,59,68,0,18,86,0
capture_01_ring_buffer.btsnoop,2473.072603,4,distracted,86,76,255,0,59,68,0,18,86,0
capture_01_ring_buffer.btsnoop,2473.465275,4,distracted,86,76,255,0,59,68,0,18,86,0
capture_01_ring_buffer.btsnoop,2474.121832,4,distracted,86,77,255,0,59,68,0,18,86,0
capture_01_ring_buffer.btsnoop,2474.821643,4,distracted,86,75,255,0,59,68,0,18,89,0
capture_01_ring_buffer.btsnoop,2475.60912,4,distracted,86,75,255,0,59,68,0,18,89,0
capture_01_ring_buffer.btsnoop,2476.178179,4,distracted,86,75,255,0,59,68,0,18,89,0
capture_01_ring_buffer.btsnoop,2476.833939,4,distracted,87,74,255,0,59,68,0,18,89,0
capture_01_ring_buffer.btsnoop,2477.534113,4,distracted,88,74,255,0,59,68,0,18,89,0
capture_01_ring_buffer.btsnoop,2478.321723,4,distracted,88,74,255,0,59,68,0,18,89,0
capture_01_ring_buffer.btsnoop,2478.846765,4,distracted,88,74,255,0,59,68,0,18,89,0
capture_01_ring_buffer.btsnoop,2479.590382,4,distracted,89,71,255,0,59,68,0,18,89,0
capture_01_ring_buffer.btsnoop,2480.377648,4,distracted,89,71,255,0,59,68,0,18,89,0
capture_01_ring_buffer.btsnoop,2480.85907,4,distracted,89,72,255,0,59,68,0,18,89,0
capture_01_ring_buffer.btsnoop,2481.559381,4,distracted,90,71,255,0,59,68,0,18,89,0
capture_01_ring_buffer.btsnoop,2482.259301,4,distracted,90,71,255,0,59,68,0,18,89,0
capture_01_ring_buffer.btsnoop,2482.871653,4,distracted,88,70,255,0,59,68,0,18,89,0
capture_01_ring_buffer.btsnoop,2483.221667,4,distracted,88,69,255,0,59,68,0,18,89,0
capture_01_ring_buffer.btsnoop,2483.878167,4,distracted,88,70,255,0,59,68,0,18,89,0
capture_01_ring_buffer.btsnoop,2484.227999,6,focused,88,70,255,0,59,68,0,18,89,0
capture_01_ring_buffer.btsnoop,2484.884268,6,focused,87,69,255,0,59,68,0,18,89,0
capture_01_ring_buffer.btsnoop,2485.278108,6,focused,87,69,255,0,59,68,0,18,89,0
capture_01_ring_buffer.btsnoop,2485.890545,6,focused,87,69,255,0,59,68,0,18,89,0
capture_01_ring_buffer.btsnoop,2486.240417,6,focused,87,68,255,0,59,68,0,18,89,0
capture_01_ring_buffer.btsnoop,2486.634262,6,focused,87,68,255,0,59,68,0,18,89,0
capture_01_ring_buffer.btsnoop,2487.247003,6,focused,87,69,255,0,59,68,0,18,89,0
capture_01_ring_buffer.btsnoop,2487.596816,6,focused,87,69,255,0,59,68,0,18,89,0
capture_01_ring_buffer.btsnoop,2488.252976,6,focused,87,69,255,0,59,68,0,18,89,0
capture_01_ring_buffer.btsnoop,2488.646862,6,focused,82,67,255,0,59,68,0,18,89,0
capture_01_ring_buffer.btsnoop,2489.259328,6,focused,82,67,255,0,59,68,0,18,89,0
capture_01_ring_buffer.btsnoop,2489.609328,6,focused,82,67,255,0,59,68,0,18,89,0
capture_01_ring_buffer.btsnoop,2489.959311,6,focused,82,67,255,0,59,68,0,18,89,0
capture_01_ring_buffer.btsnoop,2490.659342,6,focused,82,67,255,0,59,68,0,18,89,0
capture_01_ring_buffer.btsnoop,2491.315693,6,focused,81,66,255,0,59,68,0,18,89,0
capture_01_ring_buffer.btsnoop,2491.971881,6,focused,80,65,255,0,59,68,0,18,89,0
capture_01_ring_buffer.btsnoop,2492.365452,6,focused,80,63,255,0,59,68,0,18,89,0
capture_01_ring_buffer.btsnoop,2492.97808,6,focused,79,62,255,0,59,68,0,18,89,0
capture_01_ring_buffer.btsnoop,2493.32793,6,focused,79,62,255,0,59,68,0,18,89,0
capture_01_ring_buffer.btsnoop,2493.984265,6,focused,79,62,255,0,59,68,0,18,89,0
capture_01_ring_buffer.btsnoop,2494.334184,6,focused,79,62,255,0,59,68,0,18,89,0
capture_01_ring_buffer.btsnoop,2494.728142,6,focused,85,64,255,0,59,68,0,18,89,0
capture_01_ring_buffer.btsnoop,2495.384106,6,focused,86,66,255,0,59,68,0,18,89,0
capture_01_ring_buffer.btsnoop,2495.997138,6,focused,86,66,255,0,59,68,0,18,89,0
capture_01_ring_buffer.btsnoop,2496.346793,6,focused,86,67,255,0,59,68,0,18,89,0
capture_01_ring_buffer.btsnoop,2496.740623,6,focused,86,67,255,0,59,68,0,18,89,0
capture_01_ring_buffer.btsnoop,2497.353257,6,focused,86,66,255,0,59,68,0,18,89,0
capture_01_ring_buffer.btsnoop,2497.878265,6,focused,86,67,255,0,59,68,0,18,89,0
capture_01_ring_buffer.btsnoop,2498.359276,6,focused,86,67,255,0,59,68,0,18,89,0
capture_01_ring_buffer.btsnoop,2498.753167,6,focused,86,67,255,0,59,68,0,18,89,0
capture_01_ring_buffer.btsnoop,2499.365474,6,focused,86,68,255,0,59,68,0,18,89,0
capture_01_ring_buffer.btsnoop,2499.715628,6,focused,86,68,255,0,59,68,0,18,89,0
capture_01_ring_buffer.btsnoop,2500.065545,6,focused,86,68,255,0,59,68,0,18,89,0
capture_01_ring_buffer.btsnoop,2500.371841,6,focused,87,68,255,0,59,68,0,18,89,0
capture_01_ring_buffer.btsnoop,2500.80935,6,focused,86,67,255,0,59,68,0,18,89,0
capture_01_ring_buffer.btsnoop,2501.378066,6,focused,86,67,255,0,59,68,0,18,89,0
capture_01_ring_buffer.btsnoop,2501.728056,6,focused,86,67,255,0,59,68,0,18,89,0
capture_01_ring_buffer.btsnoop,2502.121739,6,focused,86,66,255,0,59,68,0,18,89,0
capture_01_ring_buffer.btsnoop,2502.778044,6,focused,86,66,255,0,59,68,0,18,89,0
capture_01_ring_buffer.btsnoop,2503.477943,6,focused,86,65,255,0,59,68,0,18,89,0
capture_01_ring_buffer.btsnoop,2504.09061,6,focused,86,65,255,0,59,68,0,18,89,0
capture_01_ring_buffer.btsnoop,2504.440502,6,focused,86,64,255,0,59,68,0,18,89,0
capture_01_ring_buffer.btsnoop,2504.790487,6,focused,80,64,255,0,59,68,0,18,89,0
capture_01_ring_buffer.btsnoop,2505.446751,6,focused,80,64,255,0,59,68,0,18,89,0
capture_01_ring_buffer.btsnoop,2505.797043,6,focused,80,64,255,0,59,68,0,18,89,0
capture_01_ring_buffer.btsnoop,2506.453029,6,focused,80,64,255,0,59,68,0,18,89,0
capture_01_ring_buffer.btsnoop,2506.846914,6,focused,80,64,255,0,59,68,0,18,89,0
capture_01_ring_buffer.btsnoop,2507.459599,6,focused,80,65,255,0,59,68,0,18,89,0
capture_01_ring_buffer.btsnoop,2507.809537,6,focused,81,65,255,0,59,68,0,18,89,0
capture_01_ring_buffer.btsnoop,2508.115633,6,focused,81,65,255,0,59,68,0,18,89,0
capture_01_ring_buffer.btsnoop,2508.465543,6,focused,81,65,255,0,59,68,0,18,89,0
capture_01_ring_buffer.btsnoop,2508.859476,6,focused,81,64,247,0,59,68,0,18,89,0
capture_01_ring_buffer.btsnoop,2509.472023,6,focused,81,64,247,0,59,68,0,18,89,0
capture_01_ring_buffer.btsnoop,2509.865816,6,focused,81,64,247,0,59,68,0,18,89,0
capture_01_ring_buffer.btsnoop,2510.478056,6,focused,81,65,247,0,59,68,0,18,89,0
capture_01_ring_buffer.btsnoop,2510.871768,6,focused,81,65,247,0,59,68,0,18,89,0
capture_01_ring_buffer.btsnoop,2511.528247,6,focused,81,65,247,0,59,68,0,18,89,0
capture_01_ring_buffer.btsnoop,2512.184399,6,focused,82,66,250,0,59,68,0,18,89,0
capture_01_ring_buffer.btsnoop,2512.535332,6,focused,82,66,250,0,59,68,0,18,89,0
capture_01_ring_buffer.btsnoop,2512.928301,6,focused,85,66,243,0,59,68,0,18,89,0
capture_01_ring_buffer.btsnoop,2513.584597,6,focused,86,66,243,0,59,68,0,18,89,0
capture_01_ring_buffer.btsnoop,2514.197013,6,focused,86,67,243,0,59,68,0,18,89,0
capture_01_ring_buffer.btsnoop,2514.546968,6,focused,86,67,243,0,59,68,0,18,89,0
capture_01_ring_buffer.btsnoop,2514.896821,6,focused,85,67,243,0,59,68,0,18,89,0
capture_01_ring_buffer.btsnoop,2515.553305,6,focused,85,67,243,0,59,68,0,18,89,0
capture_01_ring_buffer.btsnoop,2515.947149,6,focused,87,67,232,0,59,68,0,18,89,0
capture_01_ring_buffer.btsnoop,2516.559601,6,focused,87,67,232,0,59,68,0,18,89,0
capture_01_ring_buffer.btsnoop,2516.909564,6,focused,87,67,232,0,59,68,0,18,89,0
capture_01_ring_buffer.btsnoop,2517.215778,6,focused,87,67,232,0,59,68,0,18,89,0
capture_01_ring_buffer.btsnoop,2517.56565,6,focused,87,67,232,0,59,68,0,18,89,0
capture_01_ring_buffer.btsnoop,2517.9595,6,focused,85,67,223,0,59,68,0,18,89,0
capture_01_ring_buffer.btsnoop,2518.615665,6,focused,84,66,223,0,59,68,0,18,89,0
capture_01_ring_buffer.btsnoop,2519.272073,6,focused,84,66,223,0,59,68,0,18,89,0
capture_01_ring_buffer.btsnoop,2519.578721,6,focused,84,65,223,0,59,68,0,18,89,0
capture_01_ring_buffer.btsnoop,2519.972092,6,focused,85,65,223,0,59,68,0,18,89,0
capture_01_ring_buffer.btsnoop,2520.584473,6,focused,85,65,223,0,59,68,0,18,89,0
capture_01_ring_buffer.btsnoop,2520.978418,6,focused,85,66,223,0,59,68,0,18,89,0
capture_01_ring_buffer.btsnoop,2521.634506,6,focused,85,66,223,0,59,68,0,18,89,0
capture_01_ring_buffer.btsnoop,2521.984376,6,focused,85,66,223,0,59,68,0,18,89,0
capture_01_ring_buffer.btsnoop,2522.640922,6,focused,86,67,223,0,59,68,0,18,89,0
capture_01_ring_buffer.btsnoop,2523.078197,6,focused,83,72,253,0,59,68,0,18,89,0
capture_01_ring_buffer.btsnoop,2523.646946,6,focused,84,73,253,0,59,68,0,18,89,0
capture_01_ring_buffer.btsnoop,2523.996929,6,focused,84,73,253,0,59,68,0,18,89,0
capture_01_ring_buffer.btsnoop,2524.653442,6,focused,84,73,253,0,59,68,0,18,89,0
capture_01_ring_buffer.btsnoop,2525.003148,6,focused,84,73,253,0,59,68,0,18,89,0
capture_01_ring_buffer.btsnoop,2525.309419,6,focused,84,73,253,0,59,68,0,18,89,0
capture_01_ring_buffer.btsnoop,2525.659369,6,focused,84,73,253,0,59,68,0,18,89,0
capture_01_ring_buffer.btsnoop,2526.00953,6,focused,84,73,253,0,59,68,0,18,89,0
capture_01_ring_buffer.btsnoop,2526.315813,6,focused,84,73,253,0,59,68,0,18,89,0
capture_01_ring_buffer.btsnoop,2526.665919,6,focused,84,73,253,0,59,68,0,18,89,0
capture_01_ring_buffer.btsnoop,2527.0156,6,focused,84,73,253,0,59,68,0,18,89,0
capture_01_ring_buffer.btsnoop,2527.32213,6,focused,84,73,253,0,59,68,0,18,89,0
capture_01_ring_buffer.btsnoop,2527.672002,4,distracted,83,73,253,0,59,68,0,18,89,0
capture_01_ring_buffer.btsnoop,2528.109434,4,distracted,82,74,209,0,59,68,0,18,89,0
capture_01_ring_buffer.btsnoop,2528.678274,4,distracted,82,74,209,0,59,68,0,18,89,0
capture_01_ring_buffer.btsnoop,2529.071949,4,distracted,82,74,199,0,59,68,0,18,89,0
capture_01_ring_buffer.btsnoop,2529.684399,4,distracted,81,74,199,0,59,68,0,18,89,0
capture_01_ring_buffer.btsnoop,2530.078375,4,distracted,81,74,199,0,59,68,0,18,89,0
capture_01_ring_buffer.btsnoop,2530.734675,4,distracted,80,74,199,0,59,68,0,18,89,0
capture_01_ring_buffer.btsnoop,2531.0845,4,distracted,80,75,215,0,59,68,0,18,89,0
capture_01_ring_buffer.btsnoop,2531.696986,4,distracted,80,74,215,0,59,68,0,18,89,0
capture_01_ring_buffer.btsnoop,2532.04702,4,distracted,80,74,183,0,59,68,0,18,89,0
capture_01_ring_buffer.btsnoop,2532.397004,4,distracted,80,74,183,0,59,68,0,18,89,0
capture_01_ring_buffer.btsnoop,2532.703248,4,distracted,80,74,183,0,59,68,0,18,89,0
capture_01_ring_buffer.btsnoop,2533.09704,4,distracted,80,75,198,0,59,68,0,18,89,0
capture_01_ring_buffer.btsnoop,2533.709799,4,distracted,80,75,198,0,59,68,0,18,89,0
capture_01_ring_buffer.btsnoop,2534.059779,4,distracted,80,76,198,0,59,68,0,18,89,0
capture_01_ring_buffer.btsnoop,2534.409523,4,distracted,80,76,198,0,59,68,0,18,89,0
capture_01_ring_buffer.btsnoop,2534.759475,4,distracted,80,76,198,0,59,68,0,18,89,0
capture_01_ring_buffer.btsnoop,2535.197348,4,distracted,48,48,198,0,59,68,0,18,89,0
capture_01_ring_buffer.btsnoop,2535.72198,4,distracted,49,49,198,0,47,56,0,18,91,0
capture_01_ring_buffer.btsnoop,2536.159443,4,distracted,49,49,197,0,47,56,0,18,91,0
capture_01_ring_buffer.btsnoop,2536.772047,4,distracted,50,50,197,0,47,56,0,18,91,0
capture_01_ring_buffer.btsnoop,2537.121954,4,distracted,50,50,197,0,47,56,0,18,91,0
capture_01_ring_buffer.btsnoop,2537.472137,4,distracted,50,50,197,0,47,56,0,18,91,0
capture_01_ring_buffer.btsnoop,2537.778585,4,distracted,50,50,197,0,47,56,0,18,91,0
capture_01_ring_buffer.btsnoop,2538.128265,4,distracted,50,50,197,0,47,56,0,18,91,0
capture_01_ring_buffer.btsnoop,2538.521969,4,distracted,50,50,197,0,47,56,0,18,91,0
capture_01_ring_buffer.btsnoop,2539.090842,4,distracted,50,50,197,0,47,56,0,18,91,0
capture_01_ring_buffer.btsnoop,2539.440724,4,distracted,50,50,197,0,47,56,0,18,91,0
capture_01_ring_buffer.btsnoop,2539.790888,4,distracted,51,51,197,0,47,56,0,18,91,0
capture_01_ring_buffer.btsnoop,2540.140857,4,distracted,51,51,197,0,47,56,0,18,91,0
capture_01_ring_buffer.btsnoop,2540.49094,4,distracted,51,51,197,0,47,56,0,18,91,0
capture_01_ring_buffer.btsnoop,2540.840879,4,distracted,51,51,197,0,47,56,0,18,91,0
capture_01_ring_buffer.btsnoop,2541.23478,4,distracted,36,51,181,0,47,56,0,18,91,0
capture_01_ring_buffer.btsnoop,2541.847093,4,distracted,36,51,181,0,47,56,0,18,91,0
capture_01_ring_buffer.btsnoop,2542.284744,4,distracted,29,51,163,0,47,56,0,18,91,0
capture_01_ring_buffer.btsnoop,2542.80954,4,distracted,29,51,163,0,47,56,0,18,91,0
capture_01_ring_buffer.btsnoop,2543.291046,4,distracted,29,51,163,0,47,56,0,18,91,0
capture_01_ring_buffer.btsnoop,2543.90334,4,distracted,29,51,163,0,47,56,0,18,91,0
capture_01_ring_buffer.btsnoop,2544.559552,4,distracted,30,51,163,0,47,56,0,18,91,0
capture_01_ring_buffer.btsnoop,2544.953488,4,distracted,30,51,163,0,47,56,0,18,91,0
capture_01_ring_buffer.btsnoop,2545.697099,4,distracted,36,51,168,0,47,56,0,18,91,0
capture_01_ring_buffer.btsnoop,2546.309561,4,distracted,30,51,170,0,47,56,0,18,91,0
capture_01_ring_buffer.btsnoop,2546.966258,4,distracted,29,51,170,0,47,56,0,18,91,0
capture_01_ring_buffer.btsnoop,2547.534741,4,distracted,29,51,170,0,47,56,0,18,91,0
capture_01_ring_buffer.btsnoop,2547.928286,4,distracted,29,51,170,0,47,56,0,18,91,0
capture_01_ring_buffer.btsnoop,2548.278409,4,distracted,29,51,170,0,47,56,0,18,91,0
capture_01_ring_buffer.btsnoop,2548.934918,4,distracted,29,51,170,0,47,56,0,18,91,0
capture_01_ring_buffer.btsnoop,2549.284319,4,distracted,29,51,170,0,47,56,0,18,91,0
capture_01_ring_buffer.btsnoop,2549.634633,4,distracted,29,51,170,0,47,56,0,18,91,0
capture_01_ring_buffer.btsnoop,2550.42235,4,distracted,29,51,170,0,47,56,0,18,91,0
capture_01_ring_buffer.btsnoop,2550.903586,4,distracted,30,51,170,0,47,56,0,18,91,0
capture_01_ring_buffer.btsnoop,2551.340778,4,distracted,30,51,170,0,47,56,0,18,91,0
capture_01_ring_buffer.btsnoop,2551.997904,4,distracted,30,51,170,0,47,56,0,18,91,0
capture_01_ring_buffer.btsnoop,2552.697706,4,distracted,30,51,170,0,47,56,0,18,91,0
capture_01_ring_buffer.btsnoop,2553.353848,4,distracted,29,51,170,0,47,56,0,18,91,0
capture_01_ring_buffer.btsnoop,2554.053248,4,distracted,29,51,170,0,47,56,0,18,91,0
capture_01_ring_buffer.btsnoop,2554.797206,4,distracted,29,29,170,0,47,56,0,18,91,0
capture_01_ring_buffer.btsnoop,2555.409451,4,distracted,30,30,170,0,47,56,0,18,91,0
capture_01_ring_buffer.btsnoop,2555.978627,4,distracted,30,30,170,0,47,56,0,18,91,0
capture_01_ring_buffer.btsnoop,2556.416393,4,distracted,30,30,170,0,47,56,0,18,91,0
capture_01_ring_buffer.btsnoop,2557.028348,4,distracted,30,30,170,0,47,56,0,18,91,0
capture_01_ring_buffer.btsnoop,2557.466868,4,distracted,30,30,170,0,47,56,0,18,91,0
capture_01_ring_buffer.btsnoop,2557.990825,4,distracted,30,30,170,0,47,56,0,18,91,0
capture_01_ring_buffer.btsnoop,2558.384616,4,distracted,31,31,170,0,47,56,0,18,91,0
capture_01_ring_buffer.btsnoop,2558.734702,4,distracted,31,31,170,0,47,56,0,18,91,0
capture_01_ring_buffer.btsnoop,2559.347555,4,distracted,31,30,170,0,47,56,0,18,91,0
capture_01_ring_buffer.btsnoop,2559.69752,4,distracted,31,31,170,0,47,56,0,18,91,0
capture_01_ring_buffer.btsnoop,2560.047436,4,distracted,31,30,170,0,47,56,0,18,91,0
capture_01_ring_buffer.btsnoop,2560.397648,4,distracted,31,31,170,0,47,56,0,18,91,0
capture_01_ring_buffer.btsnoop,2560.703448,4,distracted,31,31,170,0,47,56,0,18,91,0
capture_01_ring_buffer.btsnoop,2561.141007,4,distracted,31,31,170,0,47,56,0,18,91,0
capture_01_ring_buffer.btsnoop,2561.797269,4,distracted,31,31,170,0,47,56,0,18,91,0
capture_01_ring_buffer.btsnoop,2562.541183,4,distracted,31,31,167,0,47,56,0,18,91,0
capture_01_ring_buffer.btsnoop,2563.066007,4,distracted,31,30,167,0,47,56,0,18,91,0
capture_01_ring_buffer.btsnoop,2563.372443,4,distracted,31,29,167,0,47,56,0,18,91,0
capture_01_ring_buffer.btsnoop,2563.809822,4,distracted,31,29,167,0,47,56,0,18,91,0
capture_01_ring_buffer.btsnoop,2564.553418,4,distracted,31,29,167,0,47,56,0,18,91,0
capture_01_ring_buffer.btsnoop,2565.122286,4,distracted,31,30,167,0,47,56,0,18,91,0
capture_01_ring_buffer.btsnoop,2565.428639,4,distracted,31,30,167,0,47,56,0,18,91,0
capture_01_ring_buffer.btsnoop,2565.778777,4,distracted,31,29,167,0,47,56,0,18,91,0
capture_01_ring_buffer.btsnoop,2566.17231,4,distracted,31,29,167,0,47,56,0,18,91,0
capture_01_ring_buffer.btsnoop,2566.740993,4,distracted,31,30,167,0,47,56,0,18,91,0
capture_01_ring_buffer.btsnoop,2567.178524,4,distracted,31,29,167,0,47,56,0,18,91,0
capture_01_ring_buffer.btsnoop,2567.834731,4,distracted,31,29,167,0,47,56,0,18,91,0
capture_01_ring_buffer.btsnoop,2568.447258,4,distracted,31,30,167,0,47,56,0,18,91,0
capture_01_ring_buffer.btsnoop,2568.797272,4,distracted,31,30,167,0,47,56,0,18,91,0
capture_01_ring_buffer.btsnoop,2569.191218,4,distracted,31,29,167,0,47,56,0,18,91,0
capture_01_ring_buffer.btsnoop,2569.891066,4,distracted,36,36,144,0,47,56,0,18,91,0
capture_01_ring_buffer.btsnoop,2570.591089,4,distracted,28,36,178,0,47,56,0,18,91,0
capture_01_ring_buffer.btsnoop,2571.203813,4,distracted,28,36,178,0,47,56,0,18,91,0
capture_01_ring_buffer.btsnoop,2571.903596,4,distracted,28,36,178,0,47,56,0,18,91,0
capture_01_ring_buffer.btsnoop,2572.559859,4,distracted,28,36,161,0,47,56,0,18,91,0
capture_01_ring_buffer.btsnoop,2573.172379,4,distracted,28,36,161,0,47,56,0,18,91,0
capture_01_ring_buffer.btsnoop,2573.566051,4,distracted,28,36,161,0,47,56,0,18,91,0
capture_01_ring_buffer.btsnoop,2574.222383,4,distracted,28,36,161,0,47,56,0,18,91,0
capture_01_ring_buffer.btsnoop,2574.572487,4,distracted,35,36,149,0,47,56,0,18,91,0
capture_01_ring_buffer.btsnoop,2575.228727,4,distracted,34,36,149,0,47,56,0,18,91,0
capture_01_ring_buffer.btsnoop,2575.666018,4,distracted,33,36,149,0,47,56,0,18,91,0
capture_01_ring_buffer.btsnoop,2576.191107,4,distracted,33,36,149,0,47,56,0,18,91,0
capture_01_ring_buffer.btsnoop,2576.628699,4,distracted,37,37,148,0,47,56,0,18,91,0
capture_01_ring_buffer.btsnoop,2577.416297,4,distracted,38,38,148,0,47,56,0,18,91,0
capture_01_ring_buffer.btsnoop,2577.897326,4,distracted,38,38,148,0,47,56,0,18,91,0
capture_01_ring_buffer.btsnoop,2578.247475,4,distracted,39,39,148,0,47,56,0,18,91,0
capture_01_ring_buffer.btsnoop,2578.641348,4,distracted,38,39,148,0,47,56,0,18,91,0
capture_01_ring_buffer.btsnoop,2579.340919,4,distracted,37,39,148,0,47,56,0,18,91,0
capture_01_ring_buffer.btsnoop,2580.085342,4,distracted,37,39,148,0,47,56,0,18,91,0
capture_01_ring_buffer.btsnoop,2580.697317,4,distracted,37,39,148,0,47,56,0,18,91,0
capture_01_ring_buffer.btsnoop,2581.309861,4,distracted,37,39,148,0,47,56,0,18,91,0
capture_01_ring_buffer.btsnoop,2581.922386,4,distracted,37,39,148,0,47,56,0,18,91,0
capture_01_ring_buffer.btsnoop,2582.272271,4,distracted,37,37,148,0,47,56,0,18,91,0
capture_01_ring_buffer.btsnoop,2582.709889,4,distracted,37,37,153,0,47,56,0,18,91,0
capture_01_ring_buffer.btsnoop,2583.278716,4,distracted,37,37,153,0,47,56,0,18,91,0
capture_01_ring_buffer.btsnoop,2583.672397,4,distracted,37,37,148,0,47,56,0,18,91,0
capture_01_ring_buffer.btsnoop,2584.328913,4,distracted,38,38,148,0,47,56,0,18,91,0
capture_01_ring_buffer.btsnoop,2584.67868,4,distracted,38,38,148,0,47,56,0,18,91,0
capture_01_ring_buffer.btsnoop,2585.335192,4,distracted,37,37,148,0,47,56,0,18,91,0
capture_01_ring_buffer.btsnoop,2585.685023,4,distracted,37,37,148,0,47,56,0,18,91,0
capture_01_ring_buffer.btsnoop,2585.991088,4,distracted,37,37,148,0,47,56,0,18,91,0
capture_01_ring_buffer.btsnoop,2586.341164,4,distracted,37,37,148,0,47,56,0,18,91,0
capture_01_ring_buffer.btsnoop,2586.734827,4,distracted,38,38,144,0,47,56,0,18,91,0
capture_01_ring_buffer.btsnoop,2587.30383,4,distracted,38,37,144,0,47,56,0,18,91,0
capture_01_ring_buffer.btsnoop,2587.741295,4,distracted,60,63,144,0,47,56,0,18,91,0
capture_01_ring_buffer.btsnoop,2588.441119,4,distracted,60,64,144,0,47,56,0,18,91,0
capture_01_ring_buffer.btsnoop,2589.009892,4,distracted,61,64,144,0,47,56,0,18,91,0
capture_01_ring_buffer.btsnoop,2589.403698,4,distracted,61,65,144,0,47,56,0,18,91,0
capture_01_ring_buffer.btsnoop,2590.016387,4,distracted,62,66,144,0,47,56,0,18,91,0
capture_01_ring_buffer.btsnoop,2590.366875,4,distracted,62,66,144,0,47,56,0,18,91,0
capture_01_ring_buffer.btsnoop,2590.891262,4,distracted,63,66,144,0,47,56,0,18,91,0
capture_01_ring_buffer.btsnoop,2591.416404,4,distracted,63,66,144,0,47,56,0,18,91,0
capture_01_ring_buffer.btsnoop,2591.766442,4,distracted,63,65,144,0,47,56,0,18,91,0
capture_01_ring_buffer.btsnoop,2592.4226,4,distracted,63,66,144,0,47,56,0,18,91,0
capture_01_ring_buffer.btsnoop,2592.728707,4,distracted,63,66,144,0,47,56,0,18,91,0
capture_01_ring_buffer.btsnoop,2593.035167,4,distracted,63,66,144,0,47,56,0,18,91,0
capture_01_ring_buffer.btsnoop,2593.472594,4,distracted,63,66,144,0,47,56,0,18,91,0
capture_01_ring_buffer.btsnoop,2594.041216,4,distracted,63,67,144,0,47,56,0,18,91,0
capture_01_ring_buffer.btsnoop,2594.435084,4,distracted,64,67,144,0,47,56,0,18,91,0
capture_01_ring_buffer.btsnoop,2594.785024,4,distracted,64,67,144,0,47,56,0,18,91,0
capture_01_ring_buffer.btsnoop,2595.091428,4,distracted,64,66,144,0,47,56,0,18,91,0
capture_01_ring_buffer.btsnoop,2595.397584,4,distracted,64,66,144,0,47,56,0,18,91,0
capture_01_ring_buffer.btsnoop,2595.791242,4,distracted,64,67,144,0,47,56,0,18,91,0
capture_01_ring_buffer.btsnoop,2596.141634,4,distracted,64,66,144,0,47,56,0,18,93,0
capture_01_ring_buffer.btsnoop,2596.841288,4,distracted,60,67,138,0,47,56,0,18,93,0
capture_01_ring_buffer.btsnoop,2597.497516,4,distracted,58,67,138,0,47,56,0,18,93,0
capture_01_ring_buffer.btsnoop,2598.110022,4,distracted,57,67,138,0,47,56,0,18,93,0
capture_01_ring_buffer.btsnoop,2598.547386,4,distracted,57,67,138,0,47,56,0,18,93,0
capture_01_ring_buffer.btsnoop,2599.116436,4,distracted,56,67,138,0,47,56,0,18,93,0
capture_01_ring_buffer.btsnoop,2599.466713,4,distracted,56,67,138,0,47,56,0,18,93,0
capture_01_ring_buffer.btsnoop,2599.860039,4,distracted,63,71,163,0,47,56,0,18,93,0
capture_01_ring_buffer.btsnoop,2600.472458,4,distracted,63,71,163,0,47,56,0,18,93,0
capture_01_ring_buffer.btsnoop,2600.86625,4,distracted,63,71,163,0,47,56,0,18,93,0
capture_01_ring_buffer.btsnoop,2601.566266,4,distracted,65,71,163,0,47,56,0,18,93,0
capture_01_ring_buffer.btsnoop,2602.135068,4,distracted,65,72,163,0,47,56,0,18,93,0
capture_01_ring_buffer.btsnoop,2602.486543,4,distracted,66,72,163,0,47,56,0,18,93,0
capture_01_ring_buffer.btsnoop,2602.835205,4,distracted,66,73,163,0,47,56,0,18,93,0
capture_01_ring_buffer.btsnoop,2603.18502,4,distracted,66,73,163,0,47,56,0,18,93,0
capture_01_ring_buffer.btsnoop,2603.535079,4,distracted,66,73,163,0,47,56,0,18,93,0
capture_01_ring_buffer.btsnoop,2603.885061,4,distracted,66,73,163,0,47,56,0,18,93,0
capture_01_ring_buffer.btsnoop,2604.235037,4,distracted,67,73,163,0,47,56,0,18,93,0
capture_01_ring_buffer.btsnoop,2604.891293,4,distracted,67,73,163,0,47,56,0,18,93,0
capture_01_ring_buffer.btsnoop,2605.241243,4,distracted,67,73,163,0,47,56,0,18,93,0
capture_01_ring_buffer.btsnoop,2605.941338,4,distracted,67,48,150,0,47,56,0,18,93,0
capture_01_ring_buffer.btsnoop,2606.554306,4,distracted,67,47,150,0,47,56,0,18,93,0
capture_01_ring_buffer.btsnoop,2606.903858,4,distracted,67,66,150,0,47,56,0,18,93,0
capture_01_ring_buffer.btsnoop,2607.253782,4,distracted,67,67,150,0,47,56,0,18,93,0
capture_01_ring_buffer.btsnoop,2607.647277,4,distracted,67,67,150,0,47,56,0,18,93,0
capture_01_ring_buffer.btsnoop,2608.303765,4,distracted,67,67,150,0,47,56,0,18,93,0
capture_01_ring_buffer.btsnoop,2608.960004,4,distracted,67,67,150,0,47,56,0,18,93,0
capture_01_ring_buffer.btsnoop,2609.704057,4,distracted,67,67,150,0,47,56,0,18,93,0
capture_01_ring_buffer.btsnoop,2610.272695,4,distracted,67,68,150,0,47,56,0,18,93,0
capture_01_ring_buffer.btsnoop,2610.622593,4,distracted,67,67,150,0,47,56,0,18,93,0
capture_01_ring_buffer.btsnoop,2610.928829,4,distracted,67,67,150,0,47,56,0,18,93,0
capture_01_ring_buffer.btsnoop,2611.234948,4,distracted,67,67,150,0,47,56,0,18,93,0
capture_01_ring_buffer.btsnoop,2611.629033,4,distracted,67,66,150,0,47,56,0,18,93,0
capture_01_ring_buffer.btsnoop,2612.066526,4,distracted,67,66,150,0,47,56,0,18,93,0
capture_01_ring_buffer.btsnoop,2612.635343,4,distracted,67,67,150,0,47,56,0,18,93,0
capture_01_ring_buffer.btsnoop,2612.941364,4,distracted,67,67,150,0,47,56,0,18,93,0
capture_01_ring_buffer.btsnoop,2613.335026,4,distracted,67,66,150,0,47,56,0,18,93,0
capture_01_ring_buffer.btsnoop,2613.99157,4,distracted,67,48,150,0,47,56,0,18,93,0
capture_01_ring_buffer.btsnoop,2614.29757,4,distracted,67,48,150,0,47,56,0,18,93,0
capture_01_ring_buffer.btsnoop,2614.603998,4,distracted,67,48,150,0,47,56,0,18,93,0
capture_01_ring_buffer.btsnoop,2615.085233,4,distracted,67,44,150,0,47,56,0,18,93,0
capture_01_ring_buffer.btsnoop,2615.697796,4,distracted,67,45,150,0,47,56,0,18,93,0
capture_01_ring_buffer.btsnoop,2616.35386,4,distracted,67,45,150,0,47,56,0,18,93,0
capture_01_ring_buffer.btsnoop,2616.747648,4,distracted,67,46,150,0,47,56,0,18,93,0
capture_01_ring_buffer.btsnoop,2617.360692,4,distracted,67,44,150,0,47,56,0,18,93,0
capture_01_ring_buffer.btsnoop,2617.710384,4,distracted,67,43,150,0,47,56,0,18,93,0
capture_01_ring_buffer.btsnoop,2618.366479,4,distracted,67,43,150,0,47,56,0,18,93,0
capture_01_ring_buffer.btsnoop,2618.672954,4,distracted,67,42,150,0,47,56,0,18,93,0
capture_01_ring_buffer.btsnoop,2619.022668,4,distracted,67,42,150,0,47,56,0,18,93,0
capture_01_ring_buffer.btsnoop,2619.32914,4,distracted,67,42,150,0,47,56,0,18,93,0
capture_01_ring_buffer.btsnoop,2619.679061,4,distracted,67,42,150,0,47,56,0,18,93,0
capture_01_ring_buffer.btsnoop,2620.072666,4,distracted,67,42,150,0,47,56,0,18,93,0
capture_01_ring_buffer.btsnoop,2620.68535,4,distracted,67,42,150,0,47,56,0,18,93,0
capture_01_ring_buffer.btsnoop,2621.035344,4,distracted,67,42,150,0,47,56,0,18,93,0
capture_01_ring_buffer.btsnoop,2621.341384,4,distracted,67,43,150,0,47,56,0,18,93,0
capture_01_ring_buffer.btsnoop,2621.866425,4,distracted,67,43,150,0,47,56,0,18,93,0
capture_01_ring_buffer.btsnoop,2622.434888,4,distracted,67,43,150,0,47,56,0,18,93,0
capture_01_ring_buffer.btsnoop,2623.310202,4,distracted,67,62,150,0,47,56,0,18,93,0
capture_01_ring_buffer.btsnoop,2623.747448,4,distracted,67,62,150,0,47,56,0,18,93,0
capture_01_ring_buffer.btsnoop,2624.097924,4,distracted,67,62,150,0,47,56,0,18,93,0
capture_01_ring_buffer.btsnoop,2624.404015,4,distracted,67,62,150,0,47,56,0,18,93,0
capture_01_ring_buffer.btsnoop,2624.841623,4,distracted,67,62,150,0,47,56,0,18,93,0
capture_01_ring_buffer.btsnoop,2625.454028,4,distracted,63,65,153,0,47,56,0,18,93,0
capture_01_ring_buffer.btsnoop,2625.804041,4,distracted,63,65,153,0,47,56,0,18,93,0
capture_01_ring_buffer.btsnoop,2626.591633,4,distracted,65,66,125,0,47,56,0,18,93,0
capture_01_ring_buffer.btsnoop,2627.160274,4,distracted,78,79,125,0,47,56,0,18,93,0
capture_01_ring_buffer.btsnoop,2627.948479,4,distracted,78,79,125,0,47,56,0,18,93,0
capture_01_ring_buffer.btsnoop,2628.51663,4,distracted,79,79,142,0,47,56,0,18,93,0
capture_01_ring_buffer.btsnoop,2629.172924,4,distracted,69,69,153,0,47,56,0,18,93,0
capture_01_ring_buffer.btsnoop,2629.916818,4,distracted,69,69,153,0,47,56,0,18,93,0
capture_01_ring_buffer.btsnoop,2630.485383,4,distracted,70,70,153,0,47,56,0,18,93,0
capture_01_ring_buffer.btsnoop,2630.83526,4,distracted,70,70,153,0,47,56,0,18,93,0
capture_01_ring_buffer.btsnoop,2631.228896,4,distracted,70,69,153,0,47,56,0,18,93,0
capture_01_ring_buffer.btsnoop,2631.885332,4,distracted,70,70,153,0,47,56,0,18,93,0
capture_01_ring_buffer.btsnoop,2632.499218,4,distracted,70,70,153,0,47,56,0,18,93,0
capture_01_ring_buffer.btsnoop,2632.847753,4,distracted,70,69,153,0,47,56,0,18,93,0
capture_01_ring_buffer.btsnoop,2633.15397,4,distracted,70,69,153,0,47,56,0,18,93,0
capture_01_ring_buffer.btsnoop,2633.504016,4,distracted,70,70,153,0,47,56,0,18,93,0
capture_01_ring_buffer.btsnoop,2633.854167,4,distracted,70,69,153,0,47,56,0,18,93,0
capture_01_ring_buffer.btsnoop,2634.204174,4,distracted,70,48,153,0,47,56,0,18,93,0
capture_01_ring_buffer.btsnoop,2634.553974,4,distracted,70,48,153,0,47,56,0,18,93,0
capture_01_ring_buffer.btsnoop,2634.860371,4,distracted,70,48,153,0,47,56,0,18,93,0
capture_01_ring_buffer.btsnoop,2635.254227,4,distracted,70,48,127,0,47,56,0,18,93,0
capture_01_ring_buffer.btsnoop,2635.997913,4,distracted,70,47,127,0,47,56,0,18,93,0
capture_01_ring_buffer.btsnoop,2636.522944,4,distracted,70,46,127,0,47,56,0,18,93,0
capture_01_ring_buffer.btsnoop,2636.916458,4,distracted,70,47,127,0,47,56,0,18,93,0
capture_01_ring_buffer.btsnoop,2637.266661,4,distracted,70,48,139,0,47,56,0,18,93,0
capture_01_ring_buffer.btsnoop,2637.879208,4,distracted,70,48,139,0,47,56,0,18,93,0
capture_01_ring_buffer.btsnoop,2638.229045,4,distracted,70,48,139,0,47,56,0,18,93,0
capture_01_ring_buffer.btsnoop,2638.53531,4,distracted,70,49,139,0,47,56,0,18,93,0
capture_01_ring_buffer.btsnoop,2638.885424,4,distracted,70,49,139,0,47,56,0,18,93,0
capture_01_ring_buffer.btsnoop,2639.278918,4,distracted,70,62,111,0,47,56,0,18,93,0
capture_01_ring_buffer.btsnoop,2639.629185,4,distracted,70,62,111,0,47,56,0,18,93,0
capture_01_ring_buffer.btsnoop,2640.329139,4,distracted,70,63,111,0,47,56,0,18,93,0
capture_01_ring_buffer.btsnoop,2640.985306,4,distracted,70,63,111,0,47,56,0,18,93,0
capture_01_ring_buffer.btsnoop,2641.641748,4,distracted,70,63,119,0,47,56,0,18,93,0
capture_01_ring_buffer.btsnoop,2642.341551,4,distracted,72,66,112,0,47,56,0,18,93,0
capture_01_ring_buffer.btsnoop,2643.129566,4,distracted,72,66,112,0,47,56,0,18,93,0
capture_01_ring_buffer.btsnoop,2643.610406,4,distracted,72,67,112,0,47,56,0,18,93,0
capture_01_ring_buffer.btsnoop,2643.961806,4,distracted,73,68,112,0,47,56,0,18,93,0
capture_01_ring_buffer.btsnoop,2644.529123,4,distracted,73,68,104,0,47,56,0,18,93,0
capture_01_ring_buffer.btsnoop,2644.966767,4,distracted,73,68,104,0,47,56,0,18,93,0
capture_01_ring_buffer.btsnoop,2645.360498,4,distracted,73,68,155,0,47,56,0,18,93,0
capture_01_ring_buffer.btsnoop,2646.104401,4,distracted,73,68,155,0,47,56,0,18,93,0
capture_01_ring_buffer.btsnoop,2646.672791,4,distracted,73,68,155,0,47,56,0,18,93,0
capture_01_ring_buffer.btsnoop,2646.979276,4,distracted,73,68,155,0,47,56,0,18,93,0
capture_01_ring_buffer.btsnoop,2647.460407,4,distracted,73,68,148,0,47,56,0,18,93,0
capture_01_ring_buffer.btsnoop,2647.985452,4,distracted,73,68,148,0,47,56,0,18,93,0
capture_01_ring_buffer.btsnoop,2648.335354,4,distracted,73,68,174,0,47,56,0,18,93,0
capture_01_ring_buffer.btsnoop,2648.641581,4,distracted,73,68,174,0,47,56,0,18,93,0
capture_01_ring_buffer.btsnoop,2649.035593,4,distracted,73,68,174,0,47,56,0,18,93,0
capture_01_ring_buffer.btsnoop,2649.428894,4,distracted,73,68,189,0,47,56,0,18,93,0
capture_01_ring_buffer.btsnoop,2650.129092,4,distracted,73,68,189,0,47,56,0,18,93,0
capture_01_ring_buffer.btsnoop,2650.698028,4,distracted,73,68,189,0,47,56,0,18,93,0
capture_01_ring_buffer.btsnoop,2651.004609,4,distracted,73,68,189,0,47,56,0,18,93,0
capture_01_ring_buffer.btsnoop,2651.354203,4,distracted,73,68,189,0,47,56,0,18,93,0
capture_01_ring_buffer.btsnoop,2651.704247,4,distracted,73,68,189,0,47,56,0,18,93,0
capture_01_ring_buffer.btsnoop,2652.010416,4,distracted,73,68,189,0,47,56,0,18,93,0
capture_01_ring_buffer.btsnoop,2652.404531,4,distracted,73,68,189,0,47,56,0,18,93,0
capture_01_ring_buffer.btsnoop,2652.754585,4,distracted,73,68,189,0,47,56,0,18,93,0
capture_01_ring_buffer.btsnoop,2653.060358,4,distracted,73,68,189,0,47,56,0,18,93,0
capture_01_ring_buffer.btsnoop,2653.410405,4,distracted,73,68,189,0,47,56,0,18,93,0
capture_01_ring_buffer.btsnoop,2653.716691,4,distracted,73,68,189,0,47,56,0,18,93,0
capture_01_ring_buffer.btsnoop,2654.154124,4,distracted,73,68,189,0,47,56,0,18,93,0
capture_01_ring_buffer.btsnoop,2654.723094,4,distracted,73,68,189,0,47,56,0,18,93,0
capture_01_ring_buffer.btsnoop,2655.116696,4,distracted,73,68,189,0,47,56,0,18,93,0
capture_01_ring_buffer.btsnoop,2655.379204,4,distracted,73,68,189,0,47,56,0,18,93,0
capture_01_ring_buffer.btsnoop,2655.772956,4,distracted,73,68,189,0,47,56,0,18,93,0
capture_01_ring_buffer.btsnoop,2656.210455,4,distracted,73,68,189,0,47,56,0,18,93,0
capture_01_ring_buffer.btsnoop,2656.735471,4,distracted,73,68,189,0,47,56,0,18,90,0
capture_01_ring_buffer.btsnoop,2657.173085,4,distracted,73,68,189,0,47,56,0,18,90,0
capture_01_ring_buffer.btsnoop,2657.872911,4,distracted,73,68,189,0,47,56,0,18,90,0
capture_01_ring_buffer.btsnoop,2658.572986,2,adapting,73,68,189,0,47,56,0,18,90,0
capture_01_ring_buffer.btsnoop,2659.185456,2,adapting,73,68,189,0,47,56,0,18,90,0
capture_01_ring_buffer.btsnoop,2659.754246,2,adapting,73,68,189,0,47,56,0,18,90,0
capture_01_ring_buffer.btsnoop,2660.323099,2,adapting,73,68,189,0,47,56,0,18,90,0
capture_01_ring_buffer.btsnoop,2660.804261,2,adapting,73,68,121,0,47,56,0,18,90,0
capture_01_ring_buffer.btsnoop,2661.198237,2,adapting,73,68,121,0,47,56,0,18,90,0
capture_01_ring_buffer.btsnoop,2661.985643,2,adapting,73,68,121,0,47,56,0,18,90,0
capture_01_ring_buffer.btsnoop,2662.555071,2,adapting,73,68,121,0,47,56,0,18,90,0
capture_01_ring_buffer.btsnoop,2663.254695,2,adapting,73,68,121,0,47,56,0,18,90,0
capture_01_ring_buffer.btsnoop,2663.866886,2,adapting,73,68,121,0,47,56,0,18,90,0
capture_01_ring_buffer.btsnoop,2664.129238,2,adapting,73,68,121,0,47,56,0,18,90,0
capture_01_ring_buffer.btsnoop,2664.5229,2,adapting,73,68,121,0,47,56,0,18,90,0
capture_01_ring_buffer.btsnoop,2664.960449,2,adapting,73,68,121,0,47,56,0,18,90,0
capture_01_ring_buffer.btsnoop,2665.573273,2,adapting,73,68,121,0,47,56,0,18,90,0
capture_01_ring_buffer.btsnoop,2666.273145,2,adapting,73,68,121,0,47,56,0,18,90,0
capture_01_ring_buffer.btsnoop,2666.973076,2,adapting,73,68,121,0,47,56,0,18,90,0
capture_01_ring_buffer.btsnoop,2667.673219,2,adapting,73,68,121,0,47,56,0,18,90,0
capture_01_ring_buffer.btsnoop,2668.241818,2,adapting,73,68,121,0,47,56,0,18,90,0
capture_01_ring_buffer.btsnoop,2668.679291,2,adapting,73,68,121,0,47,56,0,18,90,0
capture_01_ring_buffer.btsnoop,2669.204444,2,adapting,73,68,121,0,47,56,0,18,90,0
capture_01_ring_buffer.btsnoop,2669.554971,2,adapting,73,68,121,0,47,56,0,18,90,0
capture_01_ring_buffer.btsnoop,2669.947793,2,adapting,73,68,121,0,47,56,0,18,90,0
capture_01_ring_buffer.btsnoop,2670.254268,2,adapting,73,68,121,0,47,56,0,18,90,0
capture_01_ring_buffer.btsnoop,2670.691788,2,adapting,73,68,121,0,47,56,0,18,90,0
capture_01_ring_buffer.btsnoop,2671.216949,2,adapting,73,68,121,0,47,56,0,18,90,0
capture_01_ring_buffer.btsnoop,2671.829203,2,adapting,73,68,121,0,47,56,0,18,90,0
capture_01_ring_buffer.btsnoop,2672.26681,2,adapting,73,68,121,0,47,56,0,18,90,0
capture_01_ring_buffer.btsnoop,2672.617094,2,adapting,73,68,121,0,47,56,0,18,90,0
capture_01_ring_buffer.btsnoop,2672.923145,2,adapting,73,68,121,0,47,56,0,18,90,0
capture_01_ring_buffer.btsnoop,2673.27321,2,adapting,73,68,121,0,47,56,0,18,90,0
capture_01_ring_buffer.btsnoop,2673.710974,2,adapting,73,68,131,0,47,56,0,18,90,0
capture_01_ring_buffer.btsnoop,2674.323128,2,adapting,73,68,131,0,47,56,0,18,90,0
capture_01_ring_buffer.btsnoop,2674.84804,2,adapting,73,68,131,0,47,56,0,18,90,0
capture_01_ring_buffer.btsnoop,2675.548184,2,adapting,73,68,131,0,47,56,0,18,90,0
capture_01_ring_buffer.btsnoop,2675.9423,2,adapting,73,68,131,0,47,56,0,18,90,0
capture_01_ring_buffer.btsnoop,2676.291858,2,adapting,73,68,131,0,47,56,0,18,90,0
capture_01_ring_buffer.btsnoop,2676.7734,2,adapting,73,68,131,0,47,56,0,18,90,0
capture_01_ring_buffer.btsnoop,2677.475748,2,adapting,73,68,131,0,47,56,0,18,90,0
capture_01_ring_buffer.btsnoop,2677.998026,2,adapting,73,68,131,0,47,56,0,18,90,0
capture_01_ring_buffer.btsnoop,2678.479474,2,adapting,73,68,131,0,47,56,0,18,90,0
capture_01_ring_buffer.btsnoop,2679.04809,2,adapting,73,68,131,0,47,56,0,18,90,0
capture_01_ring_buffer.btsnoop,2679.354443,2,adapting,73,68,131,0,47,56,0,18,90,0
capture_01_ring_buffer.btsnoop,2679.879271,2,adapting,73,68,112,0,47,56,0,18,90,0
capture_01_ring_buffer.btsnoop,2680.404619,2,adapting,73,68,112,0,47,56,0,18,90,0
capture_01_ring_buffer.btsnoop,2681.10439,2,adapting,73,68,112,0,47,56,0,18,90,0
capture_01_ring_buffer.btsnoop,2681.84808,2,adapting,73,68,112,0,47,56,0,18,90,0
capture_01_ring_buffer.btsnoop,2682.329494,2,adapting,73,68,112,0,47,56,0,18,90,0
capture_01_ring_buffer.btsnoop,2682.810707,2,adapting,73,68,117,0,47,56,0,18,90,0
capture_01_ring_buffer.btsnoop,2683.423199,2,adapting,73,68,117,0,47,56,0,18,90,0
capture_01_ring_buffer.btsnoop,2683.773163,2,adapting,73,68,117,0,47,56,0,18,90,0
capture_01_ring_buffer.btsnoop,2684.429498,2,adapting,73,68,117,0,47,56,0,18,90,0
capture_01_ring_buffer.btsnoop,2684.735731,2,adapting,73,68,117,0,47,56,0,18,90,0
capture_01_ring_buffer.btsnoop,2685.042764,2,adapting,73,68,117,0,47,56,0,18,90,0
capture_01_ring_buffer.btsnoop,2685.435663,2,adapting,73,68,117,0,47,56,0,18,90,0
capture_01_ring_buffer.btsnoop,2685.7858,2,adapting,73,68,117,0,47,56,0,18,90,0
capture_01_ring_buffer.btsnoop,2686.092083,2,adapting,73,68,117,0,47,56,0,18,90,0
capture_01_ring_buffer.btsnoop,2686.529443,2,adapting,73,68,117,0,47,56,0,18,90,0
capture_01_ring_buffer.btsnoop,2687.229403,2,adapting,73,68,117,0,47,56,0,18,90,0
capture_01_ring_buffer.btsnoop,2687.885783,2,adapting,73,68,117,0,47,56,0,18,90,0
capture_01_ring_buffer.btsnoop,2688.410637,2,adapting,73,68,117,0,47,56,0,18,90,0
capture_01_ring_buffer.btsnoop,2688.804384,2,adapting,73,68,108,0,47,56,0,18,90,0
capture_01_ring_buffer.btsnoop,2689.11068,2,adapting,73,68,108,0,47,56,0,18,90,0
capture_01_ring_buffer.btsnoop,2689.591871,2,adapting,73,68,108,0,47,56,0,18,90,0
capture_01_ring_buffer.btsnoop,2690.248151,2,adapting,73,68,108,0,47,56,0,18,90,0
capture_01_ring_buffer.btsnoop,2690.81692,2,adapting,73,68,108,0,47,56,0,18,90,0
capture_01_ring_buffer.btsnoop,2691.210742,2,adapting,73,68,108,0,47,56,0,18,90,0
capture_01_ring_buffer.btsnoop,2691.998214,2,adapting,73,68,108,0,47,56,0,18,90,0
capture_01_ring_buffer.btsnoop,2692.611575,2,adapting,73,68,108,0,47,56,0,18,90,0
capture_01_ring_buffer.btsnoop,2693.223227,2,adapting,73,68,108,0,47,56,0,18,90,0
capture_01_ring_buffer.btsnoop,2693.923229,2,adapting,73,68,108,0,47,56,0,18,90,0
capture_01_ring_buffer.btsnoop,2694.535701,2,adapting,73,68,108,0,47,56,0,18,90,0
capture_01_ring_buffer.btsnoop,2694.973155,2,adapting,73,68,108,0,47,56,0,18,90,0
capture_01_ring_buffer.btsnoop,2695.585918,2,adapting,73,68,108,0,47,56,0,18,90,0
capture_01_ring_buffer.btsnoop,2696.198147,2,adapting,73,68,139,0,47,56,0,18,90,0
capture_01_ring_buffer.btsnoop,2696.504568,2,adapting,73,68,139,0,47,56,0,18,90,0
capture_01_ring_buffer.btsnoop,2696.854724,2,adapting,73,68,139,0,47,56,0,18,90,0
capture_01_ring_buffer.btsnoop,2697.204679,2,adapting,73,68,139,0,47,56,0,18,90,0
capture_01_ring_buffer.btsnoop,2697.598271,2,adapting,73,68,139,0,47,56,0,18,90,0
capture_01_ring_buffer.btsnoop,2697.992458,2,adapting,73,68,139,0,47,56,0,18,90,0
capture_01_ring_buffer.btsnoop,2698.517059,2,adapting,73,68,139,0,47,56,0,18,90,0
capture_01_ring_buffer.btsnoop,2698.954758,2,adapting,73,68,139,0,47,56,0,18,90,0
capture_01_ring_buffer.btsnoop,2699.610773,2,adapting,73,68,139,0,47,56,0,18,90,0
capture_01_ring_buffer.btsnoop,2699.916914,2,adapting,73,68,139,0,47,56,0,18,90,0
capture_01_ring_buffer.btsnoop,2700.223288,2,adapting,73,68,139,0,47,56,0,18,90,0
capture_01_ring_buffer.btsnoop,2700.573366,2,adapting,73,68,139,0,47,56,0,18,90,0
capture_01_ring_buffer.btsnoop,2700.923245,2,adapting,73,68,126,0,47,56,0,18,90,0
capture_01_ring_buffer.btsnoop,2701.317244,2,adapting,73,68,126,0,47,56,0,18,90,0
capture_01_ring_buffer.btsnoop,2701.92954,2,adapting,73,68,103,0,47,56,0,18,90,0
capture_01_ring_buffer.btsnoop,2702.367014,2,adapting,73,68,103,0,47,56,0,18,90,0
capture_01_ring_buffer.btsnoop,2703.067153,2,adapting,73,68,103,0,47,56,0,18,90,0
capture_01_ring_buffer.btsnoop,2703.767101,2,adapting,73,68,103,0,47,56,0,18,90,0
capture_01_ring_buffer.btsnoop,2704.292054,2,adapting,73,68,103,0,47,56,0,18,90,0
capture_01_ring_buffer.btsnoop,2704.642205,2,adapting,73,68,103,0,47,56,0,18,90,0
capture_01_ring_buffer.btsnoop,2705.211037,2,adapting,73,68,118,0,47,56,0,18,90,0
capture_01_ring_buffer.btsnoop,2705.648632,2,adapting,73,68,118,0,47,56,0,18,90,0
capture_01_ring_buffer.btsnoop,2705.998469,2,adapting,73,68,118,0,47,56,0,18,90,0
capture_01_ring_buffer.btsnoop,2706.348452,2,adapting,73,68,118,0,47,56,0,18,90,0
capture_01_ring_buffer.btsnoop,2706.698441,2,adapting,73,68,118,0,47,56,0,18,90,0
capture_01_ring_buffer.btsnoop,2707.048397,2,adapting,73,68,107,0,47,56,0,18,90,0
capture_01_ring_buffer.btsnoop,2707.748285,2,adapting,73,68,107,0,47,56,0,18,90,0
capture_01_ring_buffer.btsnoop,2708.36099,2,adapting,73,68,110,0,47,56,0,18,90,0
capture_01_ring_buffer.btsnoop,2708.667694,2,adapting,73,68,110,0,47,56,0,18,90,0
capture_01_ring_buffer.btsnoop,2709.060882,2,adapting,73,72,93,0,47,56,0,18,90,0
capture_01_ring_buffer.btsnoop,2709.367096,2,adapting,73,73,93,0,47,56,0,18,90,0
capture_01_ring_buffer.btsnoop,2709.673304,2,adapting,73,73,93,0,47,56,0,18,90,0
capture_01_ring_buffer.btsnoop,2710.023401,2,adapting,74,74,93,0,47,56,0,18,90,0
capture_01_ring_buffer.btsnoop,2710.329753,2,adapting,74,74,93,0,47,56,0,18,90,0
capture_01_ring_buffer.btsnoop,2710.679577,2,adapting,75,75,93,0,47,56,0,18,90,0
capture_01_ring_buffer.btsnoop,2711.073247,4,distracted,19,19,114,0,47,56,0,18,90,0
capture_01_ring_buffer.btsnoop,2711.335752,4,distracted,19,19,114,0,47,56,0,18,90,0
capture_01_ring_buffer.btsnoop,2711.729597,4,distracted,19,19,114,0,47,56,0,18,90,0
capture_01_ring_buffer.btsnoop,2712.079725,4,distracted,19,19,105,0,47,56,0,18,90,0
capture_01_ring_buffer.btsnoop,2712.385819,4,distracted,19,19,105,0,47,56,0,18,90,0
capture_01_ring_buffer.btsnoop,2712.735933,4,distracted,19,19,105,0,47,56,0,18,90,0
capture_01_ring_buffer.btsnoop,2713.086036,4,distracted,19,19,101,0,47,56,0,18,90,0
capture_01_ring_buffer.btsnoop,2713.393986,4,distracted,19,19,101,0,47,56,0,18,90,0
capture_01_ring_buffer.btsnoop,2713.742121,4,distracted,19,19,101,0,47,56,0,18,90,0
capture_01_ring_buffer.btsnoop,2714.092298,4,distracted,19,19,101,0,47,56,0,18,90,0
capture_01_ring_buffer.btsnoop,2714.442299,4,distracted,19,19,101,0,47,56,0,18,90,0
capture_01_ring_buffer.btsnoop,2714.74851,4,distracted,19,19,101,0,47,56,0,18,90,0
capture_01_ring_buffer.btsnoop,2715.098422,4,distracted,19,19,101,0,47,56,0,18,90,0
capture_01_ring_buffer.btsnoop,2715.40455,4,distracted,19,19,101,0,47,56,0,18,90,0
capture_01_ring_buffer.btsnoop,2715.754807,4,distracted,19,19,101,0,47,56,0,18,90,0
capture_01_ring_buffer.btsnoop,2716.104926,4,distracted,19,19,101,0,47,56,0,18,90,0
capture_01_ring_buffer.btsnoop,2716.411191,4,distracted,19,19,101,0,47,56,0,18,90,0
capture_01_ring_buffer.btsnoop,2716.761175,4,distracted,19,19,101,0,47,56,0,18,90,0
capture_01_ring_buffer.btsnoop,2717.154971,4,distracted,19,19,101,0,47,56,0,18,90,0
capture_01_ring_buffer.btsnoop,2717.767134,4,distracted,19,19,101,0,36,83,0,146,88,0
capture_01_ring_buffer.btsnoop,2718.160892,4,distracted,19,19,101,0,36,83,0,146,88,0
capture_01_ring_buffer.btsnoop,2718.423526,4,distracted,19,19,101,0,36,83,0,146,88,0
capture_01_ring_buffer.btsnoop,2718.773392,4,distracted,19,19,101,0,36,83,0,146,88,0
capture_01_ring_buffer.btsnoop,2719.123472,4,distracted,19,19,101,0,36,83,0,146,88,0
capture_01_ring_buffer.btsnoop,2719.429907,4,distracted,19,19,101,0,36,83,0,146,88,0
capture_01_ring_buffer.btsnoop,2719.779923,4,distracted,19,19,101,0,36,83,0,146,88,0
capture_01_ring_buffer.btsnoop,2720.13011,4,distracted,19,19,101,0,36,83,0,146,88,0
capture_01_ring_buffer.btsnoop,2720.480152,4,distracted,19,19,101,0,36,83,0,146,88,0
capture_01_ring_buffer.btsnoop,2720.785833,4,distracted,19,19,101,0,36,83,0,146,88,0
capture_01_ring_buffer.btsnoop,2721.179797,4,distracted,19,19,101,0,36,83,0,146,88,0
capture_01_ring_buffer.btsnoop,2721.485935,4,distracted,19,19,101,0,36,83,0,146,88,0
capture_01_ring_buffer.btsnoop,2721.835963,4,distracted,19,19,101,0,36,83,0,146,88,0
capture_01_ring_buffer.btsnoop,2722.185927,4,distracted,19,19,101,0,36,83,0,146,88,0
capture_01_ring_buffer.btsnoop,2722.493446,4,distracted,19,19,101,0,36,83,0,146,88,0
capture_01_ring_buffer.btsnoop,2722.798439,4,distracted,19,19,101,0,36,83,0,146,88,0
capture_01_ring_buffer.btsnoop,2723.148387,4,distracted,19,19,101,0,36,83,0,146,88,0
capture_01_ring_buffer.btsnoop,2723.498412,4,distracted,19,19,101,0,36,83,0,146,88,0
capture_01_ring_buffer.btsnoop,2723.848709,4,distracted,19,19,101,0,36,83,0,146,88,0
capture_01_ring_buffer.btsnoop,2724.198578,4,distracted,19,19,101,0,36,83,0,146,88,0
capture_01_ring_buffer.btsnoop,2724.504677,4,distracted,19,19,101,0,36,83,0,146,88,0
capture_01_ring_buffer.btsnoop,2724.854685,4,distracted,19,19,101,0,36,83,0,146,88,0
capture_01_ring_buffer.btsnoop,2725.248436,4,distracted,19,19,107,0,36,83,0,146,88,0
capture_01_ring_buffer.btsnoop,2725.861088,4,distracted,19,19,107,0,36,83,0,146,88,0
capture_01_ring_buffer.btsnoop,2726.254696,4,distracted,19,19,107,0,36,83,0,146,88,0
capture_01_ring_buffer.btsnoop,2726.91098,4,distracted,19,19,107,0,36,83,0,146,88,0
capture_01_ring_buffer.btsnoop,2727.217173,4,distracted,19,19,107,0,36,83,0,146,88,0
capture_01_ring_buffer.btsnoop,2727.52361,4,distracted,19,19,107,0,36,83,0,146,88,0
capture_01_ring_buffer.btsnoop,2727.873679,4,distracted,19,19,107,0,36,83,0,146,88,0
capture_01_ring_buffer.btsnoop,2728.223489,4,distracted,19,19,107,0,36,83,0,146,88,0
capture_01_ring_buffer.btsnoop,2728.529819,4,distracted,19,19,107,0,36,83,0,146,88,0
capture_01_ring_buffer.btsnoop,2728.880366,4,distracted,19,19,107,0,36,83,0,146,88,0
capture_01_ring_buffer.btsnoop,2729.229708,4,distracted,19,19,107,0,36,83,0,146,88,0
capture_01_ring_buffer.btsnoop,2729.536191,4,distracted,19,19,107,0,36,83,0,146,88,0
capture_01_ring_buffer.btsnoop,2729.886143,4,distracted,19,19,107,0,36,83,0,146,88,0
capture_01_ring_buffer.btsnoop,2730.279801,4,distracted,19,19,107,0,36,83,0,146,88,0
capture_01_ring_buffer.btsnoop,2730.58604,4,distracted,19,19,107,0,36,83,0,146,88,0
capture_01_ring_buffer.btsnoop,2730.892229,4,distracted,19,19,107,0,36,83,0,146,88,0
capture_01_ring_buffer.btsnoop,2731.286121,4,distracted,19,19,107,0,36,83,0,146,88,0
capture_01_ring_buffer.btsnoop,2731.592637,4,distracted,19,19,107,0,36,83,0,146,88,0
capture_01_ring_buffer.btsnoop,2731.898556,4,distracted,19,19,107,0,36,83,0,146,88,0
capture_01_ring_buffer.btsnoop,2732.292311,4,distracted,45,45,113,0,36,83,0,146,88,0
capture_01_ring_buffer.btsnoop,2732.599034,4,distracted,45,45,113,0,36,83,0,146,88,0
capture_01_ring_buffer.btsnoop,2732.948499,4,distracted,45,45,113,0,36,83,0,146,88,0
capture_01_ring_buffer.btsnoop,2733.342421,4,distracted,46,46,131,0,36,83,0,146,88,0
capture_01_ring_buffer.btsnoop,2733.9548,4,distracted,47,47,131,0,36,83,0,146,88,0
capture_01_ring_buffer.btsnoop,2734.304863,4,distracted,48,48,131,0,36,83,0,146,88,0
capture_01_ring_buffer.btsnoop,2734.654891,4,distracted,48,48,131,0,36,83,0,146,88,0
capture_01_ring_buffer.btsnoop,2735.311226,4,distracted,48,48,131,0,36,83,0,146,88,0
capture_01_ring_buffer.btsnoop,2735.61729,4,distracted,48,48,131,0,36,83,0,146,88,0
capture_01_ring_buffer.btsnoop,2736.054965,4,distracted,48,48,131,0,36,83,0,146,88,0
capture_01_ring_buffer.btsnoop,2736.623553,4,distracted,48,48,131,0,36,83,0,146,88,0
capture_01_ring_buffer.btsnoop,2736.973738,4,distracted,48,48,131,0,36,83,0,146,88,0
capture_01_ring_buffer.btsnoop,2737.411004,4,distracted,48,48,107,0,36,83,0,146,88,0
capture_01_ring_buffer.btsnoop,2738.15499,4,distracted,48,48,107,0,36,83,0,146,88,0
capture_01_ring_buffer.btsnoop,2738.767412,4,distracted,48,48,107,0,36,83,0,146,88,0
capture_01_ring_buffer.btsnoop,2739.336074,4,distracted,48,48,107,0,36,83,0,146,88,0
capture_01_ring_buffer.btsnoop,2739.729817,4,distracted,48,48,107,0,36,83,0,146,88,0
capture_01_ring_buffer.btsnoop,2740.036075,4,distracted,48,48,107,0,36,83,0,146,88,0
capture_01_ring_buffer.btsnoop,2740.342311,4,distracted,48,48,107,0,36,83,0,146,88,0
capture_01_ring_buffer.btsnoop,2740.736203,4,distracted,48,48,107,0,36,83,0,146,88,0
capture_01_ring_buffer.btsnoop,2740.998776,4,distracted,48,48,107,0,36,83,0,146,88,0
capture_01_ring_buffer.btsnoop,2741.392477,4,distracted,48,48,107,0,36,83,0,146,88,0
capture_01_ring_buffer.btsnoop,2741.698611,4,distracted,48,48,107,0,36,83,0,146,88,0
capture_01_ring_buffer.btsnoop,2742.092417,4,distracted,48,48,107,0,36,83,0,146,88,0
capture_01_ring_buffer.btsnoop,2742.704973,4,distracted,48,48,107,0,36,83,0,146,88,0
capture_01_ring_buffer.btsnoop,2743.0549,4,distracted,48,48,107,0,36,83,0,146,88,0
capture_01_ring_buffer.btsnoop,2743.492512,4,distracted,48,48,107,0,36,83,0,146,88,0
capture_01_ring_buffer.btsnoop,2744.061199,4,distracted,48,48,107,0,36,83,0,146,88,0
capture_01_ring_buffer.btsnoop,2744.455031,4,distracted,48,48,107,0,36,83,0,146,88,0
capture_01_ring_buffer.btsnoop,2745.067505,4,distracted,48,48,107,0,36,83,0,146,88,0
capture_01_ring_buffer.btsnoop,2745.461115,4,distracted,48,48,107,0,36,83,0,146,88,0
capture_01_ring_buffer.btsnoop,2745.723636,4,distracted,48,48,107,0,36,83,0,146,88,0
capture_01_ring_buffer.btsnoop,2746.073542,4,distracted,48,48,107,0,36,83,0,146,88,0
capture_01_ring_buffer.btsnoop,2746.467492,4,distracted,48,12,108,0,36,83,0,146,88,0
capture_01_ring_buffer.btsnoop,2746.730013,4,distracted,48,12,108,0,36,83,0,146,88,0
capture_01_ring_buffer.btsnoop,2747.079812,4,distracted,48,12,108,0,36,83,0,146,88,0
capture_01_ring_buffer.btsnoop,2747.473517,4,distracted,48,12,108,0,36,83,0,146,88,0
capture_01_ring_buffer.btsnoop,2747.779822,4,distracted,48,12,108,0,36,83,0,146,88,0
capture_01_ring_buffer.btsnoop,2748.086248,4,distracted,48,12,108,0,36,83,0,146,88,0
capture_01_ring_buffer.btsnoop,2748.480024,4,distracted,48,12,108,0,36,83,0,146,88,0
capture_01_ring_buffer.btsnoop,2748.786128,4,distracted,48,12,108,0,36,83,0,146,88,0
capture_01_ring_buffer.btsnoop,2749.092514,4,distracted,48,13,108,0,36,83,0,146,88,0
capture_01_ring_buffer.btsnoop,2749.529846,4,distracted,48,13,117,0,36,83,0,146,88,0
capture_01_ring_buffer.btsnoop,2750.142591,4,distracted,48,13,117,0,36,83,0,146,88,0
capture_01_ring_buffer.btsnoop,2750.492466,4,distracted,48,13,117,0,36,83,0,146,88,0
capture_01_ring_buffer.btsnoop,2750.842598,4,distracted,48,13,117,0,36,83,0,146,88,0
capture_01_ring_buffer.btsnoop,2751.148826,4,distracted,48,13,117,0,36,83,0,146,88,0
capture_01_ring_buffer.btsnoop,2751.498652,4,distracted,48,13,117,0,36,83,0,146,88,0
capture_01_ring_buffer.btsnoop,2751.805286,4,distracted,48,13,117,0,36,83,0,146,88,0
capture_01_ring_buffer.btsnoop,2752.242674,4,distracted,48,13,117,0,36,83,0,146,88,0
capture_01_ring_buffer.btsnoop,2752.811159,4,distracted,48,13,117,0,36,83,0,146,88,0
capture_01_ring_buffer.btsnoop,2753.161352,4,distracted,48,13,117,0,36,83,0,146,88,0
capture_01_ring_buffer.btsnoop,2753.51118,4,distracted,48,13,117,0,36,83,0,146,88,0
capture_01_ring_buffer.btsnoop,2753.905073,4,distracted,48,13,117,0,36,83,0,146,88,0
capture_01_ring_buffer.btsnoop,2754.56154,4,distracted,48,13,117,0,36,83,0,146,88,0
capture_01_ring_buffer.btsnoop,2754.823711,4,distracted,48,13,117,0,36,83,0,146,88,0
capture_01_ring_buffer.btsnoop,2755.173665,4,distracted,48,13,117,0,36,83,0,146,88,0
capture_01_ring_buffer.btsnoop,2755.611625,4,distracted,48,13,117,0,36,83,0,146,88,0
capture_01_ring_buffer.btsnoop,2756.179862,4,distracted,48,13,117,0,36,83,0,146,88,0
capture_01_ring_buffer.btsnoop,2756.617502,4,distracted,48,13,117,0,36,83,0,146,88,0
capture_01_ring_buffer.btsnoop,2757.230676,4,distracted,48,13,117,0,36,83,0,146,88,0
capture_01_ring_buffer.btsnoop,2757.579858,4,distracted,48,13,117,0,36,83,0,146,88,0
capture_01_ring_buffer.btsnoop,2757.886233,4,distracted,48,13,117,0,36,83,0,146,88,0
capture_01_ring_buffer.btsnoop,2758.192642,4,distracted,48,13,117,0,36,83,0,146,88,0
capture_01_ring_buffer.btsnoop,2758.586203,4,distracted,48,13,117,0,36,83,0,146,88,0
capture_01_ring_buffer.btsnoop,2758.892458,4,distracted,48,13,117,0,36,83,0,146,88,0
capture_01_ring_buffer.btsnoop,2759.242636,4,distracted,48,13,117,0,36,83,0,146,88,0
capture_01_ring_buffer.btsnoop,2759.592589,4,distracted,48,47,117,0,36,83,0,146,88,0
capture_01_ring_buffer.btsnoop,2759.898725,4,distracted,48,47,117,0,36,83,0,146,88,0
capture_01_ring_buffer.btsnoop,2760.249242,4,distracted,48,48,117,0,36,83,0,146,88,0
capture_01_ring_buffer.btsnoop,2760.642612,4,distracted,54,54,139,0,36,83,0,146,88,0
capture_01_ring_buffer.btsnoop,2761.255055,4,distracted,54,54,139,0,36,83,0,146,88,0
capture_01_ring_buffer.btsnoop,2761.648716,4,distracted,54,54,136,0,36,83,0,146,88,0
capture_01_ring_buffer.btsnoop,2762.261219,4,distracted,55,55,136,0,36,83,0,146,88,0
capture_01_ring_buffer.btsnoop,2762.698719,4,distracted,55,55,109,0,36,83,0,146,88,0
capture_01_ring_buffer.btsnoop,2763.267574,4,distracted,55,54,109,0,36,83,0,146,88,0
capture_01_ring_buffer.btsnoop,2763.661247,4,distracted,55,53,109,0,36,83,0,146,88,0
capture_01_ring_buffer.btsnoop,2763.923775,4,distracted,55,52,109,0,36,83,0,146,88,0
capture_01_ring_buffer.btsnoop,2764.273707,4,distracted,55,52,109,0,36,83,0,146,88,0
capture_01_ring_buffer.btsnoop,2764.623735,4,distracted,55,51,109,0,36,83,0,146,88,0
capture_01_ring_buffer.btsnoop,2764.930421,4,distracted,55,51,109,0,36,83,0,146,88,0
capture_01_ring_buffer.btsnoop,2765.280163,4,distracted,55,51,109,0,36,83,0,146,88,0
capture_01_ring_buffer.btsnoop,2765.673725,4,distracted,55,51,109,0,36,83,0,146,88,0
capture_01_ring_buffer.btsnoop,2765.98008,4,distracted,55,51,109,0,36,83,0,146,88,0
capture_01_ring_buffer.btsnoop,2766.286363,4,distracted,55,51,109,0,36,83,0,146,88,0
capture_01_ring_buffer.btsnoop,2766.636403,4,distracted,55,51,109,0,36,83,0,146,88,0
capture_01_ring_buffer.btsnoop,2766.986522,4,distracted,55,51,109,0,36,83,0,146,88,0
capture_01_ring_buffer.btsnoop,2767.29271,4,distracted,55,51,109,0,36,83,0,146,88,0
capture_01_ring_buffer.btsnoop,2767.686293,4,distracted,55,51,109,0,36,83,0,146,88,0
capture_01_ring_buffer.btsnoop,2767.992527,4,distracted,55,51,109,0,36,83,0,146,88,0
capture_01_ring_buffer.btsnoop,2768.298978,4,distracted,55,51,109,0,36,83,0,146,88,0
capture_01_ring_buffer.btsnoop,2768.692275,4,distracted,55,49,109,0,36,83,0,146,88,0
capture_01_ring_buffer.btsnoop,2768.999668,4,distracted,55,49,109,0,36,83,0,146,88,0
capture_01_ring_buffer.btsnoop,2769.349369,4,distracted,55,49,109,0,36,83,0,146,88,0
capture_01_ring_buffer.btsnoop,2769.742566,4,distracted,55,49,109,0,36,83,0,146,88,0
capture_01_ring_buffer.btsnoop,2770.442729,4,distracted,55,50,109,0,36,83,0,146,88,0
capture_01_ring_buffer.btsnoop,2771.011334,4,distracted,55,50,109,0,36,83,0,146,88,0
capture_01_ring_buffer.btsnoop,2771.36147,4,distracted,55,50,109,0,36,83,0,146,88,0
capture_01_ring_buffer.btsnoop,2771.842569,4,distracted,55,51,109,0,36,83,0,146,88,0
capture_01_ring_buffer.btsnoop,2772.411445,4,distracted,55,50,109,0,36,83,0,146,88,0
capture_01_ring_buffer.btsnoop,2772.761484,4,distracted,55,51,132,0,36,83,0,146,88,0
capture_01_ring_buffer.btsnoop,2773.023894,4,distracted,55,51,132,0,36,83,0,146,88,0
capture_01_ring_buffer.btsnoop,2773.373848,4,distracted,55,51,132,0,36,83,0,146,88,0
capture_01_ring_buffer.btsnoop,2773.767419,4,distracted,55,51,127,0,36,83,0,146,88,0
capture_01_ring_buffer.btsnoop,2774.030282,4,distracted,55,51,127,0,36,83,0,146,88,0
capture_01_ring_buffer.btsnoop,2774.380272,4,distracted,55,51,127,0,36,83,0,146,88,0
capture_01_ring_buffer.btsnoop,2774.773854,4,distracted,55,51,127,0,36,83,0,146,88,0
capture_01_ring_buffer.btsnoop,2775.03633,4,distracted,55,51,127,0,36,83,0,146,88,0
capture_01_ring_buffer.btsnoop,2775.386425,4,distracted,55,51,127,0,36,83,0,146,88,0
capture_01_ring_buffer.btsnoop,2775.780071,4,distracted,55,51,127,0,36,83,0,146,88,0
capture_01_ring_buffer.btsnoop,2776.043269,4,distracted,55,51,127,0,36,83,0,146,88,0
capture_01_ring_buffer.btsnoop,2776.436383,4,distracted,55,51,127,0,36,83,0,146,88,0
capture_01_ring_buffer.btsnoop,2776.786428,4,distracted,55,52,127,0,36,83,0,146,88,0
capture_01_ring_buffer.btsnoop,2777.09259,4,distracted,55,52,127,0,36,83,0,146,88,0
capture_01_ring_buffer.btsnoop,2777.398956,4,distracted,55,52,127,0,36,83,0,146,88,0
capture_01_ring_buffer.btsnoop,2777.792871,4,distracted,55,52,127,0,36,83,0,146,88,0
capture_01_ring_buffer.btsnoop,2778.099012,4,distracted,55,52,127,0,36,83,0,146,82,0
capture_01_ring_buffer.btsnoop,2778.405118,4,distracted,55,52,127,0,36,83,0,146,82,0
capture_01_ring_buffer.btsnoop,2778.755175,4,distracted,55,52,127,0,36,83,0,146,82,0
capture_01_ring_buffer.btsnoop,2779.105121,4,distracted,55,52,127,0,36,83,0,146,82,0
capture_01_ring_buffer.btsnoop,2779.411376,4,distracted,55,52,127,0,36,83,0,146,82,0
capture_01_ring_buffer.btsnoop,2779.848999,4,distracted,55,52,129,0,36,83,0,146,82,0
capture_01_ring_buffer.btsnoop,2780.461447,4,distracted,55,52,129,0,36,83,0,146,82,0
capture_01_ring_buffer.btsnoop,2780.855228,4,distracted,55,52,102,0,36,83,0,146,82,0
capture_01_ring_buffer.btsnoop,2781.467838,4,distracted,55,52,102,0,36,83,0,146,82,0
capture_01_ring_buffer.btsnoop,2781.817804,4,distracted,55,52,102,0,36,83,0,146,82,0
capture_01_ring_buffer.btsnoop,2782.168014,4,distracted,55,51,102,0,36,83,0,146,82,0
capture_01_ring_buffer.btsnoop,2782.47393,4,distracted,55,51,102,0,36,83,0,146,82,0
capture_01_ring_buffer.btsnoop,2782.823845,4,distracted,55,50,102,0,36,83,0,146,82,0
capture_01_ring_buffer.btsnoop,2783.173966,4,distracted,55,50,102,0,36,83,0,146,82,0
capture_01_ring_buffer.btsnoop,2783.480407,4,distracted,55,50,102,0,36,83,0,146,82,0
capture_01_ring_buffer.btsnoop,2783.87398,4,distracted,55,49,102,0,36,83,0,146,82,0
capture_01_ring_buffer.btsnoop,2784.267577,4,distracted,55,49,102,0,36,83,0,146,82,0
capture_01_ring_buffer.btsnoop,2784.880268,4,distracted,55,49,102,0,36,83,0,146,82,0
capture_01_ring_buffer.btsnoop,2785.18661,4,distracted,55,49,102,0,36,83,0,146,82,0
capture_01_ring_buffer.btsnoop,2785.53666,4,distracted,55,49,102,0,36,83,0,146,82,0
capture_01_ring_buffer.btsnoop,2785.886449,4,distracted,55,50,102,0,36,83,0,146,82,0
capture_01_ring_buffer.btsnoop,2786.192649,4,distracted,55,50,102,0,36,83,0,146,82,0
capture_01_ring_buffer.btsnoop,2786.586711,4,distracted,55,51,102,0,36,83,0,146,82,0
capture_01_ring_buffer.btsnoop,2787.242555,4,distracted,55,52,102,0,36,83,0,146,82,0
capture_01_ring_buffer.btsnoop,2787.549158,4,distracted,55,51,102,0,36,83,0,146,82,0
capture_01_ring_buffer.btsnoop,2788.030133,4,distracted,51,51,111,0,36,83,0,146,82,0
capture_01_ring_buffer.btsnoop,2788.817592,4,distracted,50,51,111,0,36,83,0,146,82,0
capture_01_ring_buffer.btsnoop,2789.255296,4,distracted,51,51,111,0,36,83,0,146,82,0
capture_01_ring_buffer.btsnoop,2789.561477,4,distracted,51,51,111,0,36,83,0,146,82,0
capture_01_ring_buffer.btsnoop,2789.955098,4,distracted,47,51,122,0,36,83,0,146,82,0
capture_01_ring_buffer.btsnoop,2790.655017,4,distracted,48,51,122,0,36,83,0,146,82,0
capture_01_ring_buffer.btsnoop,2791.311485,4,distracted,48,51,122,0,36,83,0,146,82,0
capture_01_ring_buffer.btsnoop,2791.924096,4,distracted,48,51,122,0,36,83,0,146,82,0
capture_01_ring_buffer.btsnoop,2792.317688,4,distracted,48,51,122,0,36,83,0,146,82,0
capture_01_ring_buffer.btsnoop,2792.974196,4,distracted,49,51,140,0,36,83,0,146,82,0
capture_01_ring_buffer.btsnoop,2793.28065,4,distracted,49,51,140,0,36,83,0,146,82,0
capture_01_ring_buffer.btsnoop,2793.586493,4,distracted,49,51,140,0,36,83,0,146,82,0
capture_01_ring_buffer.btsnoop,2793.984523,4,distracted,28,51,155,0,36,83,0,146,82,0
capture_01_ring_buffer.btsnoop,2794.330234,4,distracted,28,51,155,0,36,83,0,146,82,0
capture_01_ring_buffer.btsnoop,2794.636689,4,distracted,28,51,155,0,36,83,0,146,82,0
capture_01_ring_buffer.btsnoop,2794.98694,4,distracted,28,51,155,0,36,83,0,146,82,0
capture_01_ring_buffer.btsnoop,2795.292865,4,distracted,28,51,155,0,36,83,0,146,82,0
capture_01_ring_buffer.btsnoop,2795.642861,4,distracted,28,51,155,0,36,83,0,146,82,0
capture_01_ring_buffer.btsnoop,2795.99279,4,distracted,28,51,155,0,36,83,0,146,82,0
capture_01_ring_buffer.btsnoop,2796.342977,4,distracted,28,51,155,0,36,83,0,146,82,0
capture_01_ring_buffer.btsnoop,2796.651401,4,distracted,28,51,155,0,36,83,0,146,82,0
capture_01_ring_buffer.btsnoop,2796.999391,4,distracted,28,51,155,0,36,83,0,146,82,0
capture_01_ring_buffer.btsnoop,2797.305232,4,distracted,28,51,155,0,36,83,0,146,82,0
capture_01_ring_buffer.btsnoop,2797.655202,4,distracted,28,51,155,0,36,83,0,146,82,0
capture_01_ring_buffer.btsnoop,2798.049145,4,distracted,28,51,155,0,36,83,0,146,82,0
capture_01_ring_buffer.btsnoop,2798.661679,4,distracted,28,27,155,0,36,83,0,146,82,0
capture_01_ring_buffer.btsnoop,2799.05527,4,distracted,49,49,155,0,36,83,0,146,82,0
capture_01_ring_buffer.btsnoop,2799.667971,4,distracted,47,47,155,0,36,83,0,146,82,0
capture_01_ring_buffer.btsnoop,2800.061486,4,distracted,29,47,188,0,36,83,0,146,82,0
capture_01_ring_buffer.btsnoop,2800.368066,4,distracted,29,47,188,0,36,83,0,146,82,0
capture_01_ring_buffer.btsnoop,2800.67408,4,distracted,29,47,188,0,36,83,0,146,82,0
capture_01_ring_buffer.btsnoop,2801.024123,4,distracted,29,47,188,0,36,83,0,146,82,0
capture_01_ring_buffer.btsnoop,2801.37399,4,distracted,29,47,188,0,36,83,0,146,82,0
capture_01_ring_buffer.btsnoop,2801.680471,4,distracted,29,47,188,0,36,83,0,146,82,0
capture_01_ring_buffer.btsnoop,2802.117984,4,distracted,42,47,207,0,36,83,0,146,82,0
capture_01_ring_buffer.btsnoop,2802.68659,4,distracted,43,47,207,0,36,83,0,146,82,0
capture_01_ring_buffer.btsnoop,2803.124007,4,distracted,56,57,207,0,36,83,0,146,82,0
capture_01_ring_buffer.btsnoop,2803.736556,4,distracted,56,58,207,0,36,83,0,146,82,0
capture_01_ring_buffer.btsnoop,2804.086723,4,distracted,57,58,207,0,36,83,0,146,82,0
capture_01_ring_buffer.btsnoop,2804.392926,4,distracted,57,58,207,0,36,83,0,146,82,0
capture_01_ring_buffer.btsnoop,2804.742864,4,distracted,57,59,207,0,36,83,0,146,82,0
capture_01_ring_buffer.btsnoop,2805.092926,4,distracted,57,59,207,0,36,83,0,146,82,0
capture_01_ring_buffer.btsnoop,2805.399323,4,distracted,57,59,207,0,36,83,0,146,82,0
capture_01_ring_buffer.btsnoop,2805.749335,4,distracted,57,59,207,0,36,83,0,146,82,0
capture_01_ring_buffer.btsnoop,2806.143015,4,distracted,57,59,207,0,36,83,0,146,82,0
capture_01_ring_buffer.btsnoop,2806.7553,7,stressed,57,59,207,0,36,83,0,146,82,0
capture_01_ring_buffer.btsnoop,2807.149387,7,stressed,56,58,207,0,36,83,0,146,82,0
capture_01_ring_buffer.btsnoop,2807.805578,7,stressed,55,57,207,0,36,83,0,146,82,0
capture_01_ring_buffer.btsnoop,2808.111685,7,stressed,55,56,207,0,36,83,0,146,82,0
capture_01_ring_buffer.btsnoop,2808.417799,7,stressed,54,56,207,0,36,83,0,146,82,0
capture_01_ring_buffer.btsnoop,2808.767922,7,stressed,54,55,207,0,36,83,0,146,82,0
capture_01_ring_buffer.btsnoop,2809.161691,7,stressed,49,49,210,0,36,83,0,146,82,0
capture_01_ring_buffer.btsnoop,2809.511812,7,stressed,50,50,210,0,36,83,0,146,82,0
capture_01_ring_buffer.btsnoop,2810.16792,7,stressed,50,35,241,0,36,83,0,146,82,0
capture_01_ring_buffer.btsnoop,2810.474144,7,stressed,50,35,241,0,36,83,0,146,82,0
capture_01_ring_buffer.btsnoop,2810.780426,7,stressed,50,36,241,0,36,83,0,146,82,0
capture_01_ring_buffer.btsnoop,2811.174208,7,stressed,50,35,241,0,36,83,0,146,82,0
capture_01_ring_buffer.btsnoop,2811.480693,7,stressed,50,36,241,0,36,83,0,146,82,0
capture_01_ring_buffer.btsnoop,2811.786655,7,stressed,50,36,241,0,36,83,0,146,82,0
capture_01_ring_buffer.btsnoop,2812.224338,7,stressed,50,32,254,0,36,83,0,146,82,0
capture_01_ring_buffer.btsnoop,2812.836578,7,stressed,50,32,254,0,36,83,0,146,82,0
capture_01_ring_buffer.btsnoop,2813.186739,7,stressed,50,32,254,0,36,83,0,146,82,0
capture_01_ring_buffer.btsnoop,2813.580774,7,stressed,50,32,254,0,36,83,0,146,82,0
capture_01_ring_buffer.btsnoop,2814.192974,7,stressed,50,33,255,0,36,83,0,146,82,0
capture_01_ring_buffer.btsnoop,2814.542986,7,stressed,50,33,255,0,36,83,0,146,82,0
capture_01_ring_buffer.btsnoop,2814.84922,7,stressed,50,33,255,0,36,83,0,146,82,0
capture_01_ring_buffer.btsnoop,2815.200266,7,stressed,50,24,255,0,36,83,0,146,82,0
capture_01_ring_buffer.btsnoop,2815.505822,7,stressed,50,24,255,0,36,83,0,146,82,0
capture_01_ring_buffer.btsnoop,2815.855501,7,stressed,50,24,255,0,36,83,0,146,82,0
capture_01_ring_buffer.btsnoop,2816.205388,7,stressed,50,24,255,0,36,83,0,146,82,0
capture_01_ring_buffer.btsnoop,2816.511694,7,stressed,50,25,255,0,36,83,0,146,82,0
capture_01_ring_buffer.btsnoop,2816.861879,7,stressed,50,25,255,0,36,83,0,146,82,0
capture_01_ring_buffer.btsnoop,2817.255585,7,stressed,50,26,255,0,36,83,0,146,82,0
capture_01_ring_buffer.btsnoop,2817.911688,7,stressed,50,26,255,0,36,83,0,146,82,0
capture_01_ring_buffer.btsnoop,2818.261703,7,stressed,50,40,255,0,36,83,0,146,82,0
capture_01_ring_buffer.btsnoop,2818.568004,7,stressed,50,40,255,0,36,83,0,146,82,0
capture_01_ring_buffer.btsnoop,2818.874409,7,stressed,50,40,255,0,36,83,0,146,82,0
capture_01_ring_buffer.btsnoop,2819.268119,7,stressed,50,40,255,0,36,83,0,146,82,0
capture_01_ring_buffer.btsnoop,2819.574422,7,stressed,50,40,255,0,36,83,0,146,82,0
capture_01_ring_buffer.btsnoop,2819.880428,7,stressed,50,40,255,0,36,83,0,146,82,0
capture_01_ring_buffer.btsnoop,2820.318047,7,stressed,50,46,255,0,36,83,0,146,82,0
capture_01_ring_buffer.btsnoop,2820.886854,7,stressed,50,46,255,0,36,83,0,146,82,0
capture_01_ring_buffer.btsnoop,2821.28052,7,stressed,50,46,255,0,36,83,0,146,82,0
capture_01_ring_buffer.btsnoop,2821.5871,7,stressed,50,46,255,0,36,83,0,146,82,0
capture_01_ring_buffer.btsnoop,2821.937079,7,stressed,50,46,255,0,36,83,0,146,82,0
capture_01_ring_buffer.btsnoop,2822.28698,7,stressed,50,46,255,0,36,83,0,146,82,0
capture_01_ring_buffer.btsnoop,2822.593936,7,stressed,50,46,255,0,36,83,0,146,82,0
capture_01_ring_buffer.btsnoop,2822.943038,7,stressed,50,45,255,0,36,83,0,146,82,0
capture_01_ring_buffer.btsnoop,2823.292995,7,stressed,50,45,255,0,36,83,0,146,82,0
capture_01_ring_buffer.btsnoop,2823.599525,7,stressed,50,45,255,0,36,83,0,146,82,0
capture_01_ring_buffer.btsnoop,2823.949296,7,stressed,50,45,255,0,36,83,0,146,82,0
capture_01_ring_buffer.btsnoop,2824.387087,7,stressed,50,50,255,0,36,83,0,146,82,0
capture_01_ring_buffer.btsnoop,2824.955793,7,stressed,51,51,255,0,36,83,0,146,82,0
capture_01_ring_buffer.btsnoop,2825.305531,7,stressed,51,51,255,0,36,83,0,146,82,0
capture_01_ring_buffer.btsnoop,2825.611791,7,stressed,51,51,255,0,36,83,0,146,82,0
capture_01_ring_buffer.btsnoop,2825.961797,7,stressed,51,51,255,0,36,83,0,146,82,0
capture_01_ring_buffer.btsnoop,2826.355548,7,stressed,51,51,255,0,36,83,0,146,82,0
capture_01_ring_buffer.btsnoop,2826.661804,7,stressed,51,51,255,0,36,83,0,146,82,0
capture_01_ring_buffer.btsnoop,2826.968082,7,stressed,51,51,255,0,36,83,0,146,82,0
capture_01_ring_buffer.btsnoop,2827.36179,7,stressed,60,62,255,0,36,83,0,146,82,0
capture_01_ring_buffer.btsnoop,2827.668075,7,stressed,60,62,255,0,36,83,0,146,82,0
capture_01_ring_buffer.btsnoop,2827.974657,7,stressed,60,62,255,0,36,83,0,146,82,0
capture_01_ring_buffer.btsnoop,2828.324482,7,stressed,60,62,255,0,36,83,0,146,82,0
capture_01_ring_buffer.btsnoop,2828.674359,7,stressed,60,62,255,0,36,83,0,146,82,0
capture_01_ring_buffer.btsnoop,2829.0245,7,stressed,60,62,255,0,36,83,0,146,82,0
capture_01_ring_buffer.btsnoop,2829.418185,7,stressed,60,62,255,0,36,83,0,146,82,0
capture_01_ring_buffer.btsnoop,2830.030716,7,stressed,60,61,255,0,36,83,0,146,82,0
capture_01_ring_buffer.btsnoop,2830.380728,7,stressed,60,61,255,0,36,83,0,146,82,0
capture_01_ring_buffer.btsnoop,2830.686895,7,stressed,60,61,255,0,36,83,0,146,82,0
capture_01_ring_buffer.btsnoop,2831.036806,7,stressed,60,60,255,0,36,83,0,146,82,0
capture_01_ring_buffer.btsnoop,2831.474725,7,stressed,60,60,255,0,36,83,0,146,82,0
capture_01_ring_buffer.btsnoop,2832.043306,7,stressed,60,60,255,0,36,83,0,146,82,0
capture_01_ring_buffer.btsnoop,2832.436856,7,stressed,60,59,255,0,36,83,0,146,82,0
capture_01_ring_buffer.btsnoop,2833.049303,7,stressed,60,60,255,0,36,83,0,146,82,0
capture_01_ring_buffer.btsnoop,2833.39953,7,stressed,60,60,255,0,36,83,0,146,82,0
capture_01_ring_buffer.btsnoop,2833.793135,7,stressed,60,60,255,0,36,83,0,146,82,0
capture_01_ring_buffer.btsnoop,2834.449344,7,stressed,60,56,255,0,36,83,0,146,82,0
capture_01_ring_buffer.btsnoop,2834.75557,7,stressed,60,56,255,0,36,83,0,146,82,0
capture_01_ring_buffer.btsnoop,2835.061876,7,stressed,60,56,255,0,36,83,0,146,82,0
capture_01_ring_buffer.btsnoop,2835.45558,7,stressed,63,66,255,0,36,83,0,146,82,0
capture_01_ring_buffer.btsnoop,2835.80573,7,stressed,63,66,255,0,36,83,0,146,82,0
capture_01_ring_buffer.btsnoop,2836.461913,7,stressed,63,66,255,0,36,83,0,146,82,0
capture_01_ring_buffer.btsnoop,2836.768178,7,stressed,63,66,255,0,36,83,0,146,82,0
capture_01_ring_buffer.btsnoop,2837.11812,7,stressed,63,66,255,0,36,83,0,146,82,0
capture_01_ring_buffer.btsnoop,2837.468265,7,stressed,63,66,255,0,36,83,0,146,82,0
capture_01_ring_buffer.btsnoop,2837.774655,7,stressed,63,66,255,0,36,83,0,146,82,0
capture_01_ring_buffer.btsnoop,2838.124462,7,stressed,63,66,255,0,36,83,0,146,82,0
capture_01_ring_buffer.btsnoop,2838.562468,7,stressed,67,72,255,0,36,83,0,146,82,0
capture_01_ring_buffer.btsnoop,2839.13102,7,stressed,67,72,255,0,36,83,0,146,78,0
capture_01_ring_buffer.btsnoop,2839.480826,7,stressed,67,73,255,0,36,83,0,146,78,0
capture_01_ring_buffer.btsnoop,2839.787729,7,stressed,67,73,255,0,36,83,0,146,78,0
capture_01_ring_buffer.btsnoop,2840.136919,7,stressed,67,73,255,0,36,83,0,146,78,0
capture_01_ring_buffer.btsnoop,2840.574158,7,stressed,71,80,255,0,36,83,0,146,78,0
capture_01_ring_buffer.btsnoop,2841.143329,7,stressed,71,80,255,0,36,83,0,146,78,0
capture_01_ring_buffer.btsnoop,2841.53687,7,stressed,72,81,255,0,36,83,0,146,78,0
capture_01_ring_buffer.btsnoop,2842.149541,7,stressed,72,81,255,0,36,83,0,146,78,0
capture_01_ring_buffer.btsnoop,2842.5436,7,stressed,72,79,255,0,36,83,0,146,78,0
capture_01_ring_buffer.btsnoop,2842.849617,7,stressed,72,79,255,0,36,83,0,146,78,0
capture_01_ring_buffer.btsnoop,2843.155831,7,stressed,72,77,255,0,36,83,0,146,78,0
capture_01_ring_buffer.btsnoop,2843.505657,7,stressed,72,76,255,0,36,83,0,146,78,0
capture_01_ring_buffer.btsnoop,2843.855635,7,stressed,72,76,255,0,36,83,0,146,78,0
capture_01_ring_buffer.btsnoop,2844.205554,7,stressed,72,76,255,0,36,83,0,146,78,0
capture_01_ring_buffer.btsnoop,2844.643332,7,stressed,72,56,255,0,36,83,0,146,78,0
capture_01_ring_buffer.btsnoop,2845.168334,7,stressed,72,57,255,0,36,83,0,146,78,0
capture_01_ring_buffer.btsnoop,2845.561957,7,stressed,72,57,255,0,36,83,0,146,78,0
capture_01_ring_buffer.btsnoop,2845.911898,7,stressed,72,57,255,0,36,83,0,146,78,0
capture_01_ring_buffer.btsnoop,2846.26194,7,stressed,72,56,255,0,36,83,0,146,78,0
capture_01_ring_buffer.btsnoop,2846.874819,7,stressed,72,55,255,0,36,83,0,146,78,0
capture_01_ring_buffer.btsnoop,2847.224659,7,stressed,72,55,255,0,36,83,0,146,78,0
capture_01_ring_buffer.btsnoop,2847.618264,7,stressed,72,50,255,0,36,83,0,146,78,0
capture_01_ring_buffer.btsnoop,2848.274459,7,stressed,72,50,255,0,36,83,0,146,78,0
capture_01_ring_buffer.btsnoop,2848.624468,7,stressed,72,51,255,0,36,83,0,146,78,0
capture_01_ring_buffer.btsnoop,2849.237011,7,stressed,72,51,255,0,36,83,0,146,78,0
capture_01_ring_buffer.btsnoop,2849.630844,7,stressed,72,51,255,0,36,83,0,146,78,0
capture_01_ring_buffer.btsnoop,2850.243218,7,stressed,72,52,255,0,36,83,0,146,78,0
capture_01_ring_buffer.btsnoop,2850.637264,7,stressed,72,52,255,0,36,83,0,146,78,0
capture_01_ring_buffer.btsnoop,2851.249676,7,stressed,72,52,255,0,36,83,0,146,78,0
capture_01_ring_buffer.btsnoop,2851.643188,7,stressed,72,54,255,0,36,83,0,146,78,0
capture_01_ring_buffer.btsnoop,2851.949534,7,stressed,72,54,255,0,36,83,0,146,78,0
capture_01_ring_buffer.btsnoop,2852.255945,7,stressed,72,54,255,0,36,83,0,146,78,0
capture_01_ring_buffer.btsnoop,2852.649915,7,stressed,72,53,255,0,36,83,0,146,78,0
capture_01_ring_buffer.btsnoop,2852.956169,7,stressed,72,53,255,0,36,83,0,146,78,0
capture_01_ring_buffer.btsnoop,2853.262102,7,stressed,72,53,255,0,36,83,0,146,78,0
capture_01_ring_buffer.btsnoop,2853.612068,7,stressed,72,53,255,0,36,83,0,146,78,0
capture_01_ring_buffer.btsnoop,2853.961991,7,stressed,72,53,255,0,36,83,0,146,78,0
capture_01_ring_buffer.btsnoop,2854.312223,7,stressed,72,53,255,0,36,83,0,146,78,0
capture_01_ring_buffer.btsnoop,2854.662059,7,stressed,72,53,255,0,36,83,0,146,78,0
capture_01_ring_buffer.btsnoop,2854.968411,7,stressed,72,53,255,0,36,83,0,146,78,0
capture_01_ring_buffer.btsnoop,2855.362101,7,stressed,72,53,255,0,36,83,0,146,78,0
capture_01_ring_buffer.btsnoop,2855.974751,7,stressed,72,58,255,0,36,83,0,146,78,0
capture_01_ring_buffer.btsnoop,2856.32476,7,stressed,72,58,255,0,36,83,0,146,78,0
capture_01_ring_buffer.btsnoop,2856.674686,7,stressed,72,57,255,0,36,83,0,146,78,0
capture_01_ring_buffer.btsnoop,2857.024715,7,stressed,72,56,255,0,36,83,0,146,78,0
capture_01_ring_buffer.btsnoop,2857.330788,4,distracted,72,56,255,0,36,83,0,146,78,0
capture_01_ring_buffer.btsnoop,2857.724756,4,distracted,72,55,255,0,36,83,0,146,78,0
capture_01_ring_buffer.btsnoop,2858.380867,4,distracted,72,56,255,0,36,83,0,146,78,0
capture_01_ring_buffer.btsnoop,2858.73098,4,distracted,72,65,255,0,36,83,0,146,78,0
capture_01_ring_buffer.btsnoop,2859.343313,4,distracted,72,62,255,0,36,83,0,146,78,0
capture_01_ring_buffer.btsnoop,2859.693499,4,distracted,72,62,255,0,36,83,0,146,78,0
capture_01_ring_buffer.btsnoop,2859.999711,4,distracted,72,61,255,0,36,83,0,146,78,0
capture_01_ring_buffer.btsnoop,2860.349687,4,distracted,72,61,255,0,36,83,0,146,78,0
capture_01_ring_buffer.btsnoop,2860.743429,4,distracted,72,61,255,0,36,83,0,146,78,0
capture_01_ring_buffer.btsnoop,2861.049626,4,distracted,72,61,255,0,36,83,0,146,78,0
capture_01_ring_buffer.btsnoop,2861.355867,4,distracted,72,61,255,0,36,83,0,146,78,0
capture_01_ring_buffer.btsnoop,2861.793524,4,distracted,46,61,255,0,36,83,0,146,78,0
capture_01_ring_buffer.btsnoop,2862.406007,4,distracted,46,61,255,0,36,83,0,146,78,0
capture_01_ring_buffer.btsnoop,2862.712056,4,distracted,46,61,255,0,36,83,0,146,78,0
capture_01_ring_buffer.btsnoop,2863.062142,4,distracted,47,61,255,0,36,83,0,146,78,0
capture_01_ring_buffer.btsnoop,2863.368662,4,distracted,47,61,255,0,36,83,0,146,78,0
capture_01_ring_buffer.btsnoop,2863.806165,4,distracted,47,61,255,0,36,83,0,146,78,0
capture_01_ring_buffer.btsnoop,2864.418491,4,distracted,47,47,255,0,36,83,0,146,78,0
capture_01_ring_buffer.btsnoop,2864.768603,4,distracted,47,47,255,0,36,83,0,146,78,0
capture_01_ring_buffer.btsnoop,2865.074772,4,distracted,48,48,255,0,36,83,0,146,78,0
capture_01_ring_buffer.btsnoop,2865.424602,4,distracted,48,48,255,0,36,83,0,146,78,0
capture_01_ring_buffer.btsnoop,2865.73103,4,distracted,49,49,255,0,36,83,0,146,78,0
capture_01_ring_buffer.btsnoop,2866.081167,4,distracted,49,49,255,0,36,83,0,146,78,0
capture_01_ring_buffer.btsnoop,2866.430966,4,distracted,49,49,255,0,36,83,0,146,78,0
capture_01_ring_buffer.btsnoop,2866.824707,4,distracted,49,49,255,0,36,83,0,146,78,0
capture_01_ring_buffer.btsnoop,2867.481062,4,distracted,49,49,255,0,36,83,0,146,78,0
capture_01_ring_buffer.btsnoop,2867.787204,4,distracted,49,49,255,0,36,83,0,146,78,0
capture_01_ring_buffer.btsnoop,2868.137186,4,distracted,49,49,255,0,36,83,0,146,78,0
capture_01_ring_buffer.btsnoop,2868.443367,4,distracted,49,49,255,0,36,83,0,146,78,0
capture_01_ring_buffer.btsnoop,2868.881001,4,distracted,48,48,255,0,36,83,0,146,78,0
capture_01_ring_buffer.btsnoop,2869.449636,4,distracted,49,49,255,0,36,83,0,146,78,0
capture_01_ring_buffer.btsnoop,2869.799677,4,distracted,49,49,255,0,36,83,0,146,78,0
capture_01_ring_buffer.btsnoop,2870.149758,4,distracted,49,49,255,0,36,83,0,146,78,0
capture_01_ring_buffer.btsnoop,2870.455908,4,distracted,49,49,255,0,36,83,0,146,78,0
capture_01_ring_buffer.btsnoop,2870.849851,4,distracted,42,49,255,0,36,83,0,146,78,0
capture_01_ring_buffer.btsnoop,2871.1558,4,distracted,42,49,255,0,36,83,0,146,78,0
capture_01_ring_buffer.btsnoop,2871.462183,4,distracted,41,49,255,0,36,83,0,146,78,0
capture_01_ring_buffer.btsnoop,2871.855852,4,distracted,41,49,255,0,36,83,0,146,78,0
capture_01_ring_buffer.btsnoop,2872.162405,4,distracted,40,49,255,0,36,83,0,146,78,0
capture_01_ring_buffer.btsnoop,2872.468408,4,distracted,40,49,255,0,36,83,0,146,78,0
capture_01_ring_buffer.btsnoop,2872.862276,4,distracted,40,39,255,0,36,83,0,146,78,0
capture_01_ring_buffer.btsnoop,2873.212139,4,distracted,40,38,255,0,36,83,0,146,78,0
capture_01_ring_buffer.btsnoop,2873.649479,4,distracted,40,38,255,0,36,83,0,146,78,0
capture_01_ring_buffer.btsnoop,2874.174829,4,distracted,40,38,255,0,36,83,0,146,78,0
capture_01_ring_buffer.btsnoop,2874.568644,4,distracted,40,39,255,0,36,83,0,146,78,0
capture_01_ring_buffer.btsnoop,2875.268312,4,distracted,40,39,255,0,36,83,0,146,78,0
capture_01_ring_buffer.btsnoop,2875.968497,4,distracted,40,39,255,0,36,83,0,146,78,0
capture_01_ring_buffer.btsnoop,2876.537297,4,distracted,40,40,255,0,36,83,0,146,78,0
capture_01_ring_buffer.btsnoop,2876.887278,4,distracted,40,39,255,0,36,83,0,146,78,0
capture_01_ring_buffer.btsnoop,2877.193535,4,distracted,40,39,255,0,36,83,0,146,78,0
capture_01_ring_buffer.btsnoop,2877.543522,4,distracted,40,39,255,0,36,83,0,146,78,0
capture_01_ring_buffer.btsnoop,2877.893559,4,distracted,40,39,255,0,36,83,0,146,78,0
capture_01_ring_buffer.btsnoop,2878.199654,4,distracted,40,38,255,0,36,83,0,146,78,0
capture_01_ring_buffer.btsnoop,2878.724519,4,distracted,40,39,255,0,36,83,0,146,78,0
capture_01_ring_buffer.btsnoop,2879.337321,4,distracted,40,39,255,0,36,83,0,146,78,0
capture_01_ring_buffer.btsnoop,2879.906043,4,distracted,40,38,255,0,36,83,0,146,78,0
capture_01_ring_buffer.btsnoop,2880.256534,4,distracted,40,37,255,0,36,83,0,146,78,0
capture_01_ring_buffer.btsnoop,2880.693451,4,distracted,40,37,255,0,36,83,0,146,78,0
capture_01_ring_buffer.btsnoop,2881.350036,4,distracted,40,40,255,0,36,83,0,146,78,0
capture_01_ring_buffer.btsnoop,2881.962846,4,distracted,40,39,255,0,36,83,0,146,78,0
capture_01_ring_buffer.btsnoop,2882.312359,4,distracted,40,39,255,0,36,83,0,146,78,0
capture_01_ring_buffer.btsnoop,2882.662357,4,distracted,40,39,255,0,36,83,0,146,78,0
capture_01_ring_buffer.btsnoop,2883.362293,4,distracted,53,53,236,0,36,83,0,146,78,0
capture_01_ring_buffer.btsnoop,2884.018657,4,distracted,54,54,236,0,36,83,0,146,78,0
capture_01_ring_buffer.btsnoop,2884.718422,4,distracted,55,55,236,0,36,83,0,146,78,0
capture_01_ring_buffer.btsnoop,2885.287429,4,distracted,55,55,236,0,36,83,0,146,78,0
capture_01_ring_buffer.btsnoop,2885.637505,4,distracted,55,55,236,0,36,83,0,146,78,0
capture_01_ring_buffer.btsnoop,2886.075464,4,distracted,55,55,236,0,36,83,0,146,78,0
capture_01_ring_buffer.btsnoop,2886.68733,4,distracted,55,55,236,0,36,83,0,146,78,0
capture_01_ring_buffer.btsnoop,2887.12472,4,distracted,55,54,224,0,36,83,0,146,78,0
capture_01_ring_buffer.btsnoop,2887.825044,4,distracted,55,53,224,0,36,83,0,146,78,0
capture_01_ring_buffer.btsnoop,2888.437231,4,distracted,55,53,224,0,36,83,0,146,78,0
capture_01_ring_buffer.btsnoop,2889.093505,4,distracted,55,52,224,0,36,83,0,146,78,0
capture_01_ring_buffer.btsnoop,2889.70643,4,distracted,55,51,224,0,36,83,0,146,78,0
capture_01_ring_buffer.btsnoop,2890.099872,4,distracted,55,44,210,0,36,83,0,146,78,0
capture_01_ring_buffer.btsnoop,2890.75621,4,distracted,55,44,210,0,36,83,0,146,78,0
capture_01_ring_buffer.btsnoop,2891.368712,4,distracted,44,44,241,0,36,83,0,146,78,0
capture_01_ring_buffer.btsnoop,2891.718753,4,distracted,44,44,241,0,36,83,0,146,78,0
capture_01_ring_buffer.btsnoop,2892.112367,4,distracted,55,54,194,0,36,83,0,146,78,0
capture_01_ring_buffer.btsnoop,2892.724821,4,distracted,55,54,194,0,36,83,0,146,78,0
capture_01_ring_buffer.btsnoop,2893.425027,4,distracted,56,55,194,0,36,83,0,146,78,0
capture_01_ring_buffer.btsnoop,2893.818658,4,distracted,56,55,194,0,36,83,0,146,78,0
capture_01_ring_buffer.btsnoop,2894.562412,4,distracted,57,56,194,0,36,83,0,146,78,0
capture_01_ring_buffer.btsnoop,2895.174709,4,distracted,45,56,251,0,36,83,0,146,78,0
capture_01_ring_buffer.btsnoop,2895.787496,4,distracted,45,56,251,0,36,83,0,146,78,0
capture_01_ring_buffer.btsnoop,2896.224815,4,distracted,19,56,255,0,36,83,0,146,78,0
capture_01_ring_buffer.btsnoop,2896.749843,4,distracted,19,56,255,0,36,83,0,146,78,0
capture_01_ring_buffer.btsnoop,2897.100006,4,distracted,26,56,245,0,36,83,0,146,78,0
capture_01_ring_buffer.btsnoop,2897.49377,4,distracted,26,56,245,0,36,83,0,146,78,0
capture_01_ring_buffer.btsnoop,2898.193678,4,distracted,26,56,245,0,36,83,0,146,78,0
capture_01_ring_buffer.btsnoop,2898.80647,4,distracted,26,24,245,0,36,83,0,146,78,0
capture_01_ring_buffer.btsnoop,2899.244033,4,distracted,26,24,245,0,36,83,0,146,78,0
capture_01_ring_buffer.btsnoop,2900.206107,7,stressed,26,25,245,0,34,91,0,146,74,0
capture_01_ring_buffer.btsnoop,2900.993801,7,stressed,34,34,214,0,34,91,0,146,74,0
capture_01_ring_buffer.btsnoop,2901.474924,7,stressed,34,33,214,0,34,91,0,146,74,0
capture_01_ring_buffer.btsnoop,2901.825094,7,stressed,34,33,214,0,34,91,0,146,74,0
capture_01_ring_buffer.btsnoop,2902.218706,7,stressed,34,34,214,0,34,91,0,146,74,0
capture_01_ring_buffer.btsnoop,2902.831298,7,stressed,34,34,214,0,34,91,0,146,74,0
capture_01_ring_buffer.btsnoop,2903.312408,7,stressed,34,34,215,0,34,91,0,146,74,0
capture_01_ring_buffer.btsnoop,2903.837565,7,stressed,34,34,215,0,34,91,0,146,74,0
capture_01_ring_buffer.btsnoop,2904.275048,7,stressed,41,41,245,0,34,91,0,146,74,0
capture_01_ring_buffer.btsnoop,2904.88742,7,stressed,41,41,245,0,34,91,0,146,74,0
capture_01_ring_buffer.btsnoop,2905.237426,7,stressed,48,48,226,0,34,91,0,146,74,0
capture_01_ring_buffer.btsnoop,2905.543887,7,stressed,48,48,226,0,34,91,0,146,74,0
capture_01_ring_buffer.btsnoop,2905.849909,7,stressed,48,48,226,0,34,91,0,146,74,0
capture_01_ring_buffer.btsnoop,2906.244874,7,stressed,48,48,226,0,34,91,0,146,74,0
capture_01_ring_buffer.btsnoop,2906.550078,7,stressed,48,48,226,0,34,91,0,146,74,0
capture_01_ring_buffer.btsnoop,2906.899916,7,stressed,48,48,226,0,34,91,0,146,74,0
capture_01_ring_buffer.btsnoop,2907.24993,7,stressed,48,48,226,0,34,91,0,146,74,0
capture_01_ring_buffer.btsnoop,2907.556149,7,stressed,48,48,226,0,34,91,0,146,74,0
capture_01_ring_buffer.btsnoop,2907.906153,7,stressed,46,48,226,0,34,91,0,146,74,0
capture_01_ring_buffer.btsnoop,2908.300008,7,stressed,45,48,226,0,34,91,0,146,74,0
capture_01_ring_buffer.btsnoop,2908.912551,7,stressed,44,48,226,0,34,91,0,146,74,0
capture_01_ring_buffer.btsnoop,2909.30621,7,stressed,44,48,226,0,34,91,0,146,74,0
capture_01_ring_buffer.btsnoop,2909.918961,7,stressed,45,48,226,0,34,91,0,146,74,0
capture_01_ring_buffer.btsnoop,2910.35627,7,stressed,49,49,250,0,34,91,0,146,74,0
capture_01_ring_buffer.btsnoop,2910.924972,7,stressed,50,50,250,0,34,91,0,146,74,0
capture_01_ring_buffer.btsnoop,2911.318731,7,stressed,51,51,250,0,34,91,0,146,74,0
capture_01_ring_buffer.btsnoop,2911.931229,7,stressed,51,50,250,0,34,91,0,146,74,0
capture_01_ring_buffer.btsnoop,2912.281553,7,stressed,51,49,250,0,34,91,0,146,74,0
capture_01_ring_buffer.btsnoop,2912.631463,7,stressed,51,49,250,0,34,91,0,146,74,0
capture_01_ring_buffer.btsnoop,2912.981201,7,stressed,51,48,250,0,34,91,0,146,74,0
capture_01_ring_buffer.btsnoop,2913.33123,7,stressed,48,48,240,0,34,91,0,146,74,0
capture_01_ring_buffer.btsnoop,2913.637682,7,stressed,48,48,240,0,34,91,0,146,74,0
capture_01_ring_buffer.btsnoop,2913.943932,7,stressed,48,48,240,0,34,91,0,146,74,0
capture_01_ring_buffer.btsnoop,2914.337537,7,stressed,49,49,216,0,34,91,0,146,74,0
capture_01_ring_buffer.btsnoop,2914.687451,7,stressed,50,50,216,0,34,91,0,146,74,0
capture_01_ring_buffer.btsnoop,2915.387865,7,stressed,51,51,216,0,34,91,0,146,74,0
capture_01_ring_buffer.btsnoop,2915.999967,7,stressed,51,51,216,0,34,91,0,146,74,0
capture_01_ring_buffer.btsnoop,2916.393738,7,stressed,51,51,216,0,34,91,0,146,74,0
capture_01_ring_buffer.btsnoop,2917.006212,7,stressed,52,52,216,0,34,91,0,146,74,0
capture_01_ring_buffer.btsnoop,2917.400159,7,stressed,55,55,207,0,34,91,0,146,74,0
capture_01_ring_buffer.btsnoop,2918.012483,7,stressed,53,55,207,0,34,91,0,146,74,0
capture_01_ring_buffer.btsnoop,2918.362713,7,stressed,52,55,207,0,34,91,0,146,74,0
capture_01_ring_buffer.btsnoop,2918.668712,7,stressed,52,55,207,0,34,91,0,146,74,0
capture_01_ring_buffer.btsnoop,2919.018899,7,stressed,53,55,207,0,34,91,0,146,74,0
capture_01_ring_buffer.btsnoop,2919.412663,7,stressed,44,55,224,0,34,91,0,146,74,0
capture_01_ring_buffer.btsnoop,2920.02505,7,stressed,45,55,224,0,34,91,0,146,74,0
capture_01_ring_buffer.btsnoop,2920.37511,7,stressed,46,55,224,0,34,91,0,146,74,0
capture_01_ring_buffer.btsnoop,2920.681307,7,stressed,46,55,224,0,34,91,0,146,74,0
capture_01_ring_buffer.btsnoop,2921.031573,7,stressed,45,55,224,0,34,91,0,146,74,0
capture_01_ring_buffer.btsnoop,2921.381768,7,stressed,45,55,224,0,34,91,0,146,74,0
capture_01_ring_buffer.btsnoop,2921.731245,7,stressed,45,45,224,0,34,91,0,146,74,0
capture_01_ring_buffer.btsnoop,2922.037478,7,stressed,46,46,224,0,34,91,0,146,74,0
capture_01_ring_buffer.btsnoop,2922.431249,7,stressed,40,46,228,0,34,91,0,146,74,0
capture_01_ring_buffer.btsnoop,2922.73762,7,stressed,40,46,228,0,34,91,0,146,74,0
capture_01_ring_buffer.btsnoop,2923.043829,7,stressed,40,46,228,0,34,91,0,146,74,0
capture_01_ring_buffer.btsnoop,2923.393752,7,stressed,40,46,228,0,34,91,0,146,74,0
capture_01_ring_buffer.btsnoop,2923.78755,7,stressed,40,46,228,0,34,91,0,146,74,0
capture_01_ring_buffer.btsnoop,2924.487621,7,stressed,46,46,223,0,34,91,0,146,74,0
capture_01_ring_buffer.btsnoop,2925.100292,7,stressed,46,46,223,0,34,91,0,146,74,0
capture_01_ring_buffer.btsnoop,2925.450131,7,stressed,46,46,223,0,34,91,0,146,74,0
capture_01_ring_buffer.btsnoop,2925.756429,7,stressed,46,46,223,0,34,91,0,146,74,0
capture_01_ring_buffer.btsnoop,2926.194113,7,stressed,46,46,223,0,34,91,0,146,74,0
capture_01_ring_buffer.btsnoop,2926.762762,7,stressed,46,46,223,0,34,91,0,146,74,0
capture_01_ring_buffer.btsnoop,2927.112521,7,stressed,46,46,223,0,34,91,0,146,74,0
capture_01_ring_buffer.btsnoop,2927.550075,7,stressed,41,46,225,0,34,91,0,146,74,0
capture_01_ring_buffer.btsnoop,2928.119023,7,stressed,42,46,225,0,34,91,0,146,74,0
capture_01_ring_buffer.btsnoop,2928.51275,7,stressed,42,46,225,0,34,91,0,146,74,0
capture_01_ring_buffer.btsnoop,2929.125319,7,stressed,42,46,225,0,34,91,0,146,74,0
capture_01_ring_buffer.btsnoop,2929.475311,7,stressed,42,46,225,0,34,91,0,146,74,0
capture_01_ring_buffer.btsnoop,2929.825102,7,stressed,42,46,225,0,34,91,0,146,74,0
capture_01_ring_buffer.btsnoop,2930.131381,7,stressed,42,46,225,0,34,91,0,146,74,0
capture_01_ring_buffer.btsnoop,2930.568974,7,stressed,67,69,243,0,34,91,0,146,74,0
capture_01_ring_buffer.btsnoop,2931.181382,7,stressed,67,69,243,0,34,91,0,146,74,0
capture_01_ring_buffer.btsnoop,2931.531374,7,stressed,67,67,234,0,34,91,0,146,74,0
capture_01_ring_buffer.btsnoop,2931.837856,7,stressed,67,66,234,0,34,91,0,146,74,0
capture_01_ring_buffer.btsnoop,2932.187609,7,stressed,67,65,234,0,34,91,0,146,74,0
capture_01_ring_buffer.btsnoop,2932.494249,7,stressed,67,64,234,0,34,91,0,146,74,0
capture_01_ring_buffer.btsnoop,2932.843911,7,stressed,67,64,234,0,34,91,0,146,74,0
capture_01_ring_buffer.btsnoop,2933.193902,7,stressed,67,64,234,0,34,91,0,146,74,0
capture_01_ring_buffer.btsnoop,2933.587645,7,stressed,67,64,234,0,34,91,0,146,74,0
capture_01_ring_buffer.btsnoop,2934.200073,7,stressed,67,64,234,0,34,91,0,146,74,0
capture_01_ring_buffer.btsnoop,2934.550148,7,stressed,67,64,234,0,34,91,0,146,74,0
capture_01_ring_buffer.btsnoop,2934.856379,7,stressed,67,64,234,0,34,91,0,146,74,0
capture_01_ring_buffer.btsnoop,2935.206419,7,stressed,67,64,234,0,34,91,0,146,74,0
capture_01_ring_buffer.btsnoop,2935.600281,7,stressed,67,65,234,0,34,91,0,146,74,0
capture_01_ring_buffer.btsnoop,2936.213225,7,stressed,67,66,234,0,34,91,0,146,74,0
capture_01_ring_buffer.btsnoop,2936.563051,7,stressed,67,66,234,0,34,91,0,146,74,0
capture_01_ring_buffer.btsnoop,2936.868928,7,stressed,67,65,234,0,34,91,0,146,74,0
capture_01_ring_buffer.btsnoop,2937.219049,7,stressed,67,66,234,0,34,91,0,146,74,0
capture_01_ring_buffer.btsnoop,2937.612655,7,stressed,67,66,234,0,34,91,0,146,74,0
capture_01_ring_buffer.btsnoop,2938.269029,7,stressed,67,65,234,0,34,91,0,146,74,0
capture_01_ring_buffer.btsnoop,2938.575228,7,stressed,67,64,234,0,34,91,0,146,74,0
capture_01_ring_buffer.btsnoop,2938.881422,7,stressed,67,64,234,0,34,91,0,146,74,0
capture_01_ring_buffer.btsnoop,2939.231536,7,stressed,67,65,234,0,34,91,0,146,74,0
capture_01_ring_buffer.btsnoop,2939.669085,7,stressed,63,65,217,0,34,91,0,146,74,0
capture_01_ring_buffer.btsnoop,2940.237718,7,stressed,63,66,217,0,34,91,0,146,74,0
capture_01_ring_buffer.btsnoop,2940.631543,7,stressed,64,66,217,0,34,91,0,146,74,0
capture_01_ring_buffer.btsnoop,2940.937745,7,stressed,64,66,217,0,34,91,0,146,74,0
capture_01_ring_buffer.btsnoop,2941.28781,7,stressed,64,67,217,0,34,91,0,146,74,0
capture_01_ring_buffer.btsnoop,2941.594302,7,stressed,64,67,217,0,34,91,0,146,74,0
capture_01_ring_buffer.btsnoop,2941.944071,7,stressed,64,67,217,0,34,91,0,146,74,0
capture_01_ring_buffer.btsnoop,2942.294094,7,stressed,65,67,217,0,34,91,0,146,74,0
capture_01_ring_buffer.btsnoop,2942.60114,7,stressed,65,67,217,0,34,91,0,146,74,0
capture_01_ring_buffer.btsnoop,2942.950281,7,stressed,65,68,217,0,34,91,0,146,74,0
capture_01_ring_buffer.btsnoop,2943.300347,7,stressed,65,68,217,0,34,91,0,146,74,0
capture_01_ring_buffer.btsnoop,2943.650423,7,stressed,65,68,217,0,34,91,0,146,74,0
capture_01_ring_buffer.btsnoop,2943.956489,7,stressed,65,68,217,0,34,91,0,146,74,0
capture_01_ring_buffer.btsnoop,2944.306529,7,stressed,65,68,217,0,34,91,0,146,74,0
capture_01_ring_buffer.btsnoop,2944.656535,7,stressed,65,68,217,0,34,91,0,146,74,0
capture_01_ring_buffer.btsnoop,2944.963327,7,stressed,65,68,217,0,34,91,0,146,74,0
capture_01_ring_buffer.btsnoop,2945.356888,7,stressed,65,68,217,0,34,91,0,146,74,0
capture_01_ring_buffer.btsnoop,2945.750252,7,stressed,66,69,217,0,34,91,0,146,74,0
capture_01_ring_buffer.btsnoop,2946.319106,7,stressed,66,70,217,0,34,91,0,146,74,0
capture_01_ring_buffer.btsnoop,2946.800258,7,stressed,61,63,238,0,34,91,0,146,74,0
capture_01_ring_buffer.btsnoop,2947.325509,7,stressed,60,62,238,0,34,91,0,146,74,0
capture_01_ring_buffer.btsnoop,2947.675914,7,stressed,60,61,238,0,34,91,0,146,74,0
capture_01_ring_buffer.btsnoop,2948.025329,7,stressed,59,61,238,0,34,91,0,146,74,0
capture_01_ring_buffer.btsnoop,2948.331535,7,stressed,59,61,238,0,34,91,0,146,74,0
capture_01_ring_buffer.btsnoop,2948.725371,7,stressed,59,60,238,0,34,91,0,146,74,0
capture_01_ring_buffer.btsnoop,2949.031703,7,stressed,59,60,238,0,34,91,0,146,74,0
capture_01_ring_buffer.btsnoop,2949.425352,7,stressed,59,61,238,0,34,91,0,146,74,0
capture_01_ring_buffer.btsnoop,2950.037723,7,stressed,60,61,238,0,34,91,0,146,74,0
capture_01_ring_buffer.btsnoop,2950.387843,7,stressed,60,62,238,0,34,91,0,146,74,0
capture_01_ring_buffer.btsnoop,2950.781711,7,stressed,60,61,238,0,34,91,0,146,74,0
capture_01_ring_buffer.btsnoop,2951.350427,7,stressed,59,61,238,0,34,91,0,146,74,0
capture_01_ring_buffer.btsnoop,2951.743949,7,stressed,60,61,221,0,34,91,0,146,74,0
capture_01_ring_buffer.btsnoop,2952.050248,7,stressed,60,62,221,0,34,91,0,146,74,0
capture_01_ring_buffer.btsnoop,2952.400286,7,stressed,60,62,221,0,34,91,0,146,74,0
capture_01_ring_buffer.btsnoop,2952.750804,7,stressed,59,62,221,0,34,91,0,146,74,0
capture_01_ring_buffer.btsnoop,2953.056768,7,stressed,59,62,221,0,34,91,0,146,74,0
capture_01_ring_buffer.btsnoop,2953.406615,7,stressed,60,62,221,0,34,91,0,146,74,0
capture_01_ring_buffer.btsnoop,2953.756874,7,stressed,60,62,221,0,34,91,0,146,74,0
capture_01_ring_buffer.btsnoop,2954.062804,7,stressed,60,62,221,0,34,91,0,146,74,0
capture_01_ring_buffer.btsnoop,2954.413128,7,stressed,60,62,221,0,34,91,0,146,74,0
capture_01_ring_buffer.btsnoop,2954.806749,7,stressed,60,62,251,0,34,91,0,146,74,0
capture_01_ring_buffer.btsnoop,2955.419091,7,stressed,58,62,251,0,34,91,0,146,74,0
capture_01_ring_buffer.btsnoop,2955.812976,7,stressed,58,62,251,0,34,91,0,146,74,0
capture_01_ring_buffer.btsnoop,2956.425598,7,stressed,57,62,251,0,34,91,0,146,74,0
capture_01_ring_buffer.btsnoop,2956.77565,7,stressed,57,62,251,0,34,91,0,146,74,0
capture_01_ring_buffer.btsnoop,2957.081632,7,stressed,57,62,251,0,34,91,0,146,74,0
capture_01_ring_buffer.btsnoop,2957.47542,7,stressed,56,62,251,0,34,91,0,146,74,0
capture_01_ring_buffer.btsnoop,2957.825844,7,stressed,26,62,255,0,34,91,0,146,74,0
capture_01_ring_buffer.btsnoop,2958.131723,7,stressed,26,62,255,0,34,91,0,146,74,0
capture_01_ring_buffer.btsnoop,2958.437945,7,stressed,27,62,255,0,34,91,0,146,74,0
capture_01_ring_buffer.btsnoop,2958.833186,7,stressed,28,62,245,0,34,91,0,146,74,0
capture_01_ring_buffer.btsnoop,2959.137845,7,stressed,28,62,245,0,34,91,0,146,74,0
capture_01_ring_buffer.btsnoop,2959.444384,7,stressed,29,62,245,0,34,91,0,146,74,0
capture_01_ring_buffer.btsnoop,2959.969202,7,stressed,29,62,245,0,34,91,0,146,74,0
capture_01_ring_buffer.btsnoop,2960.450711,7,stressed,29,62,245,0,33,89,0,146,75,0
capture_01_ring_buffer.btsnoop,2960.800398,7,stressed,29,62,245,0,33,89,0,146,75,0
capture_01_ring_buffer.btsnoop,2961.150459,7,stressed,29,62,245,0,33,89,0,146,75,0
capture_01_ring_buffer.btsnoop,2961.50036,7,stressed,29,62,245,0,33,89,0,146,75,0
capture_01_ring_buffer.btsnoop,2961.894483,7,stressed,29,62,236,0,33,89,0,146,75,0
capture_01_ring_buffer.btsnoop,2962.506654,7,stressed,29,62,236,0,33,89,0,146,75,0
capture_01_ring_buffer.btsnoop,2962.856641,7,stressed,29,62,236,0,33,89,0,146,75,0
capture_01_ring_buffer.btsnoop,2963.163033,7,stressed,29,62,236,0,33,89,0,146,75,0
capture_01_ring_buffer.btsnoop,2963.512982,7,stressed,29,62,236,0,33,89,0,146,75,0
capture_01_ring_buffer.btsnoop,2963.906875,7,stressed,29,62,202,0,33,89,0,146,75,0
capture_01_ring_buffer.btsnoop,2964.519147,7,stressed,29,62,202,0,33,89,0,146,75,0
capture_01_ring_buffer.btsnoop,2964.869174,7,stressed,29,62,202,0,33,89,0,146,75,0
capture_01_ring_buffer.btsnoop,2965.175381,7,stressed,29,62,202,0,33,89,0,146,75,0
capture_01_ring_buffer.btsnoop,2965.525532,7,stressed,29,62,202,0,33,89,0,146,75,0
capture_01_ring_buffer.btsnoop,2965.919359,7,stressed,29,16,231,0,33,89,0,146,75,0
capture_01_ring_buffer.btsnoop,2966.531658,7,stressed,29,17,231,0,33,89,0,146,75,0
capture_01_ring_buffer.btsnoop,2966.881663,7,stressed,29,17,231,0,33,89,0,146,75,0
capture_01_ring_buffer.btsnoop,2967.231803,7,stressed,29,17,231,0,33,89,0,146,75,0
capture_01_ring_buffer.btsnoop,2967.538134,7,stressed,29,18,231,0,33,89,0,146,75,0
capture_01_ring_buffer.btsnoop,2967.931803,7,stressed,29,18,255,0,33,89,0,146,75,0
capture_01_ring_buffer.btsnoop,2968.237923,7,stressed,29,18,255,0,33,89,0,146,75,0
capture_01_ring_buffer.btsnoop,2968.587722,7,stressed,29,18,255,0,33,89,0,146,75,0
capture_01_ring_buffer.btsnoop,2968.937862,7,stressed,29,18,255,0,33,89,0,146,75,0
capture_01_ring_buffer.btsnoop,2969.244253,7,stressed,29,18,255,0,33,89,0,146,75,0
capture_01_ring_buffer.btsnoop,2969.594236,7,stressed,29,18,255,0,33,89,0,146,75,0
capture_01_ring_buffer.btsnoop,2969.944253,7,stressed,29,18,255,0,33,89,0,146,75,0
capture_01_ring_buffer.btsnoop,2970.294227,7,stressed,29,18,255,0,33,89,0,146,75,0
capture_01_ring_buffer.btsnoop,2970.556755,7,stressed,29,18,255,0,33,89,0,146,75,0
capture_01_ring_buffer.btsnoop,2970.95092,7,stressed,29,18,255,0,33,89,0,146,75,0
capture_01_ring_buffer.btsnoop,2971.256976,7,stressed,29,18,255,0,33,89,0,146,75,0
capture_01_ring_buffer.btsnoop,2971.606933,7,stressed,29,18,255,0,33,89,0,146,75,0
capture_01_ring_buffer.btsnoop,2972.000481,7,stressed,29,18,255,0,33,89,0,146,75,0
capture_01_ring_buffer.btsnoop,2972.613958,7,stressed,29,18,255,0,33,89,0,146,75,0
capture_01_ring_buffer.btsnoop,2973.0068,7,stressed,29,18,255,0,33,89,0,146,75,0
capture_01_ring_buffer.btsnoop,2973.619228,7,stressed,29,18,255,0,33,89,0,146,75,0
capture_01_ring_buffer.btsnoop,2973.969307,7,stressed,29,18,255,0,33,89,0,146,75,0
capture_01_ring_buffer.btsnoop,2974.27556,7,stressed,29,18,255,0,33,89,0,146,75,0
capture_01_ring_buffer.btsnoop,2974.625497,7,stressed,29,18,255,0,33,89,0,146,75,0
capture_01_ring_buffer.btsnoop,2975.019486,7,stressed,29,19,255,0,33,89,0,146,75,0
capture_01_ring_buffer.btsnoop,2975.631837,7,stressed,29,19,255,0,33,89,0,146,75,0
capture_01_ring_buffer.btsnoop,2976.025548,7,stressed,29,19,255,0,33,89,0,146,75,0
capture_01_ring_buffer.btsnoop,2976.331838,7,stressed,29,19,255,0,33,89,0,146,75,0
capture_01_ring_buffer.btsnoop,2976.638022,7,stressed,29,19,255,0,33,89,0,146,75,0
capture_01_ring_buffer.btsnoop,2977.031845,7,stressed,29,19,241,0,33,89,0,146,75,0
capture_01_ring_buffer.btsnoop,2977.338113,7,stressed,29,19,241,0,33,89,0,146,75,0
capture_01_ring_buffer.btsnoop,2977.644251,7,stressed,29,19,241,0,33,89,0,146,75,0
capture_01_ring_buffer.btsnoop,2978.037962,7,stressed,29,19,241,0,33,89,0,146,75,0
capture_01_ring_buffer.btsnoop,2978.38803,7,stressed,29,19,241,0,33,89,0,146,75,0
capture_01_ring_buffer.btsnoop,2979.00066,7,stressed,29,19,241,0,33,89,0,146,75,0
capture_01_ring_buffer.btsnoop,2979.35052,7,stressed,29,19,241,0,33,89,0,146,75,0
capture_01_ring_buffer.btsnoop,2979.700603,7,stressed,29,19,241,0,33,89,0,146,75,0
capture_01_ring_buffer.btsnoop,2980.006887,7,stressed,29,19,241,0,33,89,0,146,75,0
capture_01_ring_buffer.btsnoop,2980.357059,7,stressed,29,19,241,0,33,89,0,146,75,0
capture_01_ring_buffer.btsnoop,2980.707031,7,stressed,29,19,241,0,33,89,0,146,75,0
capture_01_ring_buffer.btsnoop,2981.013475,7,stressed,29,19,241,0,33,89,0,146,75,0
capture_01_ring_buffer.btsnoop,2981.363131,7,stressed,29,19,241,0,33,89,0,146,75,0
capture_01_ring_buffer.btsnoop,2981.713105,7,stressed,29,19,241,0,33,89,0,146,75,0
capture_01_ring_buffer.btsnoop,2982.106829,7,stressed,29,20,241,0,33,89,0,146,75,0
capture_01_ring_buffer.btsnoop,2982.719592,7,stressed,29,20,241,0,33,89,0,146,75,0
capture_01_ring_buffer.btsnoop,2983.069432,7,stressed,29,20,241,0,33,89,0,146,75,0
capture_01_ring_buffer.btsnoop,2983.375913,7,stressed,29,20,241,0,33,89,0,146,75,0
capture_01_ring_buffer.btsnoop,2983.725606,7,stressed,29,20,241,0,33,89,0,146,75,0
capture_01_ring_buffer.btsnoop,2984.163295,7,stressed,39,39,164,0,33,89,0,146,75,0
capture_01_ring_buffer.btsnoop,2984.732041,7,stressed,40,40,164,0,33,89,0,146,75,0
capture_01_ring_buffer.btsnoop,2985.081987,7,stressed,40,40,164,0,33,89,0,146,75,0
capture_01_ring_buffer.btsnoop,2985.388097,7,stressed,40,40,164,0,33,89,0,146,75,0
capture_01_ring_buffer.btsnoop,2985.738124,7,stressed,40,40,164,0,33,89,0,146,75,0
capture_01_ring_buffer.btsnoop,2986.132009,7,stressed,40,35,144,0,33,89,0,146,75,0
capture_01_ring_buffer.btsnoop,2986.394647,7,stressed,40,36,144,0,33,89,0,146,75,0
capture_01_ring_buffer.btsnoop,2986.744579,7,stressed,40,35,144,0,33,89,0,146,75,0
capture_01_ring_buffer.btsnoop,2987.094455,7,stressed,40,34,144,0,33,89,0,146,75,0
capture_01_ring_buffer.btsnoop,2987.488671,7,stressed,40,34,144,0,33,89,0,146,75,0
capture_01_ring_buffer.btsnoop,2987.794833,7,stressed,40,34,144,0,33,89,0,146,75,0
capture_01_ring_buffer.btsnoop,2988.188164,7,stressed,40,34,148,0,33,89,0,146,75,0
capture_01_ring_buffer.btsnoop,2988.844528,7,stressed,40,34,148,0,33,89,0,146,75,0
capture_01_ring_buffer.btsnoop,2989.194441,4,distracted,40,34,148,0,33,89,0,146,75,0
capture_01_ring_buffer.btsnoop,2989.807045,4,distracted,40,34,148,0,33,89,0,146,75,0
capture_01_ring_buffer.btsnoop,2990.157035,4,distracted,40,34,148,0,33,89,0,146,75,0
capture_01_ring_buffer.btsnoop,2990.463796,4,distracted,40,34,148,0,33,89,0,146,75,0
capture_01_ring_buffer.btsnoop,2990.8132,4,distracted,40,34,148,0,33,89,0,146,75,0
capture_01_ring_buffer.btsnoop,2991.163478,4,distracted,40,34,148,0,33,89,0,146,75,0
capture_01_ring_buffer.btsnoop,2991.469361,4,distracted,40,34,148,0,33,89,0,146,75,0
capture_01_ring_buffer.btsnoop,2991.819543,4,distracted,40,34,148,0,33,89,0,146,75,0
capture_01_ring_buffer.btsnoop,2992.169664,4,distracted,40,34,148,0,33,89,0,146,75,0
capture_01_ring_buffer.btsnoop,2992.475883,4,distracted,40,34,148,0,33,89,0,146,75,0
capture_01_ring_buffer.btsnoop,2992.825832,4,distracted,40,34,148,0,33,89,0,146,75,0
capture_01_ring_buffer.btsnoop,2993.175686,4,distracted,40,34,148,0,33,89,0,146,75,0
capture_01_ring_buffer.btsnoop,2993.569531,4,distracted,40,34,148,0,33,89,0,146,75,0
capture_01_ring_buffer.btsnoop,2994.225876,4,distracted,40,34,148,0,33,89,0,146,75,0
capture_01_ring_buffer.btsnoop,2994.53189,4,distracted,40,34,148,0,33,89,0,146,75,0
capture_01_ring_buffer.btsnoop,2994.838162,4,distracted,40,34,148,0,33,89,0,146,75,0
capture_01_ring_buffer.btsnoop,2995.18825,4,distracted,40,34,148,0,33,89,0,146,75,0
capture_01_ring_buffer.btsnoop,2995.581942,4,distracted,40,34,148,0,33,89,0,146,75,0
capture_01_ring_buffer.btsnoop,2995.888332,4,distracted,40,34,148,0,33,89,0,146,75,0
capture_01_ring_buffer.btsnoop,2996.238167,4,distracted,40,34,149,0,33,89,0,146,75,0
capture_01_ring_buffer.btsnoop,2996.544423,4,distracted,40,34,149,0,33,89,0,146,75,0
capture_01_ring_buffer.btsnoop,2997.025607,4,distracted,40,34,149,0,33,89,0,146,75,0
capture_01_ring_buffer.btsnoop,2997.551929,4,distracted,40,34,149,0,33,89,0,146,75,0
capture_01_ring_buffer.btsnoop,2997.90057,4,distracted,40,34,149,0,33,89,0,146,75,0
capture_01_ring_buffer.btsnoop,2998.29453,4,distracted,40,34,149,0,33,89,0,146,75,0
capture_01_ring_buffer.btsnoop,2998.906974,4,distracted,40,34,149,0,33,89,0,146,75,0
capture_01_ring_buffer.btsnoop,2999.300821,4,distracted,40,34,149,0,33,89,0,146,75,0
capture_01_ring_buffer.btsnoop,2999.913188,4,distracted,40,34,149,0,33,89,0,146,75,0
capture_01_ring_buffer.btsnoop,3000.307094,4,distracted,40,34,149,0,33,89,0,146,75,0
capture_01_ring_buffer.btsnoop,3000.569508,4,distracted,40,34,149,0,33,89,0,146,75,0
capture_01_ring_buffer.btsnoop,3000.919714,4,distracted,40,34,149,0,33,89,0,146,75,0
capture_01_ring_buffer.btsnoop,3001.269678,4,distracted,40,34,120,0,33,89,0,146,75,0
capture_01_ring_buffer.btsnoop,3001.575833,4,distracted,40,34,120,0,33,89,0,146,75,0
capture_01_ring_buffer.btsnoop,3001.925833,4,distracted,40,34,120,0,33,89,0,146,75,0
capture_01_ring_buffer.btsnoop,3002.31948,4,distracted,40,34,134,0,33,89,0,146,75,0
capture_01_ring_buffer.btsnoop,3002.626797,4,distracted,40,34,134,0,33,89,0,146,75,0
capture_01_ring_buffer.btsnoop,3002.9322,4,distracted,40,34,134,0,33,89,0,146,75,0
capture_01_ring_buffer.btsnoop,3003.32594,4,distracted,40,34,134,0,33,89,0,146,75,0
capture_01_ring_buffer.btsnoop,3003.632209,4,distracted,40,34,134,0,33,89,0,146,75,0
capture_01_ring_buffer.btsnoop,3003.938217,4,distracted,40,34,134,0,33,89,0,146,75,0
capture_01_ring_buffer.btsnoop,3004.288327,4,distracted,40,34,134,0,33,89,0,146,75,0
capture_01_ring_buffer.btsnoop,3004.63872,4,distracted,40,34,134,0,33,89,0,146,75,0
capture_01_ring_buffer.btsnoop,3004.944507,4,distracted,40,34,134,0,33,89,0,146,75,0
capture_01_ring_buffer.btsnoop,3005.338308,4,distracted,40,34,134,0,33,89,0,146,75,0
capture_01_ring_buffer.btsnoop,3005.64471,4,distracted,40,34,134,0,33,89,0,146,75,0
capture_01_ring_buffer.btsnoop,3005.994698,4,distracted,40,34,134,0,33,89,0,146,75,0
capture_01_ring_buffer.btsnoop,3006.388325,4,distracted,40,34,134,0,33,89,0,146,75,0
capture_01_ring_buffer.btsnoop,3007.000985,4,distracted,40,34,134,0,33,89,0,146,75,0
capture_01_ring_buffer.btsnoop,3007.35089,4,distracted,40,34,134,0,33,89,0,146,75,0
capture_01_ring_buffer.btsnoop,3007.657158,4,distracted,40,34,134,0,33,89,0,146,75,0
capture_01_ring_buffer.btsnoop,3008.006996,4,distracted,40,34,134,0,33,89,0,146,75,0
capture_01_ring_buffer.btsnoop,3008.357183,4,distracted,40,34,134,0,33,89,0,146,75,0
capture_01_ring_buffer.btsnoop,3008.663207,4,distracted,40,34,134,0,33,89,0,146,75,0
capture_01_ring_buffer.btsnoop,3009.013382,4,distracted,40,34,134,0,33,89,0,146,75,0
capture_01_ring_buffer.btsnoop,3009.407044,4,distracted,40,34,134,0,33,89,0,146,75,0
capture_01_ring_buffer.btsnoop,3009.669634,4,distracted,40,34,134,0,33,89,0,146,75,0
capture_01_ring_buffer.btsnoop,3010.019597,4,distracted,40,34,134,0,33,89,0,146,75,0
capture_01_ring_buffer.btsnoop,3010.369782,4,distracted,40,34,134,0,33,89,0,146,75,0
capture_01_ring_buffer.btsnoop,3010.675803,4,distracted,40,34,134,0,33,89,0,146,75,0
capture_01_ring_buffer.btsnoop,3011.02586,4,distracted,40,34,134,0,33,89,0,146,75,0
capture_01_ring_buffer.btsnoop,3011.419624,4,distracted,40,34,134,0,33,89,0,146,75,0
capture_01_ring_buffer.btsnoop,3011.68206,4,distracted,40,34,134,0,33,89,0,146,75,0
capture_01_ring_buffer.btsnoop,3012.032055,4,distracted,40,34,134,0,33,89,0,146,75,0
capture_01_ring_buffer.btsnoop,3012.425972,4,distracted,40,34,134,0,33,89,0,146,75,0
capture_01_ring_buffer.btsnoop,3012.732102,4,distracted,40,34,134,0,33,89,0,146,75,0
capture_01_ring_buffer.btsnoop,3013.038369,4,distracted,40,34,134,0,33,89,0,146,75,0
capture_01_ring_buffer.btsnoop,3013.432123,4,distracted,40,34,134,0,33,89,0,146,75,0
capture_01_ring_buffer.btsnoop,3013.738455,4,distracted,40,34,134,0,33,89,0,146,75,0
capture_01_ring_buffer.btsnoop,3014.044869,4,distracted,40,34,134,0,33,89,0,146,75,0
capture_01_ring_buffer.btsnoop,3014.482295,4,distracted,40,34,134,0,33,89,0,146,75,0
capture_01_ring_buffer.btsnoop,3015.181971,4,distracted,40,34,134,0,33,89,0,146,75,0
capture_01_ring_buffer.btsnoop,3015.838769,4,distracted,40,34,134,0,33,89,0,146,75,0
capture_01_ring_buffer.btsnoop,3016.451105,4,distracted,40,34,134,0,33,89,0,146,75,0
capture_01_ring_buffer.btsnoop,3016.800924,4,distracted,40,34,134,0,33,89,0,146,75,0
capture_01_ring_buffer.btsnoop,3017.107172,4,distracted,40,34,134,0,33,89,0,146,75,0
capture_01_ring_buffer.btsnoop,3017.500994,4,distracted,40,34,110,0,33,89,0,146,75,0
capture_01_ring_buffer.btsnoop,3018.113532,4,distracted,40,34,110,0,33,89,0,146,75,0
capture_01_ring_buffer.btsnoop,3018.5071,4,distracted,40,34,110,0,33,89,0,146,75,0
capture_01_ring_buffer.btsnoop,3018.769727,4,distracted,40,34,110,0,33,89,0,146,75,0
capture_01_ring_buffer.btsnoop,3019.163406,4,distracted,40,34,110,0,33,89,0,146,75,0
capture_01_ring_buffer.btsnoop,3019.513536,4,distracted,40,34,110,0,33,89,0,146,75,0
capture_01_ring_buffer.btsnoop,3019.776058,4,distracted,40,34,110,0,33,89,0,146,75,0
capture_01_ring_buffer.btsnoop,3020.169616,4,distracted,40,34,110,0,33,89,0,146,75,0
capture_01_ring_buffer.btsnoop,3020.519779,4,distracted,40,34,110,0,33,89,0,146,75,0
capture_01_ring_buffer.btsnoop,3020.825925,4,distracted,40,34,110,0,33,89,0,146,72,0
capture_01_ring_buffer.btsnoop,3021.132115,4,distracted,40,34,110,0,33,89,0,146,72,0
capture_01_ring_buffer.btsnoop,3021.482479,4,distracted,40,34,120,0,33,89,0,146,72,0
capture_01_ring_buffer.btsnoop,3021.832314,4,distracted,40,34,120,0,33,89,0,146,72,0
capture_01_ring_buffer.btsnoop,3022.138603,4,distracted,40,34,120,0,33,89,0,146,72,0
capture_01_ring_buffer.btsnoop,3022.533413,4,distracted,40,34,114,0,33,89,0,146,72,0
capture_01_ring_buffer.btsnoop,3022.838893,4,distracted,40,34,114,0,33,89,0,146,72,0
capture_01_ring_buffer.btsnoop,3023.145079,4,distracted,40,34,114,0,33,89,0,146,72,0
capture_01_ring_buffer.btsnoop,3023.538447,4,distracted,40,34,114,0,33,89,0,146,72,0
capture_01_ring_buffer.btsnoop,3023.844576,4,distracted,40,34,114,0,33,89,0,146,72,0
capture_01_ring_buffer.btsnoop,3024.194706,4,distracted,40,34,114,0,33,89,0,146,72,0
capture_01_ring_buffer.btsnoop,3024.500892,4,distracted,40,34,114,0,33,89,0,146,72,0
capture_01_ring_buffer.btsnoop,3024.850944,4,distracted,40,34,114,0,33,89,0,146,72,0
capture_01_ring_buffer.btsnoop,3025.201002,4,distracted,40,34,114,0,33,89,0,146,72,0
capture_01_ring_buffer.btsnoop,3025.551083,4,distracted,40,34,114,0,33,89,0,146,72,0
capture_01_ring_buffer.btsnoop,3025.900912,4,distracted,40,34,114,0,33,89,0,146,72,0
capture_01_ring_buffer.btsnoop,3026.207171,4,distracted,40,34,114,0,33,89,0,146,72,0
capture_01_ring_buffer.btsnoop,3026.557308,4,distracted,40,34,114,0,33,89,0,146,72,0
capture_01_ring_buffer.btsnoop,3026.863544,4,distracted,40,34,114,0,33,89,0,146,72,0
capture_01_ring_buffer.btsnoop,3027.257155,4,distracted,40,34,114,0,33,89,0,146,72,0
capture_01_ring_buffer.btsnoop,3027.607277,4,distracted,40,34,114,0,33,89,0,146,72,0
capture_01_ring_buffer.btsnoop,3027.869738,4,distracted,40,34,114,0,33,89,0,146,72,0
capture_01_ring_buffer.btsnoop,3028.219891,4,distracted,40,34,114,0,33,89,0,146,72,0
capture_01_ring_buffer.btsnoop,3028.61345,4,distracted,40,34,114,0,33,89,0,146,72,0
capture_01_ring_buffer.btsnoop,3028.876132,4,distracted,40,34,114,0,33,89,0,146,72,0
capture_01_ring_buffer.btsnoop,3029.226148,2,adapting,40,34,114,0,33,89,0,146,72,0
capture_01_ring_buffer.btsnoop,3029.619811,2,adapting,40,34,100,0,33,89,0,146,72,0
capture_01_ring_buffer.btsnoop,3029.882199,2,adapting,40,34,100,0,33,89,0,146,72,0
capture_01_ring_buffer.btsnoop,3030.232233,2,adapting,40,34,100,0,33,89,0,146,72,0
capture_01_ring_buffer.btsnoop,3030.58236,2,adapting,40,34,100,0,33,89,0,146,72,0
capture_01_ring_buffer.btsnoop,3030.888642,2,adapting,40,34,100,0,33,89,0,146,72,0
capture_01_ring_buffer.btsnoop,3031.282483,2,adapting,40,34,100,0,33,89,0,146,72,0
capture_01_ring_buffer.btsnoop,3031.632264,2,adapting,40,34,100,0,33,89,0,146,72,0
capture_01_ring_buffer.btsnoop,3031.93857,2,adapting,40,34,100,0,33,89,0,146,72,0
capture_01_ring_buffer.btsnoop,3032.244784,2,adapting,40,34,100,0,33,89,0,146,72,0
capture_01_ring_buffer.btsnoop,3032.595775,2,adapting,40,34,100,0,33,89,0,146,72,0
capture_01_ring_buffer.btsnoop,3032.944937,2,adapting,40,34,100,0,33,89,0,146,72,0
capture_01_ring_buffer.btsnoop,3033.25113,2,adapting,40,34,100,0,33,89,0,146,72,0
capture_01_ring_buffer.btsnoop,3033.644776,2,adapting,40,34,100,0,33,89,0,146,72,0
capture_01_ring_buffer.btsnoop,3033.951101,2,adapting,40,34,100,0,33,89,0,146,72,0
capture_01_ring_buffer.btsnoop,3034.257217,2,adapting,40,34,100,0,33,89,0,146,72,0
capture_01_ring_buffer.btsnoop,3034.694755,2,adapting,40,34,100,0,33,89,0,146,72,0
capture_01_ring_buffer.btsnoop,3035.35108,2,adapting,40,34,100,0,33,89,0,146,72,0
capture_01_ring_buffer.btsnoop,3035.65717,2,adapting,40,34,100,0,33,89,0,146,72,0
capture_01_ring_buffer.btsnoop,3035.963553,2,adapting,40,34,100,0,33,89,0,146,72,0
capture_01_ring_buffer.btsnoop,3036.313669,2,adapting,40,34,100,0,33,89,0,146,72,0
capture_01_ring_buffer.btsnoop,3036.663783,2,adapting,40,34,100,0,33,89,0,146,72,0
capture_01_ring_buffer.btsnoop,3036.969849,2,adapting,40,34,100,0,33,89,0,146,72,0
capture_01_ring_buffer.btsnoop,3037.319805,2,adapting,40,34,100,0,33,89,0,146,72,0
capture_01_ring_buffer.btsnoop,3037.66979,2,adapting,40,34,100,0,33,89,0,146,72,0
capture_01_ring_buffer.btsnoop,3037.976349,2,adapting,40,34,100,0,33,89,0,146,72,0
capture_01_ring_buffer.btsnoop,3038.326026,2,adapting,40,34,100,0,33,89,0,146,72,0
capture_01_ring_buffer.btsnoop,3038.719827,2,adapting,40,34,110,0,33,89,0,146,72,0
capture_01_ring_buffer.btsnoop,3038.982271,2,adapting,40,34,110,0,33,89,0,146,72,0
capture_01_ring_buffer.btsnoop,3039.376039,2,adapting,40,34,110,0,33,89,0,146,72,0
capture_01_ring_buffer.btsnoop,3039.726083,2,adapting,40,34,108,0,33,89,0,146,72,0
capture_01_ring_buffer.btsnoop,3040.076084,2,adapting,40,34,108,0,33,89,0,146,72,0
capture_01_ring_buffer.btsnoop,3040.338729,2,adapting,40,34,108,0,33,89,0,146,72,0
capture_01_ring_buffer.btsnoop,3040.732282,2,adapting,45,45,105,0,33,89,0,146,72,0
capture_01_ring_buffer.btsnoop,3041.038759,2,adapting,45,45,105,0,33,89,0,146,72,0
capture_01_ring_buffer.btsnoop,3041.388999,2,adapting,45,45,105,0,33,89,0,146,72,0
capture_01_ring_buffer.btsnoop,3041.738581,2,adapting,45,45,105,0,33,89,0,146,72,0
capture_01_ring_buffer.btsnoop,3042.044961,2,adapting,45,45,105,0,33,89,0,146,72,0
capture_01_ring_buffer.btsnoop,3042.351414,2,adapting,45,45,105,0,33,89,0,146,72,0
capture_01_ring_buffer.btsnoop,3042.788703,2,adapting,45,45,105,0,33,89,0,146,72,0
capture_01_ring_buffer.btsnoop,3043.360913,2,adapting,46,46,105,0,33,89,0,146,72,0
capture_01_ring_buffer.btsnoop,3043.751249,2,adapting,46,46,105,0,33,89,0,146,72,0
capture_01_ring_buffer.btsnoop,3044.101341,2,adapting,46,46,105,0,33,89,0,146,72,0
capture_01_ring_buffer.btsnoop,3044.407413,2,adapting,46,46,105,0,33,89,0,146,72,0
capture_01_ring_buffer.btsnoop,3044.757362,2,adapting,46,46,129,0,33,89,0,146,72,0
capture_01_ring_buffer.btsnoop,3045.063601,2,adapting,46,46,129,0,33,89,0,146,72,0
capture_01_ring_buffer.btsnoop,3045.457427,2,adapting,46,46,129,0,33,89,0,146,72,0
capture_01_ring_buffer.btsnoop,3045.807416,2,adapting,46,46,129,0,33,89,0,146,72,0
capture_01_ring_buffer.btsnoop,3046.070804,2,adapting,46,46,129,0,33,89,0,146,72,0
capture_01_ring_buffer.btsnoop,3046.419823,2,adapting,46,46,129,0,33,89,0,146,72,0
capture_01_ring_buffer.btsnoop,3046.769904,2,adapting,46,46,129,0,33,89,0,146,72,0
capture_01_ring_buffer.btsnoop,3047.076195,2,adapting,46,46,129,0,33,89,0,146,72,0
capture_01_ring_buffer.btsnoop,3047.426427,2,adapting,46,46,129,0,33,89,0,146,72,0
capture_01_ring_buffer.btsnoop,3047.820097,2,adapting,46,46,129,0,33,89,0,146,72,0
capture_01_ring_buffer.btsnoop,3048.126247,2,adapting,46,46,129,0,33,89,0,146,72,0
capture_01_ring_buffer.btsnoop,3048.432492,2,adapting,46,46,129,0,33,89,0,146,72,0
capture_01_ring_buffer.btsnoop,3048.82636,2,adapting,46,46,129,0,33,89,0,146,72,0
capture_01_ring_buffer.btsnoop,3049.088676,2,adapting,46,46,129,0,33,89,0,146,72,0
capture_01_ring_buffer.btsnoop,3049.438845,2,adapting,46,46,129,0,33,89,0,146,72,0
capture_01_ring_buffer.btsnoop,3049.832952,2,adapting,46,46,129,0,33,89,0,146,72,0
capture_01_ring_buffer.btsnoop,3050.138722,2,adapting,46,46,129,0,33,89,0,146,72,0
capture_01_ring_buffer.btsnoop,3050.444965,2,adapting,46,46,129,0,33,89,0,146,72,0
capture_01_ring_buffer.btsnoop,3050.79505,2,adapting,46,46,129,0,33,89,0,146,72,0
capture_01_ring_buffer.btsnoop,3051.145174,2,adapting,46,46,129,0,33,89,0,146,72,0
capture_01_ring_buffer.btsnoop,3051.451244,2,adapting,46,46,129,0,33,89,0,146,72,0
capture_01_ring_buffer.btsnoop,3051.888598,2,adapting,46,46,156,0,33,89,0,146,72,0
capture_01_ring_buffer.btsnoop,3052.501203,2,adapting,46,46,156,0,33,89,0,146,72,0
capture_01_ring_buffer.btsnoop,3052.851602,2,adapting,46,46,156,0,33,89,0,146,72,0
capture_01_ring_buffer.btsnoop,3053.157708,2,adapting,46,46,156,0,33,89,0,146,72,0
capture_01_ring_buffer.btsnoop,3053.507587,2,adapting,46,46,156,0,33,89,0,146,72,0
capture_01_ring_buffer.btsnoop,3053.944938,2,adapting,46,46,156,0,33,89,0,146,72,0
capture_01_ring_buffer.btsnoop,3054.513776,2,adapting,46,46,156,0,33,89,0,146,72,0
capture_01_ring_buffer.btsnoop,3054.951169,2,adapting,46,46,156,0,33,89,0,146,72,0
capture_01_ring_buffer.btsnoop,3055.520041,2,adapting,46,46,156,0,33,89,0,146,72,0
capture_01_ring_buffer.btsnoop,3055.870009,2,adapting,46,46,156,0,33,89,0,146,72,0
capture_01_ring_buffer.btsnoop,3056.176289,2,adapting,46,46,156,0,33,89,0,146,72,0
capture_01_ring_buffer.btsnoop,3056.526266,2,adapting,46,46,156,0,33,89,0,146,72,0
capture_01_ring_buffer.btsnoop,3056.920161,2,adapting,46,46,156,0,33,89,0,146,72,0
capture_01_ring_buffer.btsnoop,3057.182606,2,adapting,46,46,156,0,33,89,0,146,72,0
capture_01_ring_buffer.btsnoop,3057.532546,2,adapting,46,46,156,0,33,89,0,146,72,0
capture_01_ring_buffer.btsnoop,3057.882498,2,adapting,46,46,173,0,33,89,0,146,72,0
capture_01_ring_buffer.btsnoop,3058.232562,2,adapting,46,46,173,0,33,89,0,146,72,0
capture_01_ring_buffer.btsnoop,3058.538974,2,adapting,46,46,173,0,33,89,0,146,72,0
capture_01_ring_buffer.btsnoop,3058.888815,2,adapting,46,46,193,0,33,89,0,146,72,0
capture_01_ring_buffer.btsnoop,3059.238759,2,adapting,46,46,193,0,33,89,0,146,72,0
capture_01_ring_buffer.btsnoop,3059.545567,2,adapting,46,46,193,0,33,89,0,146,72,0
capture_01_ring_buffer.btsnoop,3059.982663,4,distracted,46,46,211,0,33,89,0,146,72,0
capture_01_ring_buffer.btsnoop,3060.639141,4,distracted,46,46,211,0,33,89,0,146,72,0
capture_01_ring_buffer.btsnoop,3060.945142,4,distracted,46,46,211,0,33,89,0,146,72,0
capture_01_ring_buffer.btsnoop,3061.251349,4,distracted,46,46,211,0,33,89,0,146,72,0
capture_01_ring_buffer.btsnoop,3061.60137,4,distracted,46,46,211,0,33,89,0,146,72,0
capture_01_ring_buffer.btsnoop,3061.951884,4,distracted,46,46,211,0,33,89,0,146,72,0
capture_01_ring_buffer.btsnoop,3062.257746,4,distracted,46,46,211,0,33,89,0,146,72,0
capture_01_ring_buffer.btsnoop,3062.607925,4,distracted,46,46,211,0,33,89,0,146,72,0
capture_01_ring_buffer.btsnoop,3062.957503,4,distracted,46,46,211,0,33,89,0,146,72,0
capture_01_ring_buffer.btsnoop,3063.263899,4,distracted,46,46,211,0,33,89,0,146,72,0
capture_01_ring_buffer.btsnoop,3063.613769,4,distracted,46,46,211,0,33,89,0,146,72,0
capture_01_ring_buffer.btsnoop,3064.007566,4,distracted,46,46,211,0,33,89,0,146,72,0
capture_01_ring_buffer.btsnoop,3064.313986,4,distracted,46,46,211,0,33,89,0,146,72,0
capture_01_ring_buffer.btsnoop,3064.620308,4,distracted,46,46,211,0,33,89,0,146,72,0
capture_01_ring_buffer.btsnoop,3064.970087,4,distracted,46,46,242,0,33,89,0,146,72,0
capture_01_ring_buffer.btsnoop,3065.320133,4,distracted,46,46,242,0,33,89,0,146,72,0
capture_01_ring_buffer.btsnoop,3065.626364,4,distracted,46,46,242,0,33,89,0,146,72,0
capture_01_ring_buffer.btsnoop,3066.020252,4,distracted,46,46,255,0,33,89,0,146,72,0
capture_01_ring_buffer.btsnoop,3066.326237,4,distracted,46,46,255,0,33,89,0,146,72,0
capture_01_ring_buffer.btsnoop,3066.676242,4,distracted,46,46,255,0,33,89,0,146,72,0
capture_01_ring_buffer.btsnoop,3067.070064,4,distracted,28,46,117,0,33,89,0,146,72,0
capture_01_ring_buffer.btsnoop,3067.682506,4,distracted,28,46,117,0,33,89,0,146,72,0
capture_01_ring_buffer.btsnoop,3068.032903,4,distracted,45,46,117,0,33,89,0,146,72,0
capture_01_ring_buffer.btsnoop,3068.339356,4,distracted,45,46,117,0,33,89,0,146,72,0
capture_01_ring_buffer.btsnoop,3068.68874,4,distracted,45,46,117,0,33,89,0,146,72,0
capture_01_ring_buffer.btsnoop,3069.038967,4,distracted,45,46,117,0,33,89,0,146,72,0
capture_01_ring_buffer.btsnoop,3069.388922,4,distracted,46,46,117,0,33,89,0,146,72,0
capture_01_ring_buffer.btsnoop,3069.695129,4,distracted,46,46,117,0,33,89,0,146,72,0
capture_01_ring_buffer.btsnoop,3070.045119,4,distracted,46,46,117,0,33,89,0,146,72,0
capture_01_ring_buffer.btsnoop,3070.351318,4,distracted,46,46,117,0,33,89,0,146,72,0
capture_01_ring_buffer.btsnoop,3070.701292,4,distracted,46,46,117,0,33,89,0,146,72,0
capture_01_ring_buffer.btsnoop,3071.095164,4,distracted,46,46,117,0,33,89,0,146,72,0
capture_01_ring_buffer.btsnoop,3071.707854,4,distracted,45,46,117,0,33,89,0,146,72,0
capture_01_ring_buffer.btsnoop,3072.057861,4,distracted,45,46,117,0,33,89,0,146,72,0
capture_01_ring_buffer.btsnoop,3072.363945,4,distracted,45,46,117,0,33,89,0,146,72,0
capture_01_ring_buffer.btsnoop,3072.714221,4,distracted,45,46,117,0,33,89,0,146,72,0
capture_01_ring_buffer.btsnoop,3073.282469,4,distracted,45,46,117,0,33,89,0,146,72,0
capture_01_ring_buffer.btsnoop,3073.763862,4,distracted,46,46,117,0,33,89,0,146,72,0
capture_01_ring_buffer.btsnoop,3074.245141,4,distracted,46,46,117,0,33,89,0,146,72,0
capture_01_ring_buffer.btsnoop,3074.770114,4,distracted,46,46,117,0,33,89,0,146,72,0
capture_01_ring_buffer.btsnoop,3075.163894,4,distracted,46,46,117,0,33,89,0,146,72,0
capture_01_ring_buffer.btsnoop,3075.776879,4,distracted,43,46,117,0,33,89,0,146,72,0
capture_01_ring_buffer.btsnoop,3076.082696,4,distracted,42,46,117,0,33,89,0,146,72,0
capture_01_ring_buffer.btsnoop,3076.432699,4,distracted,41,46,117,0,33,89,0,146,72,0
capture_01_ring_buffer.btsnoop,3076.782712,4,distracted,40,46,117,0,33,89,0,146,72,0
capture_01_ring_buffer.btsnoop,3077.176565,4,distracted,40,46,117,0,33,89,0,146,72,0
capture_01_ring_buffer.btsnoop,3077.832813,4,distracted,40,40,117,0,33,89,0,146,72,0
capture_01_ring_buffer.btsnoop,3078.445121,4,distracted,40,40,117,0,33,89,0,146,72,0
capture_01_ring_buffer.btsnoop,3078.795179,4,distracted,40,40,117,0,33,89,0,146,72,0
capture_01_ring_buffer.btsnoop,3079.145464,4,distracted,40,40,117,0,33,89,0,146,72,0
capture_01_ring_buffer.btsnoop,3079.451492,4,distracted,40,40,117,0,33,89,0,146,72,0
capture_01_ring_buffer.btsnoop,3079.801442,4,distracted,40,40,117,0,33,89,0,146,72,0
capture_01_ring_buffer.btsnoop,3080.195217,4,distracted,41,41,117,0,33,89,0,146,72,0
capture_01_ring_buffer.btsnoop,3080.807693,4,distracted,42,42,117,0,33,89,0,146,72,0
capture_01_ring_buffer.btsnoop,3081.201528,4,distracted,42,42,117,0,33,89,0,146,72,0
capture_01_ring_buffer.btsnoop,3081.813927,4,distracted,43,43,117,0,29,87,0,146,74,0
capture_01_ring_buffer.btsnoop,3082.207597,4,distracted,43,43,117,0,29,87,0,146,74,0
capture_01_ring_buffer.btsnoop,3082.513902,4,distracted,43,43,117,0,29,87,0,146,74,0
capture_01_ring_buffer.btsnoop,3082.820378,4,distracted,43,43,117,0,29,87,0,146,74,0
capture_01_ring_buffer.btsnoop,3083.170389,4,distracted,43,43,117,0,29,87,0,146,74,0
capture_01_ring_buffer.btsnoop,3083.520122,4,distracted,43,43,117,0,29,87,0,146,74,0
capture_01_ring_buffer.btsnoop,3083.826447,4,distracted,43,43,117,0,29,87,0,146,74,0
capture_01_ring_buffer.btsnoop,3084.263925,4,distracted,42,42,117,0,29,87,0,146,74,0
capture_01_ring_buffer.btsnoop,3084.876809,4,distracted,42,42,117,0,29,87,0,146,74,0
capture_01_ring_buffer.btsnoop,3085.226563,4,distracted,42,42,117,0,29,87,0,146,74,0
capture_01_ring_buffer.btsnoop,3085.532706,4,distracted,42,42,117,0,29,87,0,146,74,0
capture_01_ring_buffer.btsnoop,3085.882791,4,distracted,42,42,117,0,29,87,0,146,74,0
capture_01_ring_buffer.btsnoop,3086.276486,4,distracted,42,42,117,0,29,87,0,146,74,0
capture_01_ring_buffer.btsnoop,3086.932932,4,distracted,43,43,117,0,29,87,0,146,74,0
capture_01_ring_buffer.btsnoop,3087.545246,4,distracted,43,43,117,0,29,87,0,146,74,0
capture_01_ring_buffer.btsnoop,3087.895242,4,distracted,44,44,117,0,29,87,0,146,74,0
capture_01_ring_buffer.btsnoop,3088.288993,4,distracted,43,43,117,0,29,87,0,146,74,0
capture_01_ring_buffer.btsnoop,3088.901712,4,distracted,43,43,117,0,29,87,0,146,74,0
capture_01_ring_buffer.btsnoop,3089.251474,4,distracted,43,43,117,0,29,87,0,146,74,0
capture_01_ring_buffer.btsnoop,3089.557729,4,distracted,44,44,117,0,29,87,0,146,74,0
capture_01_ring_buffer.btsnoop,3089.951479,4,distracted,44,44,117,0,29,87,0,146,74,0
capture_01_ring_buffer.btsnoop,3090.257937,4,distracted,44,44,117,0,29,87,0,146,74,0
capture_01_ring_buffer.btsnoop,3090.607893,4,distracted,44,44,117,0,29,87,0,146,74,0
capture_01_ring_buffer.btsnoop,3090.914019,4,distracted,43,43,117,0,29,87,0,146,74,0
capture_01_ring_buffer.btsnoop,3091.483421,4,distracted,43,43,117,0,29,87,0,146,74,0
capture_01_ring_buffer.btsnoop,3091.920243,4,distracted,43,43,117,0,29,87,0,146,74,0
capture_01_ring_buffer.btsnoop,3092.357805,4,distracted,44,44,117,0,29,87,0,146,74,0
capture_01_ring_buffer.btsnoop,3092.926611,4,distracted,42,42,117,0,29,87,0,146,74,0
capture_01_ring_buffer.btsnoop,3093.407786,4,distracted,41,41,117,0,29,87,0,146,74,0
capture_01_ring_buffer.btsnoop,3093.976928,4,distracted,42,42,117,0,29,87,0,146,74,0
capture_01_ring_buffer.btsnoop,3094.458026,4,distracted,42,42,117,0,29,87,0,146,74,0
capture_01_ring_buffer.btsnoop,3095.07035,4,distracted,42,42,117,0,29,87,0,146,74,0
capture_01_ring_buffer.btsnoop,3095.639208,4,distracted,43,43,117,0,29,87,0,146,74,0
capture_01_ring_buffer.btsnoop,3095.98922,4,distracted,43,43,117,0,29,87,0,146,74,0
capture_01_ring_buffer.btsnoop,3096.339202,4,distracted,44,44,117,0,29,87,0,146,74,0
capture_01_ring_buffer.btsnoop,3096.732854,4,distracted,44,44,117,0,29,87,0,146,74,0
capture_01_ring_buffer.btsnoop,3097.345447,4,distracted,43,43,117,0,29,87,0,146,74,0
capture_01_ring_buffer.btsnoop,3097.695422,4,distracted,44,44,117,0,29,87,0,146,74,0
capture_01_ring_buffer.btsnoop,3098.001621,4,distracted,43,43,117,0,29,87,0,146,74,0
capture_01_ring_buffer.btsnoop,3098.395558,4,distracted,44,44,117,0,29,87,0,146,74,0
capture_01_ring_buffer.btsnoop,3099.051612,4,distracted,44,44,117,0,29,87,0,146,74,0
capture_01_ring_buffer.btsnoop,3099.401631,4,distracted,44,44,255,0,29,87,0,146,74,0
capture_01_ring_buffer.btsnoop,3100.058003,4,distracted,44,44,255,0,29,87,0,146,74,0
capture_01_ring_buffer.btsnoop,3100.407792,4,distracted,44,44,255,0,29,87,0,146,74,0
capture_01_ring_buffer.btsnoop,3100.757844,4,distracted,44,44,255,0,29,87,0,146,74,0
capture_01_ring_buffer.btsnoop,3101.414552,4,distracted,44,44,255,0,29,87,0,146,74,0
capture_01_ring_buffer.btsnoop,3101.764265,4,distracted,44,44,255,0,29,87,0,146,74,0
capture_01_ring_buffer.btsnoop,3102.420381,4,distracted,44,44,235,0,29,87,0,146,74,0
capture_01_ring_buffer.btsnoop,3102.726956,4,distracted,44,44,235,0,29,87,0,146,74,0
capture_01_ring_buffer.btsnoop,3103.07662,4,distracted,44,44,235,0,29,87,0,146,74,0
capture_01_ring_buffer.btsnoop,3103.426757,4,distracted,44,44,220,0,29,87,0,146,74,0
capture_01_ring_buffer.btsnoop,3103.733033,4,distracted,44,44,220,0,29,87,0,146,74,0
capture_01_ring_buffer.btsnoop,3104.083067,4,distracted,44,44,220,0,29,87,0,146,74,0
capture_01_ring_buffer.btsnoop,3104.433035,4,distracted,44,44,220,0,29,87,0,146,74,0
capture_01_ring_buffer.btsnoop,3104.739207,4,distracted,44,44,220,0,29,87,0,146,74,0
capture_01_ring_buffer.btsnoop,3105.089247,4,distracted,44,44,220,0,29,87,0,146,74,0
capture_01_ring_buffer.btsnoop,3105.5268,4,distracted,44,44,220,0,29,87,0,146,74,0
capture_01_ring_buffer.btsnoop,3106.183041,4,distracted,44,44,220,0,29,87,0,146,74,0
capture_01_ring_buffer.btsnoop,3106.795387,4,distracted,44,44,220,0,29,87,0,146,74,0
capture_01_ring_buffer.btsnoop,3107.101763,4,distracted,44,44,220,0,29,87,0,146,74,0
capture_01_ring_buffer.btsnoop,3107.500112,4,distracted,44,44,220,0,29,87,0,146,74,0
capture_01_ring_buffer.btsnoop,3108.107912,4,distracted,44,44,220,0,29,87,0,146,74,0
capture_01_ring_buffer.btsnoop,3108.457853,4,distracted,44,44,220,0,29,87,0,146,74,0
capture_01_ring_buffer.btsnoop,3108.808024,4,distracted,44,44,220,0,29,87,0,146,74,0
capture_01_ring_buffer.btsnoop,3109.201854,4,distracted,44,44,220,0,29,87,0,146,74,0
capture_01_ring_buffer.btsnoop,3109.814258,4,distracted,44,44,220,0,29,87,0,146,74,0
capture_01_ring_buffer.btsnoop,3110.120357,4,distracted,44,44,220,0,29,87,0,146,74,0
capture_01_ring_buffer.btsnoop,3110.558123,4,distracted,57,56,130,0,29,87,0,146,74,0
capture_01_ring_buffer.btsnoop,3111.126881,4,distracted,57,56,130,0,29,87,0,146,74,0
capture_01_ring_buffer.btsnoop,3111.520493,4,distracted,57,56,130,0,29,87,0,146,74,0
capture_01_ring_buffer.btsnoop,3111.826675,4,distracted,57,56,130,0,29,87,0,146,74,0
capture_01_ring_buffer.btsnoop,3112.176724,4,distracted,57,56,130,0,29,87,0,146,74,0
capture_01_ring_buffer.btsnoop,3112.483037,4,distracted,57,56,130,0,29,87,0,146,74,0
capture_01_ring_buffer.btsnoop,3112.832879,4,distracted,57,56,130,0,29,87,0,146,74,0
capture_01_ring_buffer.btsnoop,3113.182864,4,distracted,57,56,130,0,29,87,0,146,74,0
capture_01_ring_buffer.btsnoop,3113.532914,4,distracted,57,56,220,0,29,87,0,146,74,0
capture_01_ring_buffer.btsnoop,3113.839203,4,distracted,57,56,220,0,29,87,0,146,74,0
capture_01_ring_buffer.btsnoop,3114.189225,4,distracted,57,56,220,0,29,87,0,146,74,0
capture_01_ring_buffer.btsnoop,3114.5394,4,distracted,57,56,220,0,29,87,0,146,74,0
capture_01_ring_buffer.btsnoop,3114.889368,4,distracted,57,56,220,0,29,87,0,146,74,0
capture_01_ring_buffer.btsnoop,3115.195467,4,distracted,57,56,220,0,29,87,0,146,74,0
capture_01_ring_buffer.btsnoop,3115.545433,4,distracted,57,56,220,0,29,87,0,146,74,0
capture_01_ring_buffer.btsnoop,3115.895465,4,distracted,57,56,220,0,29,87,0,146,74,0
capture_01_ring_buffer.btsnoop,3116.201641,4,distracted,57,56,220,0,29,87,0,146,74,0
capture_01_ring_buffer.btsnoop,3116.551666,4,distracted,57,56,220,0,29,87,0,146,74,0
capture_01_ring_buffer.btsnoop,3116.858069,4,distracted,57,56,220,0,29,87,0,146,74,0
capture_01_ring_buffer.btsnoop,3117.208078,4,distracted,57,56,220,0,29,87,0,146,74,0
capture_01_ring_buffer.btsnoop,3117.601727,4,distracted,57,56,216,0,29,87,0,146,74,0
capture_01_ring_buffer.btsnoop,3118.21441,4,distracted,57,56,216,0,29,87,0,146,74,0
capture_01_ring_buffer.btsnoop,3118.564287,4,distracted,57,56,216,0,29,87,0,146,74,0
capture_01_ring_buffer.btsnoop,3118.870557,4,distracted,57,56,216,0,29,87,0,146,74,0
capture_01_ring_buffer.btsnoop,3119.264195,4,distracted,57,56,216,0,29,87,0,146,74,0
capture_01_ring_buffer.btsnoop,3119.657977,4,distracted,57,56,154,0,29,87,0,146,74,0
capture_01_ring_buffer.btsnoop,3120.270429,4,distracted,57,56,154,0,29,87,0,146,74,0
capture_01_ring_buffer.btsnoop,3120.664351,4,distracted,57,56,131,0,29,87,0,146,74,0
capture_01_ring_buffer.btsnoop,3121.276765,4,distracted,57,56,131,0,29,87,0,146,74,0
capture_01_ring_buffer.btsnoop,3121.67074,4,distracted,57,56,130,0,29,87,0,146,74,0
capture_01_ring_buffer.btsnoop,3122.239436,4,distracted,57,56,130,0,29,87,0,146,74,0
capture_01_ring_buffer.btsnoop,3122.589538,4,distracted,57,56,130,0,29,87,0,146,74,0
capture_01_ring_buffer.btsnoop,3123.026855,4,distracted,57,56,130,0,29,87,0,146,74,0
capture_01_ring_buffer.btsnoop,3123.6393,4,distracted,57,56,143,0,29,87,0,146,74,0
capture_01_ring_buffer.btsnoop,3123.94566,4,distracted,57,56,143,0,29,87,0,146,74,0
capture_01_ring_buffer.btsnoop,3124.295541,4,distracted,57,56,143,0,29,87,0,146,74,0
capture_01_ring_buffer.btsnoop,3124.820601,4,distracted,57,56,143,0,29,87,0,146,74,0
capture_01_ring_buffer.btsnoop,3125.345614,4,distracted,57,56,143,0,29,87,0,146,74,0
capture_01_ring_buffer.btsnoop,3125.651914,4,distracted,57,56,143,0,29,87,0,146,74,0
capture_01_ring_buffer.btsnoop,3126.001866,4,distracted,57,56,143,0,29,87,0,146,74,0
capture_01_ring_buffer.btsnoop,3126.308019,4,distracted,57,56,143,0,29,87,0,146,74,0
capture_01_ring_buffer.btsnoop,3126.701808,4,distracted,63,61,110,0,29,87,0,146,74,0
capture_01_ring_buffer.btsnoop,3126.9645,4,distracted,63,61,110,0,29,87,0,146,74,0
capture_01_ring_buffer.btsnoop,3127.357921,4,distracted,63,61,110,0,29,87,0,146,74,0
capture_01_ring_buffer.btsnoop,3127.708054,4,distracted,63,61,133,0,29,87,0,146,74,0
capture_01_ring_buffer.btsnoop,3128.014358,4,distracted,63,61,133,0,29,87,0,146,74,0
capture_01_ring_buffer.btsnoop,3128.320702,4,distracted,63,61,133,0,29,87,0,146,74,0
capture_01_ring_buffer.btsnoop,3128.71452,4,distracted,63,61,135,0,29,87,0,146,74,0
capture_01_ring_buffer.btsnoop,3129.02065,4,distracted,63,61,135,0,29,87,0,146,74,0
capture_01_ring_buffer.btsnoop,3129.327367,4,distracted,63,61,135,0,29,87,0,146,74,0
capture_01_ring_buffer.btsnoop,3129.720537,4,distracted,63,61,124,0,29,87,0,146,74,0
capture_01_ring_buffer.btsnoop,3130.027024,4,distracted,63,61,124,0,29,87,0,146,74,0
capture_01_ring_buffer.btsnoop,3130.376968,4,distracted,63,61,124,0,29,87,0,146,74,0
capture_01_ring_buffer.btsnoop,3130.726859,4,distracted,63,61,124,0,29,87,0,146,74,0
capture_01_ring_buffer.btsnoop,3131.076987,4,distracted,63,61,124,0,29,87,0,146,74,0
capture_01_ring_buffer.btsnoop,3131.426869,4,distracted,63,61,124,0,29,87,0,146,74,0
capture_01_ring_buffer.btsnoop,3131.776788,4,distracted,63,61,110,0,29,87,0,146,74,0
capture_01_ring_buffer.btsnoop,3132.433004,2,adapting,63,61,110,0,29,87,0,146,74,0
capture_01_ring_buffer.btsnoop,3132.739446,2,adapting,63,61,110,0,29,87,0,146,74,0
capture_01_ring_buffer.btsnoop,3133.045774,2,adapting,63,61,110,0,29,87,0,146,74,0
capture_01_ring_buffer.btsnoop,3133.395786,2,adapting,63,61,110,0,29,87,0,146,74,0
capture_01_ring_buffer.btsnoop,3133.789346,2,adapting,63,61,110,0,29,87,0,146,74,0
capture_01_ring_buffer.btsnoop,3134.09567,2,adapting,63,61,110,0,29,87,0,146,74,0
capture_01_ring_buffer.btsnoop,3134.445572,2,adapting,63,61,110,0,29,87,0,146,74,0
capture_01_ring_buffer.btsnoop,3134.795753,2,adapting,63,61,110,0,29,87,0,146,74,0
capture_01_ring_buffer.btsnoop,3135.102431,2,adapting,63,61,110,0,29,87,0,146,74,0
capture_01_ring_buffer.btsnoop,3135.451902,2,adapting,63,61,110,0,29,87,0,146,74,0
capture_01_ring_buffer.btsnoop,3135.801843,2,adapting,63,61,107,0,29,87,0,146,74,0
capture_01_ring_buffer.btsnoop,3136.064334,2,adapting,63,61,107,0,29,87,0,146,74,0
capture_01_ring_buffer.btsnoop,3136.414523,2,adapting,63,61,107,0,29,87,0,146,74,0
capture_01_ring_buffer.btsnoop,3136.808323,2,adapting,63,61,107,0,29,87,0,146,74,0
capture_01_ring_buffer.btsnoop,3137.114622,2,adapting,63,61,107,0,29,87,0,146,74,0
capture_01_ring_buffer.btsnoop,3137.420617,2,adapting,63,61,107,0,29,87,0,146,74,0
capture_01_ring_buffer.btsnoop,3137.814999,2,adapting,63,61,107,0,29,87,0,146,74,0
capture_01_ring_buffer.btsnoop,3138.164468,2,adapting,63,61,107,0,29,87,0,146,74,0
capture_01_ring_buffer.btsnoop,3138.427105,2,adapting,63,61,107,0,29,87,0,146,74,0
capture_01_ring_buffer.btsnoop,3138.820751,2,adapting,63,61,107,0,29,87,0,146,74,0
capture_01_ring_buffer.btsnoop,3139.127026,2,adapting,63,61,107,0,29,87,0,146,74,0
capture_01_ring_buffer.btsnoop,3139.476866,2,adapting,63,61,107,0,29,87,0,146,74,0
capture_01_ring_buffer.btsnoop,3139.783088,2,adapting,63,61,107,0,29,87,0,146,74,0
capture_01_ring_buffer.btsnoop,3140.133133,2,adapting,63,61,107,0,29,87,0,146,74,0
capture_01_ring_buffer.btsnoop,3140.527099,2,adapting,63,61,107,0,29,87,0,146,74,0
capture_01_ring_buffer.btsnoop,3140.877091,2,adapting,63,61,107,0,29,87,0,146,74,0
capture_01_ring_buffer.btsnoop,3141.489377,2,adapting,63,61,107,0,29,87,0,146,74,0
capture_01_ring_buffer.btsnoop,3141.883395,2,adapting,63,61,107,0,29,87,0,146,74,0
capture_01_ring_buffer.btsnoop,3142.495827,2,adapting,63,61,107,0,29,87,0,146,71,0
capture_01_ring_buffer.btsnoop,3142.845714,2,adapting,63,61,107,0,29,87,0,146,71,0
capture_01_ring_buffer.btsnoop,3143.152587,2,adapting,63,61,107,0,29,87,0,146,71,0
capture_01_ring_buffer.btsnoop,3143.589352,2,adapting,63,61,107,0,29,87,0,146,71,0
capture_01_ring_buffer.btsnoop,3144.289573,2,adapting,63,61,107,0,29,87,0,146,71,0
capture_01_ring_buffer.btsnoop,3144.902197,2,adapting,63,61,107,0,29,87,0,146,71,0
capture_01_ring_buffer.btsnoop,3145.20823,2,adapting,63,61,107,0,29,87,0,146,71,0
capture_01_ring_buffer.btsnoop,3145.514523,2,adapting,63,61,107,0,29,87,0,146,71,0
capture_01_ring_buffer.btsnoop,3145.908115,2,adapting,63,61,107,0,29,87,0,146,71,0
capture_01_ring_buffer.btsnoop,3146.21469,2,adapting,63,61,107,0,29,87,0,146,71,0
capture_01_ring_buffer.btsnoop,3146.564487,2,adapting,63,61,107,0,29,87,0,146,71,0
capture_01_ring_buffer.btsnoop,3146.91448,2,adapting,63,61,110,0,29,87,0,146,71,0
capture_01_ring_buffer.btsnoop,3147.264453,2,adapting,63,61,110,0,29,87,0,146,71,0
capture_01_ring_buffer.btsnoop,3147.527413,2,adapting,63,61,110,0,29,87,0,146,71,0
capture_01_ring_buffer.btsnoop,3147.964584,2,adapting,63,61,110,0,29,87,0,146,71,0
capture_01_ring_buffer.btsnoop,3148.577177,2,adapting,63,61,110,0,29,87,0,146,71,0
capture_01_ring_buffer.btsnoop,3148.92715,2,adapting,63,61,110,0,29,87,0,146,71,0
capture_01_ring_buffer.btsnoop,3149.277375,2,adapting,63,61,110,0,29,87,0,146,71,0
capture_01_ring_buffer.btsnoop,3149.67123,2,adapting,63,61,110,0,29,87,0,146,71,0
capture_01_ring_buffer.btsnoop,3150.239618,2,adapting,63,61,110,0,29,87,0,146,71,0
capture_01_ring_buffer.btsnoop,3150.589481,2,adapting,63,61,110,0,29,87,0,146,71,0
capture_01_ring_buffer.btsnoop,3150.939569,2,adapting,63,61,110,0,29,87,0,146,71,0
capture_01_ring_buffer.btsnoop,3151.245664,2,adapting,63,61,110,0,29,87,0,146,71,0
capture_01_ring_buffer.btsnoop,3151.639706,2,adapting,63,61,110,0,29,87,0,146,71,0
capture_01_ring_buffer.btsnoop,3151.989608,2,adapting,63,61,110,0,29,87,0,146,71,0
capture_01_ring_buffer.btsnoop,3152.252023,2,adapting,63,61,110,0,29,87,0,146,71,0
capture_01_ring_buffer.btsnoop,3152.602736,2,adapting,63,61,110,0,29,87,0,146,71,0
capture_01_ring_buffer.btsnoop,3152.99611,2,adapting,63,61,113,0,29,87,0,146,71,0
capture_01_ring_buffer.btsnoop,3153.258217,2,adapting,63,61,113,0,29,87,0,146,71,0
capture_01_ring_buffer.btsnoop,3153.652268,2,adapting,63,61,113,0,29,87,0,146,71,0
capture_01_ring_buffer.btsnoop,3154.04585,2,adapting,63,61,121,0,29,87,0,146,71,0
capture_01_ring_buffer.btsnoop,3154.702052,2,adapting,63,61,121,0,29,87,0,146,71,0
capture_01_ring_buffer.btsnoop,3155.314475,2,adapting,63,61,121,0,29,87,0,146,71,0
capture_01_ring_buffer.btsnoop,3155.620934,2,adapting,63,61,121,0,29,87,0,146,71,0
capture_01_ring_buffer.btsnoop,3156.058365,2,adapting,63,61,127,0,29,87,0,146,71,0
capture_01_ring_buffer.btsnoop,3156.627309,2,adapting,63,61,127,0,29,87,0,146,71,0
capture_01_ring_buffer.btsnoop,3157.064576,2,adapting,63,61,114,0,29,87,0,146,71,0
capture_01_ring_buffer.btsnoop,3157.67723,2,adapting,63,61,114,0,29,87,0,146,71,0
capture_01_ring_buffer.btsnoop,3158.026991,2,adapting,63,61,114,0,29,87,0,146,71,0
capture_01_ring_buffer.btsnoop,3158.37696,2,adapting,63,61,114,0,29,87,0,146,71,0
capture_01_ring_buffer.btsnoop,3158.814511,2,adapting,63,61,114,0,29,87,0,146,71,0
capture_01_ring_buffer.btsnoop,3159.339716,2,adapting,63,61,114,0,29,87,0,146,71,0
capture_01_ring_buffer.btsnoop,3159.689566,2,adapting,63,61,114,0,29,87,0,146,71,0
capture_01_ring_buffer.btsnoop,3160.083416,2,adapting,63,61,114,0,29,87,0,146,71,0
capture_01_ring_buffer.btsnoop,3160.695813,2,adapting,63,61,114,0,29,87,0,146,71,0
capture_01_ring_buffer.btsnoop,3161.089756,2,adapting,63,61,104,0,29,87,0,146,71,0
capture_01_ring_buffer.btsnoop,3161.352237,2,adapting,63,61,104,0,29,87,0,146,71,0
capture_01_ring_buffer.btsnoop,3161.702095,2,adapting,63,61,104,0,29,87,0,146,71,0
capture_01_ring_buffer.btsnoop,3162.09588,4,distracted,63,61,113,0,29,87,0,146,71,0
capture_01_ring_buffer.btsnoop,3162.5333,4,distracted,63,61,113,0,29,87,0,146,71,0
capture_01_ring_buffer.btsnoop,3163.102636,4,distracted,63,61,113,0,29,87,0,146,71,0
capture_01_ring_buffer.btsnoop,3163.408252,4,distracted,63,61,113,0,29,87,0,146,71,0
capture_01_ring_buffer.btsnoop,3163.714687,4,distracted,63,61,113,0,29,87,0,146,71,0
capture_01_ring_buffer.btsnoop,3164.152222,4,distracted,63,61,113,0,29,87,0,146,71,0
capture_01_ring_buffer.btsnoop,3164.720762,4,distracted,63,61,113,0,29,87,0,146,71,0
capture_01_ring_buffer.btsnoop,3165.071023,4,distracted,63,61,113,0,29,87,0,146,71,0
capture_01_ring_buffer.btsnoop,3165.420975,4,distracted,63,61,113,0,29,87,0,146,71,0
capture_01_ring_buffer.btsnoop,3165.81449,4,distracted,63,61,113,0,29,87,0,146,71,0
capture_01_ring_buffer.btsnoop,3166.4271,4,distracted,63,61,113,0,29,87,0,146,71,0
capture_01_ring_buffer.btsnoop,3166.777062,4,distracted,63,61,113,0,29,87,0,146,71,0
capture_01_ring_buffer.btsnoop,3167.214546,4,distracted,38,61,126,0,29,87,0,146,71,0
capture_01_ring_buffer.btsnoop,3167.783411,4,distracted,38,61,126,0,29,87,0,146,71,0
capture_01_ring_buffer.btsnoop,3168.133413,4,distracted,38,61,126,0,29,87,0,146,71,0
capture_01_ring_buffer.btsnoop,3168.439759,4,distracted,38,61,126,0,29,87,0,146,71,0
capture_01_ring_buffer.btsnoop,3168.789711,4,distracted,39,61,126,0,29,87,0,146,71,0
capture_01_ring_buffer.btsnoop,3169.227093,4,distracted,28,61,142,0,29,87,0,146,71,0
capture_01_ring_buffer.btsnoop,3169.795839,4,distracted,28,61,142,0,29,87,0,146,71,0
capture_01_ring_buffer.btsnoop,3170.145939,4,distracted,28,61,142,0,29,87,0,146,71,0
capture_01_ring_buffer.btsnoop,3170.452123,4,distracted,28,61,142,0,29,87,0,146,71,0
capture_01_ring_buffer.btsnoop,3170.802166,4,distracted,28,61,142,0,29,87,0,146,71,0
capture_01_ring_buffer.btsnoop,3171.152109,4,distracted,28,61,142,0,29,87,0,146,71,0
capture_01_ring_buffer.btsnoop,3171.50216,4,distracted,28,61,142,0,29,87,0,146,71,0
capture_01_ring_buffer.btsnoop,3171.808438,4,distracted,28,61,142,0,29,87,0,146,71,0
capture_01_ring_buffer.btsnoop,3172.158635,4,distracted,28,61,142,0,29,87,0,146,71,0
capture_01_ring_buffer.btsnoop,3172.508705,4,distracted,28,61,142,0,29,87,0,146,71,0
capture_01_ring_buffer.btsnoop,3172.814636,4,distracted,28,61,142,0,29,87,0,146,71,0
capture_01_ring_buffer.btsnoop,3173.296005,4,distracted,28,61,142,0,29,87,0,146,71,0
capture_01_ring_buffer.btsnoop,3173.864789,4,distracted,28,61,142,0,29,87,0,146,71,0
capture_01_ring_buffer.btsnoop,3174.214875,4,distracted,28,61,142,0,29,87,0,146,71,0
capture_01_ring_buffer.btsnoop,3174.520955,4,distracted,28,61,142,0,29,87,0,146,71,0
capture_01_ring_buffer.btsnoop,3174.870966,4,distracted,29,61,142,0,29,87,0,146,71,0
capture_01_ring_buffer.btsnoop,3175.264581,4,distracted,29,61,142,0,29,87,0,146,71,0
capture_01_ring_buffer.btsnoop,3175.877311,4,distracted,29,61,142,0,29,87,0,146,71,0
capture_01_ring_buffer.btsnoop,3176.271134,4,distracted,29,61,173,0,29,87,0,146,71,0
capture_01_ring_buffer.btsnoop,3176.883496,4,distracted,29,61,173,0,29,87,0,146,71,0
capture_01_ring_buffer.btsnoop,3177.23354,4,distracted,29,61,173,0,29,87,0,146,71,0
capture_01_ring_buffer.btsnoop,3177.539727,4,distracted,29,61,173,0,29,87,0,146,71,0
capture_01_ring_buffer.btsnoop,3177.933267,4,distracted,29,61,173,0,29,87,0,146,71,0
capture_01_ring_buffer.btsnoop,3178.327152,4,distracted,29,61,156,0,29,87,0,146,71,0
capture_01_ring_buffer.btsnoop,3178.983404,4,distracted,29,61,156,0,29,87,0,146,71,0
capture_01_ring_buffer.btsnoop,3179.552271,4,distracted,29,61,156,0,29,87,0,146,71,0
capture_01_ring_buffer.btsnoop,3179.946908,4,distracted,29,61,156,0,29,87,0,146,71,0
capture_01_ring_buffer.btsnoop,3180.339688,4,distracted,29,61,156,0,29,87,0,146,71,0
capture_01_ring_buffer.btsnoop,3180.90965,4,distracted,29,61,156,0,29,87,0,146,71,0
capture_01_ring_buffer.btsnoop,3181.302272,4,distracted,29,61,156,0,29,87,0,146,71,0
capture_01_ring_buffer.btsnoop,3181.608403,4,distracted,29,16,156,0,29,87,0,146,71,0
capture_01_ring_buffer.btsnoop,3182.002145,4,distracted,29,16,156,0,29,87,0,146,71,0
capture_01_ring_buffer.btsnoop,3182.659435,4,distracted,29,16,156,0,29,87,0,146,71,0
capture_01_ring_buffer.btsnoop,3182.92094,4,distracted,29,16,156,0,29,87,0,146,71,0
capture_01_ring_buffer.btsnoop,3183.315059,4,distracted,29,16,156,0,29,87,0,146,71,0
capture_01_ring_buffer.btsnoop,3183.664799,4,distracted,29,16,156,0,29,87,0,146,71,0
capture_01_ring_buffer.btsnoop,3184.05892,4,distracted,29,16,156,0,29,87,0,146,71,0
capture_01_ring_buffer.btsnoop,3184.627511,4,distracted,29,16,156,0,29,87,0,146,71,0
capture_01_ring_buffer.btsnoop,3184.977135,4,distracted,29,17,156,0,29,87,0,146,71,0
capture_01_ring_buffer.btsnoop,3185.327334,4,distracted,29,17,156,0,29,87,0,146,71,0
capture_01_ring_buffer.btsnoop,3185.633437,4,distracted,29,17,156,0,29,87,0,146,71,0
capture_01_ring_buffer.btsnoop,3186.114942,4,distracted,29,17,156,0,29,87,0,146,71,0
capture_01_ring_buffer.btsnoop,3186.683608,4,distracted,29,17,212,0,29,87,0,146,71,0
capture_01_ring_buffer.btsnoop,3187.033769,4,distracted,29,17,212,0,29,87,0,146,71,0
capture_01_ring_buffer.btsnoop,3187.383685,4,distracted,29,17,212,0,29,87,0,146,71,0
capture_01_ring_buffer.btsnoop,3188.039826,4,distracted,29,17,212,0,29,87,0,146,71,0
capture_01_ring_buffer.btsnoop,3188.389983,4,distracted,29,17,242,0,29,87,0,146,71,0
capture_01_ring_buffer.btsnoop,3188.65236,4,distracted,29,17,242,0,29,87,0,146,71,0
capture_01_ring_buffer.btsnoop,3189.002409,4,distracted,29,17,242,0,29,87,0,146,71,0
capture_01_ring_buffer.btsnoop,3189.396129,4,distracted,29,17,241,0,29,87,0,146,71,0
capture_01_ring_buffer.btsnoop,3189.658979,4,distracted,29,17,241,0,29,87,0,146,71,0
capture_01_ring_buffer.btsnoop,3190.008911,4,distracted,29,17,241,0,29,87,0,146,71,0
capture_01_ring_buffer.btsnoop,3190.358611,4,distracted,29,23,241,0,29,87,0,146,71,0
capture_01_ring_buffer.btsnoop,3190.752485,4,distracted,29,23,241,0,29,87,0,146,71,0
capture_01_ring_buffer.btsnoop,3191.058925,7,stressed,29,23,241,0,29,87,0,146,71,0
capture_01_ring_buffer.btsnoop,3191.408689,7,stressed,29,23,238,0,29,87,0,146,71,0
capture_01_ring_buffer.btsnoop,3191.758629,7,stressed,29,23,238,0,29,87,0,146,71,0
capture_01_ring_buffer.btsnoop,3192.108817,7,stressed,29,23,238,0,29,87,0,146,71,0
capture_01_ring_buffer.btsnoop,3192.721203,7,stressed,29,23,238,0,29,87,0,146,71,0
capture_01_ring_buffer.btsnoop,3193.071167,7,stressed,29,23,238,0,29,87,0,146,71,0
capture_01_ring_buffer.btsnoop,3193.464828,7,stressed,29,23,255,0,29,87,0,146,71,0
capture_01_ring_buffer.btsnoop,3194.12111,7,stressed,29,23,255,0,29,87,0,146,71,0
capture_01_ring_buffer.btsnoop,3194.427493,7,stressed,77,84,255,0,29,87,0,146,71,0
capture_01_ring_buffer.btsnoop,3194.77755,7,stressed,77,84,255,0,29,87,0,146,71,0
capture_01_ring_buffer.btsnoop,3195.083617,7,stressed,77,84,255,0,29,87,0,146,71,0
capture_01_ring_buffer.btsnoop,3195.433514,7,stressed,78,84,255,0,29,87,0,146,71,0
capture_01_ring_buffer.btsnoop,3195.739983,7,stressed,78,84,255,0,29,87,0,146,71,0
capture_01_ring_buffer.btsnoop,3196.133747,7,stressed,77,83,255,0,29,87,0,146,71,0
capture_01_ring_buffer.btsnoop,3196.527386,7,stressed,73,82,255,0,29,87,0,146,71,0
capture_01_ring_buffer.btsnoop,3197.09615,7,stressed,73,82,255,0,29,87,0,146,71,0
capture_01_ring_buffer.btsnoop,3197.48981,7,stressed,74,82,255,0,29,87,0,146,71,0
capture_01_ring_buffer.btsnoop,3197.79607,7,stressed,74,82,255,0,29,87,0,146,71,0
capture_01_ring_buffer.btsnoop,3198.146136,7,stressed,74,82,255,0,29,87,0,146,71,0
capture_01_ring_buffer.btsnoop,3198.452504,7,stressed,74,82,255,0,29,87,0,146,71,0
capture_01_ring_buffer.btsnoop,3198.846099,7,stressed,74,82,255,0,29,87,0,146,71,0
capture_01_ring_buffer.btsnoop,3199.152418,7,stressed,74,82,255,0,29,87,0,146,71,0
capture_01_ring_buffer.btsnoop,3199.546146,7,stressed,74,82,255,0,29,87,0,146,71,0
capture_01_ring_buffer.btsnoop,3200.202486,7,stressed,74,82,255,0,29,87,0,146,71,0
capture_01_ring_buffer.btsnoop,3200.552396,7,stressed,74,47,255,0,29,87,0,146,71,0
capture_01_ring_buffer.btsnoop,3201.252406,7,stressed,74,45,255,0,29,87,0,146,71,0
capture_01_ring_buffer.btsnoop,3201.865117,7,stressed,74,44,255,0,29,87,0,146,71,0
capture_01_ring_buffer.btsnoop,3202.171421,7,stressed,74,43,255,0,29,87,0,146,71,0
capture_01_ring_buffer.btsnoop,3202.608795,7,stressed,74,42,255,0,29,87,0,146,71,0
capture_01_ring_buffer.btsnoop,3203.264822,7,stressed,74,41,255,0,28,85,0,146,68,0
capture_01_ring_buffer.btsnoop,3203.965309,7,stressed,74,45,255,0,28,85,0,146,68,0
capture_01_ring_buffer.btsnoop,3204.796128,7,stressed,74,45,255,0,28,85,0,146,68,0
capture_01_ring_buffer.btsnoop,3205.277385,7,stressed,74,45,255,0,28,85,0,146,68,0
capture_01_ring_buffer.btsnoop,3205.671249,7,stressed,74,45,255,0,28,85,0,146,68,0
capture_01_ring_buffer.btsnoop,3206.239945,7,stressed,74,45,255,0,28,85,0,146,68,0
capture_01_ring_buffer.btsnoop,3206.633904,7,stressed,74,45,255,0,28,85,0,146,68,0
capture_01_ring_buffer.btsnoop,3206.939975,7,stressed,74,45,255,0,28,85,0,146,68,0
capture_01_ring_buffer.btsnoop,3207.246201,7,stressed,74,45,255,0,28,85,0,146,68,0
capture_01_ring_buffer.btsnoop,3207.639962,7,stressed,74,27,255,0,28,85,0,146,68,0
capture_01_ring_buffer.btsnoop,3207.946227,7,stressed,74,28,255,0,28,85,0,146,68,0
capture_01_ring_buffer.btsnoop,3208.296134,7,stressed,74,28,255,0,28,85,0,146,68,0
capture_01_ring_buffer.btsnoop,3208.646239,7,stressed,74,28,255,0,28,85,0,146,68,0
capture_01_ring_buffer.btsnoop,3208.99613,7,stressed,74,28,255,0,28,85,0,146,68,0
capture_01_ring_buffer.btsnoop,3209.302713,7,stressed,74,28,255,0,28,85,0,146,68,0
capture_01_ring_buffer.btsnoop,3209.696418,7,stressed,12,28,255,0,28,85,0,146,68,0
capture_01_ring_buffer.btsnoop,3210.35257,7,stressed,12,28,255,0,28,85,0,146,68,0
capture_01_ring_buffer.btsnoop,3210.658861,7,stressed,12,28,255,0,28,85,0,146,68,0
capture_01_ring_buffer.btsnoop,3210.965036,7,stressed,13,28,255,0,28,85,0,146,68,0
capture_01_ring_buffer.btsnoop,3211.359249,7,stressed,13,28,255,0,28,85,0,146,68,0
capture_01_ring_buffer.btsnoop,3211.665186,7,stressed,13,28,255,0,28,85,0,146,68,0
capture_01_ring_buffer.btsnoop,3211.971359,7,stressed,13,28,255,0,28,85,0,146,68,0
capture_01_ring_buffer.btsnoop,3212.321284,7,stressed,13,28,255,0,28,85,0,146,68,0
capture_01_ring_buffer.btsnoop,3212.672127,7,stressed,14,28,255,0,28,85,0,146,68,0
capture_01_ring_buffer.btsnoop,3212.977697,7,stressed,14,28,255,0,28,85,0,146,68,0
capture_01_ring_buffer.btsnoop,3213.327584,7,stressed,14,28,255,0,28,85,0,146,68,0
capture_01_ring_buffer.btsnoop,3213.721197,7,stressed,14,28,255,0,28,85,0,146,68,0
capture_01_ring_buffer.btsnoop,3214.071315,7,stressed,14,28,255,0,28,85,0,146,68,0
capture_01_ring_buffer.btsnoop,3214.727606,7,stressed,14,28,255,0,28,85,0,146,68,0
capture_01_ring_buffer.btsnoop,3215.033966,7,stressed,14,28,255,0,28,85,0,146,68,0
capture_01_ring_buffer.btsnoop,3215.340112,7,stressed,14,28,255,0,28,85,0,146,68,0
capture_01_ring_buffer.btsnoop,3215.733754,7,stressed,51,51,255,0,28,85,0,146,68,0
capture_01_ring_buffer.btsnoop,3216.08401,7,stressed,51,51,255,0,28,85,0,146,68,0
capture_01_ring_buffer.btsnoop,3216.39009,7,stressed,51,51,255,0,28,85,0,146,68,0
capture_01_ring_buffer.btsnoop,3216.740402,7,stressed,51,51,255,0,28,85,0,146,68,0
capture_01_ring_buffer.btsnoop,3217.046491,7,stressed,51,51,255,0,28,85,0,146,68,0
capture_01_ring_buffer.btsnoop,3217.439925,7,stressed,51,51,255,0,28,85,0,146,68,0
capture_01_ring_buffer.btsnoop,3218.052526,7,stressed,51,51,255,0,28,85,0,146,68,0
capture_01_ring_buffer.btsnoop,3218.40286,7,stressed,51,51,255,0,28,85,0,146,68,0
capture_01_ring_buffer.btsnoop,3218.839939,7,stressed,51,51,255,0,28,85,0,146,68,0
capture_01_ring_buffer.btsnoop,3219.408902,7,stressed,51,51,255,0,28,85,0,146,68,0
capture_01_ring_buffer.btsnoop,3219.802645,7,stressed,51,51,255,0,28,85,0,146,68,0
capture_01_ring_buffer.btsnoop,3220.415322,7,stressed,50,50,255,0,28,85,0,146,68,0
capture_01_ring_buffer.btsnoop,3220.808932,7,stressed,50,50,236,0,28,85,0,146,68,0
capture_01_ring_buffer.btsnoop,3221.421348,7,stressed,50,50,236,0,28,85,0,146,68,0
capture_01_ring_buffer.btsnoop,3221.858837,7,stressed,50,50,223,0,28,85,0,146,68,0
capture_01_ring_buffer.btsnoop,3222.428009,7,stressed,50,50,223,0,28,85,0,146,68,0
capture_01_ring_buffer.btsnoop,3222.777838,7,stressed,50,50,210,0,28,85,0,146,68,0
capture_01_ring_buffer.btsnoop,3223.127799,7,stressed,50,50,210,0,28,85,0,146,68,0
capture_01_ring_buffer.btsnoop,3223.433793,7,stressed,50,50,210,0,28,85,0,146,68,0
capture_01_ring_buffer.btsnoop,3223.827709,7,stressed,50,50,210,0,28,85,0,146,68,0
capture_01_ring_buffer.btsnoop,3224.134019,7,stressed,50,50,210,0,28,85,0,146,68,0
capture_01_ring_buffer.btsnoop,3224.440084,7,stressed,52,52,210,0,28,85,0,146,68,0
capture_01_ring_buffer.btsnoop,3224.790198,7,stressed,52,52,210,0,28,85,0,146,68,0
capture_01_ring_buffer.btsnoop,3225.140135,7,stressed,52,52,210,0,28,85,0,146,68,0
capture_01_ring_buffer.btsnoop,3225.490133,7,stressed,52,52,210,0,28,85,0,146,68,0
capture_01_ring_buffer.btsnoop,3225.883816,7,stressed,53,53,210,0,28,85,0,146,68,0
capture_01_ring_buffer.btsnoop,3226.496452,7,stressed,53,53,210,0,28,85,0,146,68,0
capture_01_ring_buffer.btsnoop,3226.846242,7,stressed,53,53,179,0,28,85,0,146,68,0
capture_01_ring_buffer.btsnoop,3227.152619,7,stressed,53,52,179,0,28,85,0,146,68,0
capture_01_ring_buffer.btsnoop,3227.502616,7,stressed,53,52,179,0,28,85,0,146,68,0
capture_01_ring_buffer.btsnoop,3227.85285,7,stressed,53,52,179,0,28,85,0,146,68,0
capture_01_ring_buffer.btsnoop,3228.159212,7,stressed,53,52,179,0,28,85,0,146,68,0
capture_01_ring_buffer.btsnoop,3228.552556,7,stressed,53,52,179,0,28,85,0,146,68,0
capture_01_ring_buffer.btsnoop,3228.85893,7,stressed,53,52,179,0,28,85,0,146,68,0
capture_01_ring_buffer.btsnoop,3229.16526,7,stressed,53,52,179,0,28,85,0,146,68,0
capture_01_ring_buffer.btsnoop,3229.517205,7,stressed,53,53,179,0,28,85,0,146,68,0
capture_01_ring_buffer.btsnoop,3229.865275,7,stressed,53,53,179,0,28,85,0,146,68,0
capture_01_ring_buffer.btsnoop,3230.171562,7,stressed,53,53,179,0,28,85,0,146,68,0
capture_01_ring_buffer.btsnoop,3230.565114,7,stressed,53,53,179,0,28,85,0,146,68,0
capture_01_ring_buffer.btsnoop,3230.915234,7,stressed,53,53,161,0,28,85,0,146,68,0
capture_01_ring_buffer.btsnoop,3231.527634,7,stressed,53,53,161,0,28,85,0,146,68,0
capture_01_ring_buffer.btsnoop,3231.921587,7,stressed,54,54,158,0,28,85,0,146,68,0
capture_01_ring_buffer.btsnoop,3232.227733,7,stressed,54,54,158,0,28,85,0,146,68,0
capture_01_ring_buffer.btsnoop,3232.533867,7,stressed,54,54,158,0,28,85,0,146,68,0
capture_01_ring_buffer.btsnoop,3232.927907,7,stressed,54,54,158,0,28,85,0,146,68,0
capture_01_ring_buffer.btsnoop,3233.234212,7,stressed,54,54,158,0,28,85,0,146,68,0
capture_01_ring_buffer.btsnoop,3233.540343,7,stressed,54,54,158,0,28,85,0,146,68,0
capture_01_ring_buffer.btsnoop,3233.890174,7,stressed,54,54,158,0,28,85,0,146,68,0
capture_01_ring_buffer.btsnoop,3234.240445,7,stressed,54,54,158,0,28,85,0,146,68,0
capture_01_ring_buffer.btsnoop,3234.590206,7,stressed,54,54,158,0,28,85,0,146,68,0
capture_01_ring_buffer.btsnoop,3234.983921,7,stressed,48,54,172,0,28,85,0,146,68,0
capture_01_ring_buffer.btsnoop,3235.59666,4,distracted,48,54,172,0,28,85,0,146,68,0
capture_01_ring_buffer.btsnoop,3235.946936,4,distracted,48,54,172,0,28,85,0,146,68,0
capture_01_ring_buffer.btsnoop,3236.252662,4,distracted,48,54,172,0,28,85,0,146,68,0
capture_01_ring_buffer.btsnoop,3236.602826,4,distracted,48,54,172,0,28,85,0,146,68,0
capture_01_ring_buffer.btsnoop,3236.996655,4,distracted,47,54,198,0,28,85,0,146,68,0
capture_01_ring_buffer.btsnoop,3237.608979,4,distracted,47,54,198,0,28,85,0,146,68,0
capture_01_ring_buffer.btsnoop,3237.958934,4,distracted,47,54,198,0,28,85,0,146,68,0
capture_01_ring_buffer.btsnoop,3238.265181,4,distracted,47,54,198,0,28,85,0,146,68,0
capture_01_ring_buffer.btsnoop,3238.615302,4,distracted,47,54,198,0,28,85,0,146,68,0
capture_01_ring_buffer.btsnoop,3238.965339,4,distracted,47,54,198,0,28,85,0,146,68,0
capture_01_ring_buffer.btsnoop,3239.271696,4,distracted,47,54,198,0,28,85,0,146,68,0
capture_01_ring_buffer.btsnoop,3239.621426,4,distracted,47,54,198,0,28,85,0,146,68,0
capture_01_ring_buffer.btsnoop,3239.971443,4,distracted,47,54,198,0,28,85,0,146,68,0
capture_01_ring_buffer.btsnoop,3240.277887,4,distracted,47,54,198,0,28,85,0,146,68,0
capture_01_ring_buffer.btsnoop,3240.627732,4,distracted,46,54,198,0,28,85,0,146,68,0
capture_01_ring_buffer.btsnoop,3241.021653,4,distracted,33,54,241,0,28,85,0,146,68,0
capture_01_ring_buffer.btsnoop,3241.327798,4,distracted,33,54,241,0,28,85,0,146,68,0
capture_01_ring_buffer.btsnoop,3241.633946,4,distracted,33,54,241,0,28,85,0,146,68,0
capture_01_ring_buffer.btsnoop,3242.071406,4,distracted,33,33,245,0,28,85,0,146,68,0
capture_01_ring_buffer.btsnoop,3242.684464,4,distracted,33,33,245,0,28,85,0,146,68,0
capture_01_ring_buffer.btsnoop,3243.078001,4,distracted,33,33,245,0,28,85,0,146,68,0
capture_01_ring_buffer.btsnoop,3243.69028,4,distracted,33,31,245,0,28,85,0,146,68,0
capture_01_ring_buffer.btsnoop,3244.040233,4,distracted,61,63,244,0,28,85,0,146,68,0
capture_01_ring_buffer.btsnoop,3244.346577,4,distracted,61,62,244,0,28,85,0,146,68,0
capture_01_ring_buffer.btsnoop,3244.696615,4,distracted,61,62,244,0,28,85,0,146,68,0
capture_01_ring_buffer.btsnoop,3245.046598,4,distracted,61,62,244,0,28,85,0,146,68,0
capture_01_ring_buffer.btsnoop,3245.352832,4,distracted,61,62,244,0,28,85,0,146,68,0
capture_01_ring_buffer.btsnoop,3245.702924,7,stressed,61,63,244,0,28,85,0,146,68,0
capture_01_ring_buffer.btsnoop,3246.052802,7,stressed,61,62,255,0,28,85,0,146,68,0
capture_01_ring_buffer.btsnoop,3246.359037,7,stressed,61,61,255,0,28,85,0,146,68,0
capture_01_ring_buffer.btsnoop,3246.709282,7,stressed,61,60,255,0,28,85,0,146,68,0
capture_01_ring_buffer.btsnoop,3247.102766,7,stressed,65,67,247,0,28,85,0,146,68,0
capture_01_ring_buffer.btsnoop,3247.715309,7,stressed,65,67,247,0,28,85,0,146,68,0
capture_01_ring_buffer.btsnoop,3248.065353,7,stressed,65,67,247,0,28,85,0,146,68,0
capture_01_ring_buffer.btsnoop,3248.371629,7,stressed,65,67,247,0,28,85,0,146,68,0
capture_01_ring_buffer.btsnoop,3248.721794,7,stressed,65,67,247,0,28,85,0,146,68,0
capture_01_ring_buffer.btsnoop,3249.115335,7,stressed,65,67,230,0,28,85,0,146,68,0
capture_01_ring_buffer.btsnoop,3249.727818,7,stressed,66,68,230,0,28,85,0,146,68,0
capture_01_ring_buffer.btsnoop,3250.121617,7,stressed,67,68,230,0,28,85,0,146,68,0
capture_01_ring_buffer.btsnoop,3250.427989,7,stressed,67,68,230,0,28,85,0,146,68,0
capture_01_ring_buffer.btsnoop,3250.734106,7,stressed,67,69,230,0,28,85,0,146,68,0
capture_01_ring_buffer.btsnoop,3251.128188,7,stressed,67,69,230,0,28,85,0,146,68,0
capture_01_ring_buffer.btsnoop,3251.434112,7,stressed,67,69,230,0,28,85,0,146,68,0
capture_01_ring_buffer.btsnoop,3251.740265,4,distracted,68,69,230,0,28,85,0,146,68,0
capture_01_ring_buffer.btsnoop,3252.133925,4,distracted,66,69,209,0,28,85,0,146,68,0
capture_01_ring_buffer.btsnoop,3252.440176,4,distracted,66,69,209,0,28,85,0,146,68,0
capture_01_ring_buffer.btsnoop,3252.790431,4,distracted,66,69,209,0,28,85,0,146,68,0
capture_01_ring_buffer.btsnoop,3253.184144,4,distracted,41,69,196,0,28,85,0,146,68,0
capture_01_ring_buffer.btsnoop,3253.796746,4,distracted,41,69,196,0,28,85,0,146,68,0
capture_01_ring_buffer.btsnoop,3254.146696,4,distracted,41,69,196,0,28,85,0,146,68,0
capture_01_ring_buffer.btsnoop,3254.452905,4,distracted,41,69,196,0,28,85,0,146,68,0
capture_01_ring_buffer.btsnoop,3254.847296,4,distracted,40,69,196,0,28,85,0,146,68,0
capture_01_ring_buffer.btsnoop,3255.459175,4,distracted,39,69,196,0,28,85,0,146,68,0
capture_01_ring_buffer.btsnoop,3255.809156,4,distracted,40,69,196,0,28,85,0,146,68,0
capture_01_ring_buffer.btsnoop,3256.158998,4,distracted,40,69,196,0,28,85,0,146,68,0
capture_01_ring_buffer.btsnoop,3256.465417,4,distracted,40,69,196,0,28,85,0,146,68,0
capture_01_ring_buffer.btsnoop,3256.815366,4,distracted,41,41,196,0,28,85,0,146,68,0
capture_01_ring_buffer.btsnoop,3257.209012,4,distracted,41,31,203,0,28,85,0,146,68,0
capture_01_ring_buffer.btsnoop,3257.821858,4,distracted,41,31,203,0,28,85,0,146,68,0
capture_01_ring_buffer.btsnoop,3258.171758,4,distracted,41,31,203,0,28,85,0,146,68,0
capture_01_ring_buffer.btsnoop,3258.478207,4,distracted,41,30,203,0,28,85,0,146,68,0
capture_01_ring_buffer.btsnoop,3258.82786,4,distracted,41,30,203,0,28,85,0,146,68,0
capture_01_ring_buffer.btsnoop,3259.265438,4,distracted,67,68,198,0,28,85,0,146,68,0
capture_01_ring_buffer.btsnoop,3259.877958,4,distracted,68,69,198,0,28,85,0,146,68,0
capture_01_ring_buffer.btsnoop,3260.228029,4,distracted,46,69,209,0,28,85,0,146,68,0
capture_01_ring_buffer.btsnoop,3260.53414,4,distracted,46,69,209,0,28,85,0,146,68,0
capture_01_ring_buffer.btsnoop,3260.884388,4,distracted,47,69,209,0,28,85,0,146,68,0
capture_01_ring_buffer.btsnoop,3261.234137,4,distracted,47,69,209,0,28,85,0,146,68,0
capture_01_ring_buffer.btsnoop,3261.540535,4,distracted,47,69,209,0,28,85,0,146,68,0
capture_01_ring_buffer.btsnoop,3261.890438,4,distracted,47,69,209,0,28,85,0,146,68,0
capture_01_ring_buffer.btsnoop,3262.284156,4,distracted,48,69,198,0,28,85,0,146,68,0
capture_01_ring_buffer.btsnoop,3262.896747,4,distracted,48,69,198,0,28,85,0,146,68,0
capture_01_ring_buffer.btsnoop,3263.334467,4,distracted,49,69,198,0,28,85,0,146,68,0
capture_01_ring_buffer.btsnoop,3263.902954,4,distracted,48,69,198,0,0,73,0,146,67,0
capture_01_ring_buffer.btsnoop,3264.252958,4,distracted,48,69,198,0,0,73,0,146,67,0
capture_01_ring_buffer.btsnoop,3264.603066,4,distracted,48,69,198,0,0,73,0,146,67,0
capture_01_ring_buffer.btsnoop,3264.909395,4,distracted,48,69,198,0,0,73,0,146,67,0
capture_01_ring_buffer.btsnoop,3265.303057,4,distracted,65,68,212,0,0,73,0,146,67,0
capture_01_ring_buffer.btsnoop,3265.609248,4,distracted,65,68,212,0,0,73,0,146,67,0
capture_01_ring_buffer.btsnoop,3265.95917,4,distracted,65,68,212,0,0,73,0,146,67,0
capture_01_ring_buffer.btsnoop,3266.309216,4,distracted,65,68,212,0,0,73,0,146,67,0
capture_01_ring_buffer.btsnoop,3266.615411,4,distracted,65,68,212,0,0,73,0,146,67,0
capture_01_ring_buffer.btsnoop,3266.965499,4,distracted,65,68,212,0,0,73,0,146,67,0
capture_01_ring_buffer.btsnoop,3267.315534,4,distracted,65,68,212,0,0,73,0,146,67,0
capture_01_ring_buffer.btsnoop,3267.665264,4,distracted,65,68,212,0,0,73,0,146,67,0
capture_01_ring_buffer.btsnoop,3268.321731,4,distracted,65,68,212,0,0,73,0,146,67,0
capture_01_ring_buffer.btsnoop,3268.628237,4,distracted,66,68,212,0,0,73,0,146,67,0
capture_01_ring_buffer.btsnoop,3268.978217,4,distracted,66,69,212,0,0,73,0,146,67,0
capture_01_ring_buffer.btsnoop,3269.328077,4,distracted,67,69,212,0,0,73,0,146,67,0
capture_01_ring_buffer.btsnoop,3269.634183,4,distracted,67,70,212,0,0,73,0,146,67,0
capture_01_ring_buffer.btsnoop,3269.984194,4,distracted,67,70,212,0,0,73,0,146,67,0
capture_01_ring_buffer.btsnoop,3270.421754,4,distracted,68,70,217,0,0,73,0,146,67,0
capture_01_ring_buffer.btsnoop,3270.990639,4,distracted,68,71,217,0,0,73,0,146,67,0
capture_01_ring_buffer.btsnoop,3271.384263,4,distracted,67,70,214,0,0,73,0,146,67,0
capture_01_ring_buffer.btsnoop,3271.99679,4,distracted,67,70,214,0,0,73,0,146,67,0
capture_01_ring_buffer.btsnoop,3272.346997,4,distracted,67,70,214,0,0,73,0,146,67,0
capture_01_ring_buffer.btsnoop,3272.65383,4,distracted,67,70,214,0,0,73,0,146,67,0
capture_01_ring_buffer.btsnoop,3273.003016,4,distracted,67,69,214,0,0,73,0,146,67,0
capture_01_ring_buffer.btsnoop,3273.352978,4,distracted,67,69,214,0,0,73,0,146,67,0
capture_01_ring_buffer.btsnoop,3273.703015,4,distracted,66,69,214,0,0,73,0,146,67,0
capture_01_ring_buffer.btsnoop,3274.009384,4,distracted,66,69,214,0,0,73,0,146,67,0
capture_01_ring_buffer.btsnoop,3274.403692,4,distracted,65,68,214,0,0,73,0,146,67,0
capture_01_ring_buffer.btsnoop,3274.665677,4,distracted,65,68,214,0,0,73,0,146,67,0
capture_01_ring_buffer.btsnoop,3275.015557,4,distracted,66,68,214,0,0,73,0,146,67,0
capture_01_ring_buffer.btsnoop,3275.365625,4,distracted,66,68,214,0,0,73,0,146,67,0
capture_01_ring_buffer.btsnoop,3275.715779,4,distracted,65,68,214,0,0,73,0,146,67,0
capture_01_ring_buffer.btsnoop,3276.022201,4,distracted,65,68,214,0,0,73,0,146,67,0
capture_01_ring_buffer.btsnoop,3276.415744,4,distracted,58,60,214,0,0,73,0,146,67,0
capture_01_ring_buffer.btsnoop,3276.721756,4,distracted,58,60,214,0,0,73,0,146,67,0
capture_01_ring_buffer.btsnoop,3277.028123,4,distracted,58,59,214,0,0,73,0,146,67,0
capture_01_ring_buffer.btsnoop,3277.378181,4,distracted,58,59,214,0,0,73,0,146,67,0
capture_01_ring_buffer.btsnoop,3277.728107,4,distracted,58,59,214,0,0,73,0,146,67,0
capture_01_ring_buffer.btsnoop,3278.078311,4,distracted,58,59,214,0,0,73,0,146,67,0
capture_01_ring_buffer.btsnoop,3278.428299,4,distracted,57,59,214,0,0,73,0,146,67,0
capture_01_ring_buffer.btsnoop,3278.734497,4,distracted,58,59,214,0,0,73,0,146,67,0
capture_01_ring_buffer.btsnoop,3279.084344,4,distracted,58,60,214,0,0,73,0,146,67,0
capture_01_ring_buffer.btsnoop,3279.47812,4,distracted,59,60,214,0,0,73,0,146,67,0
capture_01_ring_buffer.btsnoop,3280.090864,4,distracted,60,62,214,0,0,73,0,146,67,0
capture_01_ring_buffer.btsnoop,3280.440603,4,distracted,60,62,214,0,0,73,0,146,67,0
capture_01_ring_buffer.btsnoop,3280.747006,4,distracted,61,62,214,0,0,73,0,146,67,0
capture_01_ring_buffer.btsnoop,3281.096888,4,distracted,61,63,214,0,0,73,0,146,67,0
capture_01_ring_buffer.btsnoop,3281.490871,4,distracted,28,63,255,0,0,73,0,146,67,0
capture_01_ring_buffer.btsnoop,3282.147145,4,distracted,28,63,255,0,0,73,0,146,67,0
capture_01_ring_buffer.btsnoop,3282.453037,4,distracted,28,63,255,0,0,73,0,146,67,0
capture_01_ring_buffer.btsnoop,3282.75929,4,distracted,29,63,255,0,0,73,0,146,67,0
capture_01_ring_buffer.btsnoop,3283.109405,4,distracted,29,63,255,0,0,73,0,146,67,0
capture_01_ring_buffer.btsnoop,3283.459356,4,distracted,29,63,255,0,0,73,0,146,67,0
capture_01_ring_buffer.btsnoop,3283.809535,4,distracted,29,63,255,0,0,73,0,146,67,0
capture_01_ring_buffer.btsnoop,3284.115671,4,distracted,29,63,255,0,0,73,0,146,67,0
capture_01_ring_buffer.btsnoop,3284.465518,4,distracted,29,63,255,0,0,73,0,146,67,0
capture_01_ring_buffer.btsnoop,3284.815561,4,distracted,29,63,255,0,0,73,0,146,67,0
capture_01_ring_buffer.btsnoop,3285.122115,4,distracted,29,63,255,0,0,73,0,146,67,0
capture_01_ring_buffer.btsnoop,3285.515923,4,distracted,29,63,255,0,0,73,0,146,67,0
capture_01_ring_buffer.btsnoop,3285.822105,4,distracted,29,63,255,0,0,73,0,146,67,0
capture_01_ring_buffer.btsnoop,3286.171979,7,stressed,29,63,255,0,0,73,0,146,67,0
capture_01_ring_buffer.btsnoop,3286.565679,7,stressed,29,27,255,0,0,73,0,146,67,0
capture_01_ring_buffer.btsnoop,3287.178127,7,stressed,29,27,255,0,0,73,0,146,67,0
capture_01_ring_buffer.btsnoop,3287.528436,7,stressed,29,27,255,0,0,73,0,146,67,0
capture_01_ring_buffer.btsnoop,3287.8347,7,stressed,29,28,255,0,0,73,0,146,67,0
capture_01_ring_buffer.btsnoop,3288.228491,7,stressed,29,28,255,0,0,73,0,146,67,0
capture_01_ring_buffer.btsnoop,3288.840682,7,stressed,30,30,255,0,0,73,0,146,67,0
capture_01_ring_buffer.btsnoop,3289.190975,7,stressed,30,30,255,0,0,73,0,146,67,0
capture_01_ring_buffer.btsnoop,3289.540844,7,stressed,30,30,255,0,0,73,0,146,67,0
capture_01_ring_buffer.btsnoop,3289.846907,7,stressed,30,30,255,0,0,73,0,146,67,0
capture_01_ring_buffer.btsnoop,3290.196985,7,stressed,30,30,255,0,0,73,0,146,67,0
capture_01_ring_buffer.btsnoop,3290.546954,7,stressed,30,30,255,0,0,73,0,146,67,0
capture_01_ring_buffer.btsnoop,3290.896919,7,stressed,30,30,255,0,0,73,0,146,67,0
capture_01_ring_buffer.btsnoop,3291.247182,7,stressed,30,30,255,0,0,73,0,146,67,0
capture_01_ring_buffer.btsnoop,3291.553294,7,stressed,30,30,255,0,0,73,0,146,67,0
capture_01_ring_buffer.btsnoop,3291.903148,7,stressed,31,31,255,0,0,73,0,146,67,0
capture_01_ring_buffer.btsnoop,3292.209433,7,stressed,31,31,255,0,0,73,0,146,67,0
capture_01_ring_buffer.btsnoop,3292.603917,7,stressed,31,31,255,0,0,73,0,146,67,0
capture_01_ring_buffer.btsnoop,3292.865972,7,stressed,31,31,255,0,0,73,0,146,67,0
capture_01_ring_buffer.btsnoop,3293.216027,7,stressed,32,32,255,0,0,73,0,146,67,0
capture_01_ring_buffer.btsnoop,3293.609401,7,stressed,29,32,241,0,0,73,0,146,67,0
capture_01_ring_buffer.btsnoop,3294.003183,7,stressed,29,32,241,0,0,73,0,146,67,0
capture_01_ring_buffer.btsnoop,3294.703351,7,stressed,29,32,217,0,0,73,0,146,67,0
capture_01_ring_buffer.btsnoop,3295.534421,7,stressed,29,32,217,0,0,73,0,146,67,0
capture_01_ring_buffer.btsnoop,3295.928249,7,stressed,29,32,217,0,0,73,0,146,67,0
capture_01_ring_buffer.btsnoop,3296.322971,7,stressed,29,32,217,0,0,73,0,146,67,0
capture_01_ring_buffer.btsnoop,3297.022247,7,stressed,29,32,221,0,0,73,0,146,67,0
capture_01_ring_buffer.btsnoop,3297.634398,7,stressed,29,19,221,0,0,73,0,146,67,0
capture_01_ring_buffer.btsnoop,3297.940839,7,stressed,29,20,221,0,0,73,0,146,67,0
capture_01_ring_buffer.btsnoop,3298.290828,7,stressed,29,21,221,0,0,73,0,146,67,0
capture_01_ring_buffer.btsnoop,3298.640954,7,stressed,29,21,202,0,0,73,0,146,67,0
capture_01_ring_buffer.btsnoop,3298.947129,7,stressed,29,21,202,0,0,73,0,146,67,0
capture_01_ring_buffer.btsnoop,3299.296992,7,stressed,29,21,202,0,0,73,0,146,67,0
capture_01_ring_buffer.btsnoop,3299.647339,7,stressed,29,21,202,0,0,73,0,146,67,0
capture_01_ring_buffer.btsnoop,3299.997028,7,stressed,29,21,202,0,0,73,0,146,67,0
capture_01_ring_buffer.btsnoop,3300.303428,7,stressed,29,21,202,0,0,73,0,146,67,0
capture_01_ring_buffer.btsnoop,3300.74104,7,stressed,38,38,151,0,0,73,0,146,67,0
capture_01_ring_buffer.btsnoop,3301.30966,7,stressed,38,38,151,0,0,73,0,146,67,0
capture_01_ring_buffer.btsnoop,3301.703265,7,stressed,44,44,187,0,0,73,0,146,67,0
capture_01_ring_buffer.btsnoop,3302.009462,7,stressed,45,45,187,0,0,73,0,146,67,0
capture_01_ring_buffer.btsnoop,3302.315945,7,stressed,45,45,187,0,0,73,0,146,67,0
capture_01_ring_buffer.btsnoop,3302.753623,7,stressed,45,45,187,0,0,73,0,146,67,0
capture_01_ring_buffer.btsnoop,3303.365813,7,stressed,46,46,187,0,0,73,0,146,67,0
capture_01_ring_buffer.btsnoop,3303.672049,7,stressed,46,46,187,0,0,73,0,146,67,0
capture_01_ring_buffer.btsnoop,3304.022212,7,stressed,47,47,187,0,0,73,0,146,67,0
capture_01_ring_buffer.btsnoop,3304.328572,7,stressed,47,47,187,0,0,73,0,146,67,0
capture_01_ring_buffer.btsnoop,3304.765766,7,stressed,57,56,122,0,0,73,0,146,67,0
capture_01_ring_buffer.btsnoop,3305.334615,4,distracted,57,56,122,0,0,73,0,146,67,0
capture_01_ring_buffer.btsnoop,3305.684558,4,distracted,57,57,122,0,0,73,0,146,67,0
capture_01_ring_buffer.btsnoop,3306.034753,4,distracted,58,57,122,0,0,73,0,146,67,0
capture_01_ring_buffer.btsnoop,3306.428367,4,distracted,58,56,122,0,0,73,0,146,67,0
capture_01_ring_buffer.btsnoop,3307.347046,4,distracted,58,55,122,0,0,73,0,146,67,0
capture_01_ring_buffer.btsnoop,3307.741013,4,distracted,58,54,122,0,0,73,0,146,67,0
capture_01_ring_buffer.btsnoop,3308.091303,4,distracted,58,55,122,0,0,73,0,146,67,0
capture_01_ring_buffer.btsnoop,3308.571838,4,distracted,58,55,122,0,0,73,0,146,67,0
capture_01_ring_buffer.btsnoop,3309.140765,4,distracted,58,54,122,0,0,73,0,146,67,0
capture_01_ring_buffer.btsnoop,3309.753252,4,distracted,58,53,122,0,0,73,0,146,67,0
capture_01_ring_buffer.btsnoop,3310.103292,4,distracted,58,52,122,0,0,73,0,146,67,0
capture_01_ring_buffer.btsnoop,3310.453428,4,distracted,58,52,122,0,0,73,0,146,67,0
capture_01_ring_buffer.btsnoop,3310.847113,4,distracted,58,52,107,0,0,73,0,146,67,0
capture_01_ring_buffer.btsnoop,3311.416004,4,distracted,58,52,107,0,0,73,0,146,67,0
capture_01_ring_buffer.btsnoop,3311.809665,4,distracted,58,52,107,0,0,73,0,146,67,0
capture_01_ring_buffer.btsnoop,3312.160517,4,distracted,58,52,107,0,0,73,0,146,67,0
capture_01_ring_buffer.btsnoop,3312.815948,4,distracted,58,52,107,0,0,73,0,146,67,0
capture_01_ring_buffer.btsnoop,3313.165923,4,distracted,58,52,107,0,0,73,0,146,67,0
capture_01_ring_buffer.btsnoop,3313.472131,4,distracted,58,52,107,0,0,73,0,146,67,0
capture_01_ring_buffer.btsnoop,3313.866258,4,distracted,58,52,107,0,0,73,0,146,67,0
capture_01_ring_buffer.btsnoop,3314.434744,4,distracted,58,52,107,0,0,73,0,146,67,0
capture_01_ring_buffer.btsnoop,3314.784688,4,distracted,58,52,107,0,0,73,0,146,67,0
capture_01_ring_buffer.btsnoop,3315.134711,4,distracted,58,52,107,0,0,73,0,146,67,0
capture_01_ring_buffer.btsnoop,3315.528475,4,distracted,58,52,107,0,0,73,0,146,67,0
capture_01_ring_buffer.btsnoop,3316.140918,4,distracted,58,52,107,0,0,73,0,146,67,0
capture_01_ring_buffer.btsnoop,3316.490929,4,distracted,58,52,107,0,0,73,0,146,67,0
capture_01_ring_buffer.btsnoop,3316.884501,4,distracted,58,52,107,0,0,73,0,146,67,0
capture_01_ring_buffer.btsnoop,3317.497299,4,distracted,58,52,107,0,0,73,0,146,67,0
capture_01_ring_buffer.btsnoop,3317.847287,4,distracted,58,52,107,0,0,73,0,146,67,0
capture_01_ring_buffer.btsnoop,3318.15355,4,distracted,58,52,107,0,0,73,0,146,67,0
capture_01_ring_buffer.btsnoop,3318.503344,4,distracted,58,52,107,0,0,73,0,146,67,0
capture_01_ring_buffer.btsnoop,3318.853585,4,distracted,58,52,107,0,0,73,0,146,67,0
capture_01_ring_buffer.btsnoop,3319.247246,4,distracted,58,52,107,0,0,73,0,146,67,0
capture_01_ring_buffer.btsnoop,3319.859572,4,distracted,58,52,107,0,0,73,0,146,67,0
capture_01_ring_buffer.btsnoop,3320.253526,4,distracted,58,52,107,0,0,73,0,146,67,0
capture_01_ring_buffer.btsnoop,3320.866203,4,distracted,58,52,107,0,0,73,0,146,67,0
capture_01_ring_buffer.btsnoop,3321.259667,4,distracted,58,52,107,0,0,73,0,146,67,0
capture_01_ring_buffer.btsnoop,3321.915855,4,distracted,58,52,107,0,0,73,0,146,67,0
capture_01_ring_buffer.btsnoop,3322.22217,4,distracted,58,52,107,0,0,73,0,146,67,0
capture_01_ring_buffer.btsnoop,3322.572951,4,distracted,58,52,107,0,0,73,0,146,67,0
capture_01_ring_buffer.btsnoop,3322.966156,4,distracted,58,52,117,0,0,73,0,146,67,0
capture_01_ring_buffer.btsnoop,3323.534798,4,distracted,58,52,117,0,0,73,0,146,67,0
capture_01_ring_buffer.btsnoop,3324.015898,4,distracted,58,52,117,0,0,73,0,146,67,0
capture_01_ring_buffer.btsnoop,3324.541179,4,distracted,58,52,117,0,0,73,0,146,69,0
capture_01_ring_buffer.btsnoop,3324.978549,4,distracted,58,52,117,0,0,73,0,146,69,0
capture_01_ring_buffer.btsnoop,3325.678464,4,distracted,58,52,117,0,0,73,0,146,69,0
capture_01_ring_buffer.btsnoop,3326.33489,4,distracted,58,52,117,0,0,73,0,146,69,0
capture_01_ring_buffer.btsnoop,3327.078385,4,distracted,58,52,117,0,0,73,0,146,69,0
capture_01_ring_buffer.btsnoop,3327.690991,4,distracted,58,52,117,0,0,73,0,146,69,0
capture_01_ring_buffer.btsnoop,3328.303587,4,distracted,58,52,117,0,0,73,0,146,69,0
capture_01_ring_buffer.btsnoop,3328.740922,4,distracted,58,52,117,0,0,73,0,146,69,0
capture_01_ring_buffer.btsnoop,3329.397189,4,distracted,58,52,117,0,0,73,0,146,69,0
capture_01_ring_buffer.btsnoop,3330.009863,4,distracted,58,52,117,0,0,73,0,146,69,0
capture_01_ring_buffer.btsnoop,3330.31607,4,distracted,58,52,117,0,0,73,0,146,69,0
capture_01_ring_buffer.btsnoop,3330.753435,4,distracted,58,52,117,0,0,73,0,146,69,0
capture_01_ring_buffer.btsnoop,3331.36606,4,distracted,58,52,117,0,0,73,0,146,69,0
capture_01_ring_buffer.btsnoop,3331.672552,4,distracted,58,52,117,0,0,73,0,146,69,0
capture_01_ring_buffer.btsnoop,3332.022406,4,distracted,58,52,117,0,0,73,0,146,69,0
capture_01_ring_buffer.btsnoop,3332.415878,4,distracted,58,52,117,0,0,73,0,146,69,0
capture_01_ring_buffer.btsnoop,3333.072142,4,distracted,58,52,117,0,0,73,0,146,69,0
capture_01_ring_buffer.btsnoop,3333.465996,4,distracted,58,52,117,0,0,73,0,146,69,0
capture_01_ring_buffer.btsnoop,3334.122409,4,distracted,58,52,117,0,0,73,0,146,69,0
capture_01_ring_buffer.btsnoop,3334.690992,4,distracted,58,52,117,0,0,73,0,146,69,0
capture_01_ring_buffer.btsnoop,3335.041015,4,distracted,58,52,117,0,0,73,0,146,69,0
capture_01_ring_buffer.btsnoop,3335.347157,4,distracted,58,52,117,0,0,73,0,146,69,0
capture_01_ring_buffer.btsnoop,3335.697763,4,distracted,58,52,117,0,0,73,0,146,69,0
capture_01_ring_buffer.btsnoop,3336.091129,4,distracted,58,52,117,0,0,73,0,146,69,0
capture_01_ring_buffer.btsnoop,3336.397214,4,distracted,58,52,117,0,0,73,0,146,69,0
capture_01_ring_buffer.btsnoop,3336.703723,4,distracted,58,52,117,0,0,73,0,146,69,0
capture_01_ring_buffer.btsnoop,3337.0536,4,distracted,67,67,98,0,0,73,0,146,69,0
capture_01_ring_buffer.btsnoop,3337.359765,4,distracted,67,67,98,0,0,73,0,146,69,0
capture_01_ring_buffer.btsnoop,3337.711824,4,distracted,67,67,98,0,0,73,0,146,69,0
capture_01_ring_buffer.btsnoop,3338.103426,4,distracted,67,67,98,0,0,73,0,146,69,0
capture_01_ring_buffer.btsnoop,3338.409752,4,distracted,67,67,98,0,0,73,0,146,69,0
capture_01_ring_buffer.btsnoop,3338.759779,4,distracted,67,67,98,0,0,73,0,146,69,0
capture_01_ring_buffer.btsnoop,3339.066071,4,distracted,67,67,98,0,0,73,0,146,69,0
capture_01_ring_buffer.btsnoop,3339.416194,4,distracted,67,67,98,0,0,73,0,146,69,0
capture_01_ring_buffer.btsnoop,3339.722481,4,distracted,67,67,98,0,0,73,0,146,69,0
capture_01_ring_buffer.btsnoop,3340.116042,4,distracted,67,67,98,0,0,73,0,146,69,0
capture_01_ring_buffer.btsnoop,3340.422133,4,distracted,67,67,98,0,0,73,0,146,69,0
capture_01_ring_buffer.btsnoop,3340.72854,4,distracted,67,67,98,0,0,73,0,146,69,0
capture_01_ring_buffer.btsnoop,3341.078643,4,distracted,67,67,98,0,0,73,0,146,69,0
capture_01_ring_buffer.btsnoop,3341.428591,4,distracted,67,67,98,0,0,73,0,146,69,0
capture_01_ring_buffer.btsnoop,3341.77852,4,distracted,67,67,98,0,0,73,0,146,69,0
capture_01_ring_buffer.btsnoop,3342.172531,4,distracted,67,67,72,0,0,73,0,146,69,0
capture_01_ring_buffer.btsnoop,3342.478296,4,distracted,67,67,72,0,0,73,0,146,69,0
capture_01_ring_buffer.btsnoop,3342.829002,4,distracted,67,67,72,0,0,73,0,146,69,0
capture_01_ring_buffer.btsnoop,3343.134878,4,distracted,67,67,72,0,0,73,0,146,69,0
capture_01_ring_buffer.btsnoop,3343.441145,4,distracted,67,67,72,0,0,73,0,146,69,0
capture_01_ring_buffer.btsnoop,3343.791655,4,distracted,67,67,72,0,0,73,0,146,69,0
capture_01_ring_buffer.btsnoop,3344.141053,4,distracted,67,67,47,0,0,73,0,146,69,0
capture_01_ring_buffer.btsnoop,3344.447706,4,distracted,67,67,47,0,0,73,0,146,69,0
capture_01_ring_buffer.btsnoop,3344.797261,4,distracted,67,67,47,0,0,73,0,146,69,0
capture_01_ring_buffer.btsnoop,3345.191257,4,distracted,67,67,47,0,0,73,0,146,69,0
capture_01_ring_buffer.btsnoop,3345.453622,4,distracted,67,67,47,0,0,73,0,146,69,0
capture_01_ring_buffer.btsnoop,3345.803591,4,distracted,67,67,47,0,0,73,0,146,69,0
capture_01_ring_buffer.btsnoop,3346.153531,4,distracted,67,67,47,0,0,73,0,146,69,0
capture_01_ring_buffer.btsnoop,3346.459861,4,distracted,67,67,47,0,0,73,0,146,69,0
capture_01_ring_buffer.btsnoop,3346.809975,4,distracted,67,67,47,0,0,73,0,146,69,0
capture_01_ring_buffer.btsnoop,3347.204015,4,distracted,67,67,47,0,0,73,0,146,69,0
capture_01_ring_buffer.btsnoop,3347.509836,4,distracted,67,67,47,0,0,73,0,146,69,0
capture_01_ring_buffer.btsnoop,3347.816472,4,distracted,67,67,47,0,0,73,0,146,69,0
capture_01_ring_buffer.btsnoop,3348.209947,4,distracted,67,67,70,0,0,73,0,146,69,0
capture_01_ring_buffer.btsnoop,3348.516124,4,distracted,67,67,70,0,0,73,0,146,69,0
capture_01_ring_buffer.btsnoop,3348.822744,4,distracted,67,67,70,0,0,73,0,146,69,0
capture_01_ring_buffer.btsnoop,3349.216017,4,distracted,67,67,79,0,0,73,0,146,69,0
capture_01_ring_buffer.btsnoop,3349.522609,4,distracted,67,67,79,0,0,73,0,146,69,0
capture_01_ring_buffer.btsnoop,3349.828762,4,distracted,67,67,79,0,0,73,0,146,69,0
capture_01_ring_buffer.btsnoop,3350.353452,4,distracted,67,67,79,0,0,73,0,146,69,0
capture_01_ring_buffer.btsnoop,3350.966257,4,distracted,67,67,79,0,0,73,0,146,69,0
capture_01_ring_buffer.btsnoop,3351.578617,4,distracted,67,67,83,0,0,73,0,146,69,0
capture_01_ring_buffer.btsnoop,3351.928881,2,adapting,67,67,83,0,0,73,0,146,69,0
capture_01_ring_buffer.btsnoop,3352.279291,2,adapting,67,67,100,0,0,73,0,146,69,0
capture_01_ring_buffer.btsnoop,3352.54118,2,adapting,67,67,100,0,0,73,0,146,69,0
capture_01_ring_buffer.btsnoop,3352.891202,2,adapting,67,67,100,0,0,73,0,146,69,0
capture_01_ring_buffer.btsnoop,3353.284871,2,adapting,67,67,100,0,0,73,0,146,69,0
capture_01_ring_buffer.btsnoop,3353.635001,2,adapting,67,67,100,0,0,73,0,146,69,0
capture_01_ring_buffer.btsnoop,3353.9411,2,adapting,67,67,100,0,0,73,0,146,69,0
capture_01_ring_buffer.btsnoop,3354.291325,4,distracted,67,67,110,0,0,73,0,146,69,0
capture_01_ring_buffer.btsnoop,3354.597755,4,distracted,67,67,110,0,0,73,0,146,69,0
capture_01_ring_buffer.btsnoop,3354.947474,4,distracted,67,67,110,0,0,73,0,146,69,0
capture_01_ring_buffer.btsnoop,3355.42904,4,distracted,67,67,110,0,0,73,0,146,69,0
capture_01_ring_buffer.btsnoop,3356.085037,4,distracted,67,67,110,0,0,73,0,146,69,0
capture_01_ring_buffer.btsnoop,3356.653667,4,distracted,67,67,123,0,0,73,0,146,69,0
capture_01_ring_buffer.btsnoop,3357.003655,4,distracted,67,67,123,0,0,73,0,146,69,0
capture_01_ring_buffer.btsnoop,3357.397284,4,distracted,67,67,119,0,0,73,0,146,69,0
capture_01_ring_buffer.btsnoop,3357.966396,4,distracted,67,67,119,0,0,73,0,146,69,0
capture_01_ring_buffer.btsnoop,3358.360073,4,distracted,67,67,119,0,0,73,0,146,69,0
capture_01_ring_buffer.btsnoop,3359.016209,4,distracted,67,67,119,0,0,73,0,146,69,0
capture_01_ring_buffer.btsnoop,3359.366446,4,distracted,67,67,128,0,0,73,0,146,69,0
capture_01_ring_buffer.btsnoop,3359.628711,4,distracted,67,67,128,0,0,73,0,146,69,0
capture_01_ring_buffer.btsnoop,3360.022415,4,distracted,67,67,128,0,0,73,0,146,69,0
capture_01_ring_buffer.btsnoop,3360.372617,4,distracted,67,67,140,0,0,73,0,146,69,0
capture_01_ring_buffer.btsnoop,3360.722602,4,distracted,67,67,140,0,0,73,0,146,69,0
capture_01_ring_buffer.btsnoop,3361.42258,4,distracted,67,67,140,0,0,73,0,146,69,0
capture_01_ring_buffer.btsnoop,3361.991346,4,distracted,67,67,140,0,0,73,0,146,69,0
capture_01_ring_buffer.btsnoop,3362.341273,4,distracted,67,67,140,0,0,73,0,146,69,0
capture_01_ring_buffer.btsnoop,3362.691583,4,distracted,67,67,140,0,0,73,0,146,69,0
capture_01_ring_buffer.btsnoop,3363.041186,4,distracted,67,67,140,0,0,73,0,146,69,0
capture_01_ring_buffer.btsnoop,3363.478947,4,distracted,67,67,148,0,0,73,0,146,69,0
capture_01_ring_buffer.btsnoop,3364.134933,4,distracted,67,67,148,0,0,73,0,146,69,0
capture_01_ring_buffer.btsnoop,3364.70376,4,distracted,67,67,148,0,0,73,0,146,69,0
capture_01_ring_buffer.btsnoop,3365.053756,4,distracted,67,67,148,0,0,73,0,146,69,0
capture_01_ring_buffer.btsnoop,3365.447788,4,distracted,67,67,167,0,0,73,0,146,69,0
capture_01_ring_buffer.btsnoop,3366.148233,4,distracted,67,67,167,0,0,73,0,146,69,0
capture_01_ring_buffer.btsnoop,3366.803941,4,distracted,67,67,180,0,0,73,0,146,69,0
capture_01_ring_buffer.btsnoop,3367.416391,4,distracted,67,67,180,0,0,73,0,146,69,0
capture_01_ring_buffer.btsnoop,3367.722751,4,distracted,67,67,180,0,0,73,0,146,69,0
capture_01_ring_buffer.btsnoop,3368.116184,4,distracted,67,67,180,0,0,73,0,146,69,0
capture_01_ring_buffer.btsnoop,3368.466201,4,distracted,67,67,180,0,0,73,0,146,69,0
capture_01_ring_buffer.btsnoop,3368.728709,4,distracted,67,67,180,0,0,73,0,146,69,0
capture_01_ring_buffer.btsnoop,3369.078716,4,distracted,67,67,180,0,0,73,0,146,69,0
capture_01_ring_buffer.btsnoop,3369.472638,4,distracted,67,67,180,0,0,73,0,146,69,0
capture_01_ring_buffer.btsnoop,3369.734997,4,distracted,67,67,180,0,0,73,0,146,69,0
capture_01_ring_buffer.btsnoop,3370.173331,4,distracted,67,67,180,0,0,73,0,146,69,0
capture_01_ring_buffer.btsnoop,3370.828764,4,distracted,67,67,160,0,0,73,0,146,69,0
capture_01_ring_buffer.btsnoop,3371.528791,4,distracted,67,67,160,0,0,73,0,146,69,0
capture_01_ring_buffer.btsnoop,3372.141343,4,distracted,67,67,160,0,0,73,0,146,69,0
capture_01_ring_buffer.btsnoop,3372.578931,4,distracted,67,67,160,0,0,73,0,146,69,0
capture_01_ring_buffer.btsnoop,3373.103882,4,distracted,67,67,160,0,0,73,0,146,69,0
capture_01_ring_buffer.btsnoop,3373.497863,4,distracted,67,67,160,0,0,73,0,146,69,0
capture_01_ring_buffer.btsnoop,3373.80381,4,distracted,67,67,160,0,0,73,0,146,69,0
capture_01_ring_buffer.btsnoop,3374.241318,4,distracted,67,67,160,0,0,73,0,146,69,0
capture_01_ring_buffer.btsnoop,3374.853799,4,distracted,67,67,160,0,0,73,0,146,69,0
capture_01_ring_buffer.btsnoop,3375.16013,4,distracted,67,67,160,0,0,73,0,146,69,0
capture_01_ring_buffer.btsnoop,3375.510297,4,distracted,67,67,160,0,0,73,0,146,69,0
capture_01_ring_buffer.btsnoop,3375.816395,4,distracted,67,67,160,0,0,73,0,146,69,0
capture_01_ring_buffer.btsnoop,3376.166292,4,distracted,67,67,160,0,0,73,0,146,69,0
capture_01_ring_buffer.btsnoop,3376.60396,4,distracted,67,67,160,0,0,73,0,146,69,0
capture_01_ring_buffer.btsnoop,3377.172533,4,distracted,67,67,160,0,0,73,0,146,69,0
capture_01_ring_buffer.btsnoop,3377.610008,4,distracted,67,67,160,0,0,73,0,146,69,0
capture_01_ring_buffer.btsnoop,3378.222686,4,distracted,67,67,160,0,0,73,0,146,69,0
capture_01_ring_buffer.btsnoop,3378.528807,4,distracted,67,67,160,0,0,73,0,146,69,0
capture_01_ring_buffer.btsnoop,3378.83506,4,distracted,67,67,160,0,0,73,0,146,69,0
capture_01_ring_buffer.btsnoop,3379.185031,4,distracted,67,67,160,0,0,73,0,146,69,0
capture_01_ring_buffer.btsnoop,3379.578908,4,distracted,67,67,160,0,0,73,0,146,69,0
capture_01_ring_buffer.btsnoop,3379.885301,4,distracted,67,67,160,0,0,73,0,146,69,0
capture_01_ring_buffer.btsnoop,3380.191565,4,distracted,67,67,160,0,0,73,0,146,69,0
capture_01_ring_buffer.btsnoop,3380.585652,4,distracted,67,67,183,0,0,73,0,146,69,0
capture_01_ring_buffer.btsnoop,3380.89133,4,distracted,67,67,183,0,0,73,0,146,69,0
capture_01_ring_buffer.btsnoop,3381.197861,4,distracted,67,67,183,0,0,73,0,146,69,0
capture_01_ring_buffer.btsnoop,3381.591352,4,distracted,67,67,183,0,0,73,0,146,69,0
capture_01_ring_buffer.btsnoop,3381.897622,4,distracted,67,67,183,0,0,73,0,146,69,0
capture_01_ring_buffer.btsnoop,3382.247829,4,distracted,67,67,183,0,0,73,0,146,69,0
capture_01_ring_buffer.btsnoop,3382.641921,4,distracted,67,67,193,0,0,73,0,146,69,0
capture_01_ring_buffer.btsnoop,3383.253916,4,distracted,67,67,193,0,0,73,0,146,69,0
capture_01_ring_buffer.btsnoop,3383.647495,4,distracted,67,67,193,0,0,73,0,146,69,0
capture_01_ring_buffer.btsnoop,3384.260904,4,distracted,67,67,193,0,0,73,0,146,69,0
capture_01_ring_buffer.btsnoop,3384.697715,4,distracted,67,67,206,0,0,73,0,146,69,0
capture_01_ring_buffer.btsnoop,3385.441358,4,distracted,67,67,206,0,0,73,0,146,71,0
capture_01_ring_buffer.btsnoop,3385.966614,4,distracted,72,73,172,0,0,73,0,146,71,0
capture_01_ring_buffer.btsnoop,3386.491368,4,distracted,73,73,172,0,0,73,0,146,71,0
capture_01_ring_buffer.btsnoop,3387.060155,4,distracted,75,73,109,0,0,73,0,146,71,0
capture_01_ring_buffer.btsnoop,3387.673062,4,distracted,73,70,109,0,0,73,0,146,71,0
capture_01_ring_buffer.btsnoop,3387.979282,4,distracted,73,69,109,0,0,73,0,146,71,0
capture_01_ring_buffer.btsnoop,3388.416604,4,distracted,73,69,109,0,0,73,0,146,71,0
capture_01_ring_buffer.btsnoop,3389.072618,4,distracted,73,71,182,0,0,73,0,146,71,0
capture_01_ring_buffer.btsnoop,3389.729032,4,distracted,73,71,182,0,0,73,0,146,71,0
capture_01_ring_buffer.btsnoop,3390.035329,4,distracted,73,71,182,0,0,73,0,146,71,0
capture_01_ring_buffer.btsnoop,3390.341406,4,distracted,73,71,182,0,0,73,0,146,71,0
capture_01_ring_buffer.btsnoop,3390.735151,4,distracted,73,72,182,0,0,73,0,146,71,0
capture_01_ring_buffer.btsnoop,3391.041349,4,distracted,73,72,182,0,0,73,0,146,71,0
capture_01_ring_buffer.btsnoop,3391.479064,4,distracted,73,72,182,0,0,73,0,146,71,0
capture_01_ring_buffer.btsnoop,3392.091598,4,distracted,73,72,182,0,0,73,0,146,71,0
capture_01_ring_buffer.btsnoop,3392.485152,4,distracted,73,72,182,0,0,73,0,146,71,0
capture_01_ring_buffer.btsnoop,3393.097636,4,distracted,73,72,182,0,0,73,0,146,71,0
capture_01_ring_buffer.btsnoop,3393.447857,4,distracted,73,72,182,0,0,73,0,146,71,0
capture_01_ring_buffer.btsnoop,3393.754911,4,distracted,73,72,182,0,0,73,0,146,71,0
capture_01_ring_buffer.btsnoop,3394.10394,4,distracted,73,72,182,0,0,73,0,146,71,0
capture_01_ring_buffer.btsnoop,3394.410192,4,distracted,73,72,182,0,0,73,0,146,71,0
capture_01_ring_buffer.btsnoop,3394.803938,4,distracted,73,72,182,0,0,73,0,146,71,0
capture_01_ring_buffer.btsnoop,3395.416629,4,distracted,73,72,182,0,0,73,0,146,71,0
capture_01_ring_buffer.btsnoop,3395.897653,4,distracted,73,72,182,0,0,73,0,146,71,0
capture_01_ring_buffer.btsnoop,3396.422715,4,distracted,73,72,182,0,0,73,0,146,71,0
capture_01_ring_buffer.btsnoop,3396.816572,4,distracted,73,72,182,0,0,73,0,146,71,0
capture_01_ring_buffer.btsnoop,3397.166429,4,distracted,73,73,182,0,0,73,0,146,71,0
capture_01_ring_buffer.btsnoop,3397.867232,4,distracted,73,74,211,0,0,73,0,146,71,0
capture_01_ring_buffer.btsnoop,3398.435156,4,distracted,73,74,211,0,0,73,0,146,71,0
capture_01_ring_buffer.btsnoop,3398.829902,4,distracted,73,74,246,0,0,73,0,146,71,0
capture_01_ring_buffer.btsnoop,3399.135337,4,distracted,73,74,246,0,0,73,0,146,71,0
capture_01_ring_buffer.btsnoop,3399.441615,4,distracted,73,74,246,0,0,73,0,146,71,0
capture_01_ring_buffer.btsnoop,3399.878937,4,distracted,73,72,127,0,0,73,0,146,71,0
capture_01_ring_buffer.btsnoop,3400.4915,4,distracted,74,72,127,0,0,73,0,146,71,0
capture_01_ring_buffer.btsnoop,3400.841734,4,distracted,74,72,127,0,0,73,0,146,71,0
capture_01_ring_buffer.btsnoop,3401.148441,4,distracted,74,72,127,0,0,73,0,146,71,0
capture_01_ring_buffer.btsnoop,3401.497691,4,distracted,74,72,127,0,0,73,0,146,71,0
capture_01_ring_buffer.btsnoop,3401.935163,4,distracted,74,56,122,0,0,73,0,146,71,0
capture_01_ring_buffer.btsnoop,3402.504224,4,distracted,74,56,122,0,0,73,0,146,71,0
capture_01_ring_buffer.btsnoop,3402.897949,4,distracted,74,56,137,0,0,73,0,146,71,0
capture_01_ring_buffer.btsnoop,3403.510139,4,distracted,74,56,137,0,0,73,0,146,71,0
capture_01_ring_buffer.btsnoop,3403.90409,4,distracted,56,56,146,0,0,73,0,146,71,0
capture_01_ring_buffer.btsnoop,3404.516674,4,distracted,56,56,146,0,0,73,0,146,71,0
capture_01_ring_buffer.btsnoop,3404.911257,4,distracted,50,56,146,0,0,73,0,146,71,0
capture_01_ring_buffer.btsnoop,3405.522837,4,distracted,50,50,146,0,0,73,0,146,71,0
capture_01_ring_buffer.btsnoop,3405.916626,4,distracted,53,53,157,0,0,73,0,146,71,0
capture_01_ring_buffer.btsnoop,3406.223155,4,distracted,53,53,157,0,0,73,0,146,71,0
capture_01_ring_buffer.btsnoop,3406.529098,4,distracted,53,53,157,0,0,73,0,146,71,0
capture_01_ring_buffer.btsnoop,3406.922813,4,distracted,53,53,157,0,0,73,0,146,71,0
capture_01_ring_buffer.btsnoop,3407.229085,4,distracted,53,53,157,0,0,73,0,146,71,0
capture_01_ring_buffer.btsnoop,3407.535307,4,distracted,53,53,157,0,0,73,0,146,71,0
capture_01_ring_buffer.btsnoop,3407.929125,4,distracted,53,53,157,0,0,73,0,146,71,0
capture_01_ring_buffer.btsnoop,3408.235531,4,distracted,53,53,157,0,0,73,0,146,71,0
capture_01_ring_buffer.btsnoop,3408.541726,4,distracted,53,53,157,0,0,73,0,146,71,0
capture_01_ring_buffer.btsnoop,3408.935363,4,distracted,48,53,162,0,0,73,0,146,71,0
capture_01_ring_buffer.btsnoop,3409.285332,4,distracted,48,53,162,0,0,73,0,146,71,0
capture_01_ring_buffer.btsnoop,3409.591624,4,distracted,48,53,162,0,0,73,0,146,71,0
capture_01_ring_buffer.btsnoop,3409.98542,4,distracted,57,57,162,0,0,73,0,146,71,0
capture_01_ring_buffer.btsnoop,3410.597835,4,distracted,56,57,162,0,0,73,0,146,71,0
capture_01_ring_buffer.btsnoop,3410.947895,4,distracted,56,57,164,0,0,73,0,146,71,0
capture_01_ring_buffer.btsnoop,3411.254143,4,distracted,56,57,164,0,0,73,0,146,71,0
capture_01_ring_buffer.btsnoop,3411.604143,4,distracted,56,57,164,0,0,73,0,146,71,0
capture_01_ring_buffer.btsnoop,3411.954271,4,distracted,62,62,164,0,0,73,0,146,71,0
capture_01_ring_buffer.btsnoop,3412.260744,4,distracted,63,62,164,0,0,73,0,146,71,0
capture_01_ring_buffer.btsnoop,3412.698016,4,distracted,63,62,164,0,0,73,0,146,71,0
capture_01_ring_buffer.btsnoop,3413.266846,4,distracted,70,70,145,0,0,73,0,146,71,0
capture_01_ring_buffer.btsnoop,3413.616584,4,distracted,70,70,145,0,0,73,0,146,71,0
capture_01_ring_buffer.btsnoop,3414.010682,4,distracted,70,58,166,0,0,73,0,146,71,0
capture_01_ring_buffer.btsnoop,3414.623036,4,distracted,70,58,166,0,0,73,0,146,71,0
capture_01_ring_buffer.btsnoop,3415.016626,4,distracted,70,57,166,0,0,73,0,146,71,0
capture_01_ring_buffer.btsnoop,3415.322972,4,distracted,70,57,166,0,0,73,0,146,71,0
capture_01_ring_buffer.btsnoop,3415.62929,4,distracted,70,57,166,0,0,73,0,146,71,0
capture_01_ring_buffer.btsnoop,3416.023126,4,distracted,70,56,149,0,0,73,0,146,71,0
capture_01_ring_buffer.btsnoop,3416.329134,4,distracted,70,55,149,0,0,73,0,146,71,0
capture_01_ring_buffer.btsnoop,3416.67907,4,distracted,70,55,149,0,0,73,0,146,71,0
capture_01_ring_buffer.btsnoop,3417.029121,4,distracted,70,59,140,0,0,73,0,146,71,0
capture_01_ring_buffer.btsnoop,3417.335467,4,distracted,70,58,140,0,0,73,0,146,71,0
capture_01_ring_buffer.btsnoop,3417.685559,4,distracted,70,57,140,0,0,73,0,146,71,0
capture_01_ring_buffer.btsnoop,3418.079117,4,distracted,70,53,147,0,0,73,0,146,71,0
capture_01_ring_buffer.btsnoop,3418.691658,4,distracted,70,53,147,0,0,73,0,146,71,0
capture_01_ring_buffer.btsnoop,3419.129172,4,distracted,70,50,147,0,0,73,0,146,71,0
capture_01_ring_buffer.btsnoop,3419.742191,4,distracted,70,51,147,0,0,73,0,146,71,0
capture_01_ring_buffer.btsnoop,3420.397949,4,distracted,70,41,141,0,0,73,0,146,71,0
capture_01_ring_buffer.btsnoop,3420.70417,4,distracted,70,41,141,0,0,73,0,146,71,0
capture_01_ring_buffer.btsnoop,3421.054421,4,distracted,70,41,141,0,0,73,0,146,71,0
capture_01_ring_buffer.btsnoop,3421.360381,4,distracted,70,42,141,0,0,73,0,146,71,0
capture_01_ring_buffer.btsnoop,3421.754151,4,distracted,70,42,141,0,0,73,0,146,71,0
capture_01_ring_buffer.btsnoop,3422.104364,4,distracted,70,40,141,0,0,73,0,146,71,0
capture_01_ring_buffer.btsnoop,3422.718299,4,distracted,70,41,141,0,0,73,0,146,71,0
capture_01_ring_buffer.btsnoop,3423.110394,4,distracted,70,54,133,0,0,73,0,146,71,0
capture_01_ring_buffer.btsnoop,3423.766749,4,distracted,70,54,133,0,0,73,0,146,71,0
capture_01_ring_buffer.btsnoop,3424.160413,4,distracted,70,54,133,0,0,73,0,146,71,0
capture_01_ring_buffer.btsnoop,3424.729905,4,distracted,70,54,133,0,0,73,0,146,71,0
capture_01_ring_buffer.btsnoop,3425.122965,4,distracted,70,57,140,0,0,73,0,146,71,0
capture_01_ring_buffer.btsnoop,3425.429369,4,distracted,70,57,140,0,0,73,0,146,71,0
capture_01_ring_buffer.btsnoop,3425.735426,4,distracted,70,57,140,0,0,73,0,146,71,0
capture_01_ring_buffer.btsnoop,3426.17294,4,distracted,70,49,163,0,0,73,0,146,71,0
capture_01_ring_buffer.btsnoop,3426.741841,4,distracted,70,49,163,0,0,73,0,146,71,0
capture_01_ring_buffer.btsnoop,3427.179517,4,distracted,70,59,171,0,0,73,0,146,71,0
capture_01_ring_buffer.btsnoop,3427.791961,4,distracted,70,59,171,0,0,73,0,146,71,0
capture_01_ring_buffer.btsnoop,3428.141796,4,distracted,70,59,171,0,0,73,0,146,71,0
capture_01_ring_buffer.btsnoop,3428.448412,4,distracted,70,59,171,0,0,73,0,146,71,0
capture_01_ring_buffer.btsnoop,3428.797942,4,distracted,70,59,171,0,0,73,0,146,71,0
capture_01_ring_buffer.btsnoop,3429.191876,4,distracted,70,56,179,0,0,73,0,146,71,0
capture_01_ring_buffer.btsnoop,3429.804268,4,distracted,70,56,179,0,0,73,0,146,71,0
capture_01_ring_buffer.btsnoop,3430.241485,4,distracted,70,58,179,0,0,73,0,146,71,0
capture_01_ring_buffer.btsnoop,3430.811073,4,distracted,70,58,179,0,0,73,0,146,71,0
capture_01_ring_buffer.btsnoop,3431.20422,4,distracted,70,58,192,0,0,73,0,146,71,0
capture_01_ring_buffer.btsnoop,3431.816591,4,distracted,70,58,192,0,0,73,0,146,71,0
capture_01_ring_buffer.btsnoop,3432.210653,4,distracted,69,66,204,0,0,73,0,146,71,0
capture_01_ring_buffer.btsnoop,3432.823176,4,distracted,69,66,204,0,0,73,0,146,71,0
capture_01_ring_buffer.btsnoop,3433.216691,4,distracted,69,66,212,0,0,73,0,146,71,0
capture_01_ring_buffer.btsnoop,3433.52332,4,distracted,69,66,212,0,0,73,0,146,71,0
capture_01_ring_buffer.btsnoop,3433.872993,4,distracted,68,66,212,0,0,73,0,146,71,0
capture_01_ring_buffer.btsnoop,3434.22359,4,distracted,72,67,158,0,0,73,0,146,71,0
capture_01_ring_buffer.btsnoop,3434.529403,4,distracted,72,67,158,0,0,73,0,146,71,0
capture_01_ring_buffer.btsnoop,3434.879244,4,distracted,72,66,158,0,0,73,0,146,71,0
capture_01_ring_buffer.btsnoop,3435.229463,4,distracted,72,66,158,0,0,73,0,146,71,0
capture_01_ring_buffer.btsnoop,3435.535505,4,distracted,72,66,158,0,0,73,0,146,71,0
capture_01_ring_buffer.btsnoop,3435.885636,4,distracted,72,66,158,0,0,73,0,146,71,0
capture_01_ring_buffer.btsnoop,3436.279301,4,distracted,72,66,229,0,0,73,0,146,71,0
capture_01_ring_buffer.btsnoop,3436.891947,4,distracted,72,67,229,0,0,73,0,146,71,0
capture_01_ring_buffer.btsnoop,3437.241899,4,distracted,72,67,229,0,0,73,0,146,71,0
capture_01_ring_buffer.btsnoop,3437.898421,4,distracted,72,67,229,0,0,73,0,146,71,0
capture_01_ring_buffer.btsnoop,3438.423205,4,distracted,76,69,239,0,0,73,0,146,71,0
capture_01_ring_buffer.btsnoop,3438.947923,4,distracted,76,69,239,0,0,73,0,146,71,0
capture_01_ring_buffer.btsnoop,3439.254383,4,distracted,76,69,239,0,0,73,0,146,71,0
capture_01_ring_buffer.btsnoop,3439.604314,4,distracted,76,69,239,0,0,73,0,146,71,0
capture_01_ring_buffer.btsnoop,3439.911087,4,distracted,76,69,239,0,0,73,0,146,71,0
capture_01_ring_buffer.btsnoop,3440.348031,4,distracted,77,70,254,0,0,73,0,146,71,0
capture_01_ring_buffer.btsnoop,3440.960467,4,distracted,77,70,254,0,0,73,0,146,71,0
capture_01_ring_buffer.btsnoop,3441.441847,4,distracted,68,70,255,0,0,73,0,146,71,0
capture_01_ring_buffer.btsnoop,3441.967015,4,distracted,68,70,255,0,0,73,0,146,71,0
capture_01_ring_buffer.btsnoop,3442.316892,4,distracted,69,70,255,0,0,73,0,146,71,0
capture_01_ring_buffer.btsnoop,3442.623465,4,distracted,69,70,255,0,0,73,0,146,71,0
capture_01_ring_buffer.btsnoop,3442.973115,4,distracted,69,70,255,0,0,73,0,146,71,0
capture_01_ring_buffer.btsnoop,3443.323187,4,distracted,69,66,255,0,0,73,0,146,71,0
capture_01_ring_buffer.btsnoop,3443.631439,4,distracted,69,66,255,0,0,73,0,146,71,0
capture_01_ring_buffer.btsnoop,3443.979491,4,distracted,69,65,255,0,0,73,0,146,71,0
capture_01_ring_buffer.btsnoop,3444.37313,4,distracted,69,65,255,0,0,73,0,146,71,0
capture_01_ring_buffer.btsnoop,3445.029323,4,distracted,69,66,255,0,0,73,0,146,71,0
capture_01_ring_buffer.btsnoop,3445.860656,4,distracted,69,66,255,0,0,75,0,146,77,0
capture_01_ring_buffer.btsnoop,3446.604328,4,distracted,70,67,255,0,0,75,0,146,77,0
capture_01_ring_buffer.btsnoop,3446.998082,4,distracted,71,67,255,0,0,75,0,146,77,0
capture_01_ring_buffer.btsnoop,3447.391898,4,distracted,52,67,255,0,0,75,0,146,77,0
capture_01_ring_buffer.btsnoop,3448.004279,4,distracted,49,67,255,0,0,75,0,146,77,0
capture_01_ring_buffer.btsnoop,3448.354585,4,distracted,48,67,255,0,0,75,0,146,77,0
capture_01_ring_buffer.btsnoop,3448.704416,4,distracted,48,67,255,0,0,75,0,146,77,0
capture_01_ring_buffer.btsnoop,3449.011126,4,distracted,47,47,255,0,0,75,0,146,77,0
capture_01_ring_buffer.btsnoop,3449.404572,4,distracted,47,47,255,0,0,75,0,146,77,0
capture_01_ring_buffer.btsnoop,3450.017399,4,distracted,47,47,255,0,0,75,0,146,77,0
capture_01_ring_buffer.btsnoop,3450.411106,4,distracted,47,47,255,0,0,75,0,146,77,0
capture_01_ring_buffer.btsnoop,3451.067095,4,distracted,48,48,255,0,0,75,0,146,77,0
capture_01_ring_buffer.btsnoop,3451.373323,4,distracted,49,49,255,0,0,75,0,146,77,0
capture_01_ring_buffer.btsnoop,3451.723262,4,distracted,48,48,255,0,0,75,0,146,77,0
capture_01_ring_buffer.btsnoop,3452.073241,4,distracted,47,47,255,0,0,75,0,146,77,0
capture_01_ring_buffer.btsnoop,3452.423443,4,distracted,47,47,255,0,0,75,0,146,77,0
capture_01_ring_buffer.btsnoop,3452.729969,4,distracted,47,47,255,0,0,75,0,146,77,0
capture_01_ring_buffer.btsnoop,3453.079709,4,distracted,47,47,255,0,0,75,0,146,77,0
capture_01_ring_buffer.btsnoop,3453.42938,4,distracted,46,46,255,0,0,75,0,146,77,0
capture_01_ring_buffer.btsnoop,3453.735679,4,distracted,46,46,255,0,0,75,0,146,77,0
capture_01_ring_buffer.btsnoop,3454.129496,4,distracted,46,46,255,0,0,75,0,146,77,0
capture_01_ring_buffer.btsnoop,3454.74224,4,distracted,46,46,255,0,0,75,0,146,77,0
capture_01_ring_buffer.btsnoop,3455.136074,4,distracted,46,46,255,0,0,75,0,146,77,0
capture_01_ring_buffer.btsnoop,3455.748246,4,distracted,46,46,255,0,0,75,0,146,77,0
capture_01_ring_buffer.btsnoop,3456.098223,4,distracted,46,46,255,0,0,75,0,146,77,0
capture_01_ring_buffer.btsnoop,3456.448471,4,distracted,46,46,255,0,0,75,0,146,77,0
capture_01_ring_buffer.btsnoop,3456.842363,4,distracted,47,47,255,0,0,75,0,146,77,0
capture_01_ring_buffer.btsnoop,3457.49817,4,distracted,48,48,255,0,0,75,0,146,77,0
capture_01_ring_buffer.btsnoop,3458.110736,4,distracted,47,47,255,0,0,75,0,146,77,0
capture_01_ring_buffer.btsnoop,3458.46096,4,distracted,47,47,255,0,0,75,0,146,77,0
capture_01_ring_buffer.btsnoop,3458.898626,4,distracted,47,47,255,0,0,75,0,146,77,0
capture_01_ring_buffer.btsnoop,3459.510825,4,distracted,77,67,223,0,0,75,0,146,77,0
capture_01_ring_buffer.btsnoop,3460.167122,4,distracted,77,67,223,0,0,75,0,146,77,0
capture_01_ring_buffer.btsnoop,3460.5171,4,distracted,77,67,223,0,0,75,0,146,77,0
capture_01_ring_buffer.btsnoop,3460.823383,4,distracted,77,67,223,0,0,75,0,146,77,0
capture_01_ring_buffer.btsnoop,3461.173217,4,distracted,77,67,223,0,0,75,0,146,77,0
capture_01_ring_buffer.btsnoop,3461.567099,4,distracted,57,55,223,0,0,75,0,146,77,0
capture_01_ring_buffer.btsnoop,3462.223459,4,distracted,58,57,223,0,0,75,0,146,77,0
capture_01_ring_buffer.btsnoop,3462.879551,4,distracted,59,58,223,0,0,75,0,146,77,0
capture_01_ring_buffer.btsnoop,3463.185754,4,distracted,60,58,223,0,0,75,0,146,77,0
capture_01_ring_buffer.btsnoop,3463.535856,4,distracted,60,58,223,0,0,75,0,146,77,0
capture_01_ring_buffer.btsnoop,3463.842131,4,distracted,60,59,223,0,0,75,0,146,77,0
capture_01_ring_buffer.btsnoop,3464.192013,4,distracted,60,58,223,0,0,75,0,146,77,0
capture_01_ring_buffer.btsnoop,3464.585796,4,distracted,60,58,223,0,0,75,0,146,77,0
capture_01_ring_buffer.btsnoop,3465.198366,4,distracted,60,58,223,0,0,75,0,146,77,0
capture_01_ring_buffer.btsnoop,3465.592052,4,distracted,64,61,236,0,0,75,0,146,77,0
capture_01_ring_buffer.btsnoop,3466.204741,4,distracted,65,61,236,0,0,75,0,146,77,0
capture_01_ring_buffer.btsnoop,3466.554603,4,distracted,65,61,225,0,0,75,0,146,77,0
capture_01_ring_buffer.btsnoop,3466.90479,4,distracted,65,61,225,0,0,75,0,146,77,0
capture_01_ring_buffer.btsnoop,3467.210933,4,distracted,65,61,225,0,0,75,0,146,77,0
capture_01_ring_buffer.btsnoop,3467.604522,4,distracted,65,61,225,0,0,75,0,146,77,0
capture_01_ring_buffer.btsnoop,3468.217233,4,distracted,65,61,225,0,0,75,0,146,77,0
capture_01_ring_buffer.btsnoop,3468.654663,4,distracted,65,57,185,0,0,75,0,146,77,0
capture_01_ring_buffer.btsnoop,3469.223273,4,distracted,65,57,185,0,0,75,0,146,77,0
capture_01_ring_buffer.btsnoop,3469.660625,4,distracted,66,61,185,0,0,75,0,146,77,0
capture_01_ring_buffer.btsnoop,3470.273121,4,distracted,68,63,185,0,0,75,0,146,77,0
capture_01_ring_buffer.btsnoop,3470.666837,4,distracted,80,70,188,0,0,75,0,146,77,0
capture_01_ring_buffer.btsnoop,3471.279608,4,distracted,80,71,188,0,0,75,0,146,77,0
capture_01_ring_buffer.btsnoop,3471.629612,4,distracted,80,71,188,0,0,75,0,146,77,0
capture_01_ring_buffer.btsnoop,3471.935889,4,distracted,80,71,188,0,0,75,0,146,77,0
capture_01_ring_buffer.btsnoop,3472.329225,4,distracted,81,71,188,0,0,75,0,146,77,0
capture_01_ring_buffer.btsnoop,3472.942217,4,distracted,79,68,188,0,0,75,0,146,77,0
capture_01_ring_buffer.btsnoop,3473.292248,4,distracted,79,68,188,0,0,75,0,146,77,0
capture_01_ring_buffer.btsnoop,3473.729797,4,distracted,65,62,188,0,0,75,0,146,77,0
capture_01_ring_buffer.btsnoop,3474.298577,4,distracted,65,62,188,0,0,75,0,146,77,0
capture_01_ring_buffer.btsnoop,3474.692158,4,distracted,81,72,188,0,0,75,0,146,77,0
capture_01_ring_buffer.btsnoop,3475.305036,4,distracted,81,72,188,0,0,75,0,146,77,0
capture_01_ring_buffer.btsnoop,3475.654688,4,distracted,82,72,188,0,0,75,0,146,77,0
capture_01_ring_buffer.btsnoop,3476.004717,4,distracted,82,73,188,0,0,75,0,146,77,0
capture_01_ring_buffer.btsnoop,3476.354715,4,distracted,82,73,188,0,0,75,0,146,77,0
capture_01_ring_buffer.btsnoop,3476.704614,4,distracted,84,75,188,0,0,75,0,146,77,0
capture_01_ring_buffer.btsnoop,3477.317466,4,distracted,84,75,188,0,0,75,0,146,77,0
capture_01_ring_buffer.btsnoop,3477.711011,4,distracted,82,74,188,0,0,75,0,146,77,0
capture_01_ring_buffer.btsnoop,3478.367282,4,distracted,81,73,188,0,0,75,0,146,77,0
capture_01_ring_buffer.btsnoop,3478.760933,4,distracted,80,72,192,0,0,75,0,146,77,0
capture_01_ring_buffer.btsnoop,3479.37351,4,distracted,81,73,192,0,0,75,0,146,77,0
capture_01_ring_buffer.btsnoop,3479.723476,4,distracted,81,73,192,0,0,75,0,146,77,0
capture_01_ring_buffer.btsnoop,3480.029681,4,distracted,81,73,192,0,0,75,0,146,77,0
capture_01_ring_buffer.btsnoop,3480.379689,4,distracted,81,73,192,0,0,75,0,146,77,0
capture_01_ring_buffer.btsnoop,3480.729882,4,distracted,82,75,192,0,0,75,0,146,77,0
capture_01_ring_buffer.btsnoop,3481.036152,4,distracted,82,75,192,0,0,75,0,146,77,0
capture_01_ring_buffer.btsnoop,3481.385934,4,distracted,83,75,192,0,0,75,0,146,77,0
capture_01_ring_buffer.btsnoop,3481.779804,4,distracted,83,77,177,0,0,75,0,146,77,0
capture_01_ring_buffer.btsnoop,3482.392354,4,distracted,83,77,177,0,0,75,0,146,77,0
capture_01_ring_buffer.btsnoop,3482.786023,4,distracted,83,76,167,0,0,75,0,146,77,0
capture_01_ring_buffer.btsnoop,3483.398741,4,distracted,83,76,167,0,0,75,0,146,77,0
capture_01_ring_buffer.btsnoop,3483.792159,4,distracted,84,77,167,0,0,75,0,146,77,0
capture_01_ring_buffer.btsnoop,3484.404999,4,distracted,84,77,167,0,0,75,0,146,77,0
capture_01_ring_buffer.btsnoop,3484.754734,4,distracted,84,77,167,0,0,75,0,146,77,0
capture_01_ring_buffer.btsnoop,3485.148456,4,distracted,84,77,167,0,0,75,0,146,77,0
capture_01_ring_buffer.btsnoop,3485.804805,4,distracted,84,77,167,0,0,75,0,146,77,0
capture_01_ring_buffer.btsnoop,3486.417326,4,distracted,84,77,167,0,0,75,0,146,77,0
capture_01_ring_buffer.btsnoop,3486.855009,4,distracted,84,78,135,0,0,75,0,146,77,0
capture_01_ring_buffer.btsnoop,3487.423535,4,distracted,84,78,135,0,0,75,0,146,77,0
capture_01_ring_buffer.btsnoop,3487.81734,4,distracted,84,81,128,0,0,75,0,146,77,0
capture_01_ring_buffer.btsnoop,3488.16733,4,distracted,84,81,128,0,0,75,0,146,77,0
capture_01_ring_buffer.btsnoop,3488.779997,4,distracted,84,81,128,0,0,75,0,146,77,0
capture_01_ring_buffer.btsnoop,3489.12982,4,distracted,84,81,128,0,0,75,0,146,77,0
capture_01_ring_buffer.btsnoop,3489.479837,4,distracted,84,81,128,0,0,75,0,146,77,0
capture_01_ring_buffer.btsnoop,3489.829939,4,distracted,84,80,121,0,0,75,0,146,77,0
capture_01_ring_buffer.btsnoop,3490.179876,4,distracted,84,80,121,0,0,75,0,146,77,0
capture_01_ring_buffer.btsnoop,3490.486148,4,distracted,84,80,121,0,0,75,0,146,77,0
capture_01_ring_buffer.btsnoop,3490.836129,4,distracted,84,80,121,0,0,75,0,146,77,0
capture_01_ring_buffer.btsnoop,3491.142301,4,distracted,84,80,121,0,0,75,0,146,77,0
capture_01_ring_buffer.btsnoop,3491.492362,4,distracted,84,80,121,0,0,75,0,146,77,0
capture_01_ring_buffer.btsnoop,3491.886308,4,distracted,84,79,108,0,0,75,0,146,77,0
capture_01_ring_buffer.btsnoop,3492.498675,4,distracted,84,78,108,0,0,75,0,146,77,0
capture_01_ring_buffer.btsnoop,3492.848537,4,distracted,88,82,105,0,0,75,0,146,77,0
capture_01_ring_buffer.btsnoop,3493.15499,4,distracted,89,82,105,0,0,75,0,146,77,0
capture_01_ring_buffer.btsnoop,3493.548793,4,distracted,89,82,105,0,0,75,0,146,77,0
capture_01_ring_buffer.btsnoop,3493.898719,4,distracted,83,77,121,0,0,75,0,146,77,0
capture_01_ring_buffer.btsnoop,3494.511247,4,distracted,83,77,121,0,0,75,0,146,77,0
capture_01_ring_buffer.btsnoop,3494.861072,4,distracted,83,77,121,0,0,75,0,146,77,0
capture_01_ring_buffer.btsnoop,3495.167632,4,distracted,83,77,121,0,0,75,0,146,77,0
capture_01_ring_buffer.btsnoop,3495.517956,4,distracted,83,77,121,0,0,75,0,146,77,0
capture_01_ring_buffer.btsnoop,3495.955019,4,distracted,83,77,115,0,0,75,0,146,77,0
capture_01_ring_buffer.btsnoop,3496.523588,4,distracted,83,77,115,0,0,75,0,146,77,0
capture_01_ring_buffer.btsnoop,3496.873816,4,distracted,83,77,115,0,0,75,0,146,77,0
capture_01_ring_buffer.btsnoop,3497.223489,4,distracted,83,77,115,0,0,75,0,146,77,0
capture_01_ring_buffer.btsnoop,3497.529873,4,distracted,83,77,115,0,0,75,0,146,77,0
capture_01_ring_buffer.btsnoop,3497.923729,4,distracted,83,77,105,0,0,75,0,146,77,0
capture_01_ring_buffer.btsnoop,3498.229757,4,distracted,83,77,105,0,0,75,0,146,77,0
capture_01_ring_buffer.btsnoop,3498.53612,4,distracted,83,77,105,0,0,75,0,146,77,0
capture_01_ring_buffer.btsnoop,3498.929904,4,distracted,83,77,105,0,0,75,0,146,77,0
capture_01_ring_buffer.btsnoop,3499.279827,4,distracted,83,77,105,0,0,75,0,146,77,0
capture_01_ring_buffer.btsnoop,3499.629984,4,distracted,81,75,105,0,0,75,0,146,77,0
capture_01_ring_buffer.btsnoop,3500.286014,4,distracted,80,74,105,0,0,75,0,146,77,0
capture_01_ring_buffer.btsnoop,3500.63613,4,distracted,80,74,105,0,0,75,0,146,77,0
capture_01_ring_buffer.btsnoop,3501.248522,4,distracted,79,74,105,0,0,75,0,146,77,0
capture_01_ring_buffer.btsnoop,3501.686213,4,distracted,79,74,105,0,0,75,0,146,77,0
capture_01_ring_buffer.btsnoop,3502.254876,4,distracted,79,74,114,0,0,75,0,146,77,0
capture_01_ring_buffer.btsnoop,3502.650072,4,distracted,79,74,114,0,0,75,0,146,77,0
capture_01_ring_buffer.btsnoop,3503.042286,4,distracted,79,74,114,0,0,75,0,146,77,0
capture_01_ring_buffer.btsnoop,3503.611161,4,distracted,79,74,114,0,0,75,0,146,77,0
capture_01_ring_buffer.btsnoop,3503.961033,4,distracted,79,74,114,0,0,75,0,146,77,0
capture_01_ring_buffer.btsnoop,3504.311018,4,distracted,79,74,114,0,0,75,0,146,77,0
capture_01_ring_buffer.btsnoop,3504.661299,4,distracted,79,74,114,0,0,75,0,146,77,0
capture_01_ring_buffer.btsnoop,3505.011078,4,distracted,79,74,114,0,0,75,0,146,77,0
capture_01_ring_buffer.btsnoop,3505.317474,4,distracted,79,74,114,0,0,75,0,146,77,0
capture_01_ring_buffer.btsnoop,3505.667417,4,distracted,79,74,114,0,0,75,0,146,77,0
capture_01_ring_buffer.btsnoop,3505.973708,4,distracted,79,74,114,0,0,75,0,146,77,0
capture_01_ring_buffer.btsnoop,3506.323656,4,distracted,79,74,114,0,0,75,0,146,81,0
capture_01_ring_buffer.btsnoop,3506.673832,4,distracted,79,74,114,0,0,75,0,146,81,0
capture_01_ring_buffer.btsnoop,3507.023599,4,distracted,79,74,114,0,0,75,0,146,81,0
capture_01_ring_buffer.btsnoop,3507.329996,4,distracted,79,74,114,0,0,75,0,146,81,0
capture_01_ring_buffer.btsnoop,3507.636006,4,distracted,79,74,114,0,0,75,0,146,81,0
capture_01_ring_buffer.btsnoop,3507.986212,4,distracted,79,74,114,0,0,75,0,146,81,0
capture_01_ring_buffer.btsnoop,3508.336382,4,distracted,79,74,114,0,0,75,0,146,81,0
capture_01_ring_buffer.btsnoop,3508.730206,4,distracted,79,74,114,0,0,75,0,146,81,0
capture_01_ring_buffer.btsnoop,3509.079974,4,distracted,79,74,114,0,0,75,0,146,81,0
capture_01_ring_buffer.btsnoop,3509.693068,4,distracted,79,74,114,0,0,75,0,146,81,0
capture_01_ring_buffer.btsnoop,3510.129845,4,distracted,42,74,118,0,0,75,0,146,81,0
capture_01_ring_buffer.btsnoop,3510.78601,4,distracted,43,74,118,0,0,75,0,146,81,0
capture_01_ring_buffer.btsnoop,3511.39834,4,distracted,44,74,118,0,0,75,0,146,81,0
capture_01_ring_buffer.btsnoop,3511.704954,4,distracted,44,74,118,0,0,75,0,146,81,0
capture_01_ring_buffer.btsnoop,3512.098664,4,distracted,44,74,118,0,0,75,0,146,81,0
capture_01_ring_buffer.btsnoop,3512.36159,4,distracted,45,74,118,0,0,75,0,146,81,0
capture_01_ring_buffer.btsnoop,3512.71167,4,distracted,45,74,118,0,0,75,0,146,81,0
capture_01_ring_buffer.btsnoop,3513.061446,4,distracted,45,74,118,0,0,75,0,146,81,0
capture_01_ring_buffer.btsnoop,3513.367444,4,distracted,45,74,118,0,0,75,0,146,81,0
capture_01_ring_buffer.btsnoop,3513.717442,4,distracted,45,74,118,0,0,75,0,146,81,0
capture_01_ring_buffer.btsnoop,3514.067739,4,distracted,46,74,118,0,0,75,0,146,81,0
capture_01_ring_buffer.btsnoop,3514.41749,4,distracted,46,74,118,0,0,75,0,146,81,0
capture_01_ring_buffer.btsnoop,3514.723815,4,distracted,46,74,118,0,0,75,0,146,81,0
capture_01_ring_buffer.btsnoop,3515.117375,4,distracted,57,74,136,0,0,75,0,146,81,0
capture_01_ring_buffer.btsnoop,3515.467488,4,distracted,57,74,136,0,0,75,0,146,81,0
capture_01_ring_buffer.btsnoop,3515.729982,4,distracted,57,74,136,0,0,75,0,146,81,0
capture_01_ring_buffer.btsnoop,3516.080046,4,distracted,57,74,136,0,0,75,0,146,81,0
capture_01_ring_buffer.btsnoop,3516.430003,4,distracted,57,74,136,0,0,75,0,146,81,0
capture_01_ring_buffer.btsnoop,3516.736253,2,adapting,57,74,136,0,0,75,0,146,81,0
capture_01_ring_buffer.btsnoop,3517.130435,2,adapting,57,74,136,0,0,75,0,146,81,0
capture_01_ring_buffer.btsnoop,3517.479945,2,adapting,57,74,136,0,0,75,0,146,81,0
capture_01_ring_buffer.btsnoop,3517.786402,2,adapting,57,74,136,0,0,75,0,146,81,0
capture_01_ring_buffer.btsnoop,3518.13617,2,adapting,57,74,136,0,0,75,0,146,81,0
capture_01_ring_buffer.btsnoop,3518.442744,2,adapting,57,74,136,0,0,75,0,146,81,0
capture_01_ring_buffer.btsnoop,3518.879985,2,adapting,57,74,136,0,0,75,0,146,81,0
capture_01_ring_buffer.btsnoop,3519.448749,2,adapting,57,74,136,0,0,75,0,146,81,0
capture_01_ring_buffer.btsnoop,3519.79882,2,adapting,57,74,136,0,0,75,0,146,81,0
capture_01_ring_buffer.btsnoop,3520.192491,2,adapting,57,74,136,0,0,75,0,146,81,0
capture_01_ring_buffer.btsnoop,3520.804968,2,adapting,57,74,136,0,0,75,0,146,81,0
capture_01_ring_buffer.btsnoop,3521.155393,2,adapting,57,74,136,0,0,75,0,146,81,0
capture_01_ring_buffer.btsnoop,3521.461623,2,adapting,57,74,136,0,0,75,0,146,81,0
capture_01_ring_buffer.btsnoop,3521.811215,2,adapting,57,74,136,0,0,75,0,146,81,0
capture_01_ring_buffer.btsnoop,3522.161374,2,adapting,58,74,136,0,0,75,0,146,81,0
capture_01_ring_buffer.btsnoop,3522.467506,2,adapting,58,74,136,0,0,75,0,146,81,0
capture_01_ring_buffer.btsnoop,3522.817552,2,adapting,58,74,136,0,0,75,0,146,81,0
capture_01_ring_buffer.btsnoop,3523.211545,2,adapting,76,74,106,0,0,75,0,146,81,0
capture_01_ring_buffer.btsnoop,3523.648783,2,adapting,76,74,106,0,0,75,0,146,81,0
capture_01_ring_buffer.btsnoop,3524.261366,2,adapting,76,74,106,0,0,75,0,146,81,0
capture_01_ring_buffer.btsnoop,3524.917493,2,adapting,76,74,106,0,0,75,0,146,81,0
capture_01_ring_buffer.btsnoop,3525.530037,2,adapting,60,74,110,0,0,75,0,146,81,0
capture_01_ring_buffer.btsnoop,3525.836402,2,adapting,60,74,110,0,0,75,0,146,81,0
capture_01_ring_buffer.btsnoop,3526.361267,2,adapting,60,74,110,0,0,75,0,146,81,0
capture_01_ring_buffer.btsnoop,3527.061467,2,adapting,60,74,110,0,0,75,0,146,81,0
capture_01_ring_buffer.btsnoop,3527.542595,2,adapting,60,74,110,0,0,75,0,146,81,0
capture_01_ring_buffer.btsnoop,3527.892717,2,adapting,60,74,110,0,0,75,0,146,81,0
capture_01_ring_buffer.btsnoop,3528.330193,2,adapting,60,74,110,0,0,75,0,146,81,0
capture_01_ring_buffer.btsnoop,3528.899771,2,adapting,60,74,110,0,0,75,0,146,81,0
capture_01_ring_buffer.btsnoop,3529.249008,2,adapting,60,74,110,0,0,75,0,146,81,0
capture_01_ring_buffer.btsnoop,3529.555328,2,adapting,60,74,110,0,0,75,0,146,81,0
capture_01_ring_buffer.btsnoop,3529.905233,2,adapting,60,74,110,0,0,75,0,146,81,0
capture_01_ring_buffer.btsnoop,3530.298923,2,adapting,60,74,126,0,0,75,0,146,81,0
capture_01_ring_buffer.btsnoop,3530.561365,2,adapting,60,74,126,0,0,75,0,146,81,0
capture_01_ring_buffer.btsnoop,3530.911602,2,adapting,60,74,126,0,0,75,0,146,81,0
capture_01_ring_buffer.btsnoop,3531.305656,2,adapting,60,74,114,0,0,75,0,146,81,0
capture_01_ring_buffer.btsnoop,3531.567796,2,adapting,60,74,114,0,0,75,0,146,81,0
capture_01_ring_buffer.btsnoop,3531.917519,2,adapting,60,74,114,0,0,75,0,146,81,0
capture_01_ring_buffer.btsnoop,3532.31187,2,adapting,60,74,115,0,0,75,0,146,81,0
capture_01_ring_buffer.btsnoop,3532.618659,2,adapting,60,74,115,0,0,75,0,146,81,0
capture_01_ring_buffer.btsnoop,3532.923874,2,adapting,60,74,115,0,0,75,0,146,81,0
capture_01_ring_buffer.btsnoop,3533.317667,2,adapting,60,74,115,0,0,75,0,146,81,0
capture_01_ring_buffer.btsnoop,3533.623838,2,adapting,60,74,115,0,0,75,0,146,81,0
capture_01_ring_buffer.btsnoop,3533.93011,2,adapting,60,74,115,0,0,75,0,146,81,0
capture_01_ring_buffer.btsnoop,3534.324018,3,in_motion,60,74,113,0,0,75,0,146,81,0
capture_01_ring_buffer.btsnoop,3534.630196,3,in_motion,60,74,113,0,0,75,0,146,81,0
capture_01_ring_buffer.btsnoop,3534.936326,3,in_motion,60,74,113,0,0,75,0,146,81,0
capture_01_ring_buffer.btsnoop,3535.373929,3,in_motion,60,74,113,0,0,75,0,146,81,0
capture_01_ring_buffer.btsnoop,3535.942729,3,in_motion,60,74,113,0,0,75,0,146,81,0
capture_01_ring_buffer.btsnoop,3536.292846,3,in_motion,60,74,113,0,0,75,0,146,81,0
capture_01_ring_buffer.btsnoop,3536.686388,3,in_motion,60,74,113,0,0,75,0,146,81,0
capture_01_ring_buffer.btsnoop,3536.992947,3,in_motion,60,74,113,0,0,75,0,146,81,0
capture_01_ring_buffer.btsnoop,3537.299361,3,in_motion,60,74,113,0,0,75,0,146,81,0
capture_01_ring_buffer.btsnoop,3537.736404,3,in_motion,60,74,113,0,0,75,0,146,81,0
capture_01_ring_buffer.btsnoop,3538.305218,3,in_motion,60,74,113,0,0,75,0,146,81,0
capture_01_ring_buffer.btsnoop,3538.655187,3,in_motion,60,74,113,0,0,75,0,146,81,0
capture_01_ring_buffer.btsnoop,3539.005343,3,in_motion,60,74,113,0,0,75,0,146,81,0
capture_01_ring_buffer.btsnoop,3539.355258,3,in_motion,60,74,113,0,0,75,0,146,81,0
capture_01_ring_buffer.btsnoop,3539.661448,3,in_motion,60,74,113,0,0,75,0,146,81,0
capture_01_ring_buffer.btsnoop,3540.011583,3,in_motion,60,74,113,0,0,75,0,146,81,0
capture_01_ring_buffer.btsnoop,3540.361537,2,adapting,60,74,113,0,0,75,0,146,81,0
capture_01_ring_buffer.btsnoop,3540.667693,2,adapting,60,74,113,0,0,75,0,146,81,0
capture_01_ring_buffer.btsnoop,3541.017717,2,adapting,60,74,113,0,0,75,0,146,81,0
capture_01_ring_buffer.btsnoop,3541.411475,2,adapting,60,74,129,0,0,75,0,146,81,0
capture_01_ring_buffer.btsnoop,3541.673943,2,adapting,60,74,129,0,0,75,0,146,81,0
capture_01_ring_buffer.btsnoop,3542.024086,2,adapting,60,74,129,0,0,75,0,146,81,0
capture_01_ring_buffer.btsnoop,3542.373961,2,adapting,60,74,129,0,0,75,0,146,81,0
capture_01_ring_buffer.btsnoop,3542.680734,2,adapting,60,74,129,0,0,75,0,146,81,0
capture_01_ring_buffer.btsnoop,3543.030375,2,adapting,60,74,129,0,0,75,0,146,81,0
capture_01_ring_buffer.btsnoop,3543.423992,2,adapting,60,74,129,0,0,75,0,146,81,0
capture_01_ring_buffer.btsnoop,3543.730579,2,adapting,60,74,129,0,0,75,0,146,81,0
capture_01_ring_buffer.btsnoop,3544.036417,2,adapting,60,74,129,0,0,75,0,146,81,0
capture_01_ring_buffer.btsnoop,3544.430751,2,adapting,60,74,129,0,0,75,0,146,81,0
capture_01_ring_buffer.btsnoop,3544.736494,2,adapting,60,74,129,0,0,75,0,146,81,0
capture_01_ring_buffer.btsnoop,3545.043212,2,adapting,60,74,129,0,0,75,0,146,81,0
capture_01_ring_buffer.btsnoop,3545.436417,2,adapting,60,74,129,0,0,75,0,146,81,0
capture_01_ring_buffer.btsnoop,3545.742955,2,adapting,60,74,129,0,0,75,0,146,81,0
capture_01_ring_buffer.btsnoop,3546.092738,2,adapting,60,74,129,0,0,75,0,146,81,0
capture_01_ring_buffer.btsnoop,3546.442946,2,adapting,60,74,129,0,0,75,0,146,81,0
capture_01_ring_buffer.btsnoop,3546.748935,2,adapting,60,74,129,0,0,75,0,146,81,0
capture_01_ring_buffer.btsnoop,3547.09892,2,adapting,60,74,129,0,0,75,0,146,81,0
capture_01_ring_buffer.btsnoop,3547.449157,2,adapting,60,74,101,0,0,75,0,146,81,0
capture_01_ring_buffer.btsnoop,3547.755202,2,adapting,60,74,101,0,0,75,0,146,81,0
capture_01_ring_buffer.btsnoop,3548.105429,2,adapting,60,74,101,0,0,75,0,146,81,0
capture_01_ring_buffer.btsnoop,3548.499237,2,adapting,60,74,101,0,0,75,0,146,81,0
capture_01_ring_buffer.btsnoop,3548.761551,2,adapting,60,74,101,0,0,75,0,146,81,0
capture_01_ring_buffer.btsnoop,3549.111512,2,adapting,60,74,101,0,0,75,0,146,81,0
capture_01_ring_buffer.btsnoop,3549.461732,2,adapting,60,74,101,0,0,75,0,146,81,0
capture_01_ring_buffer.btsnoop,3549.811261,2,adapting,60,74,101,0,0,75,0,146,81,0
capture_01_ring_buffer.btsnoop,3550.161744,2,adapting,60,74,101,0,0,75,0,146,81,0
capture_01_ring_buffer.btsnoop,3550.467777,2,adapting,60,74,119,0,0,75,0,146,81,0
capture_01_ring_buffer.btsnoop,3550.7741,2,adapting,60,74,119,0,0,75,0,146,81,0
capture_01_ring_buffer.btsnoop,3551.124291,2,adapting,60,74,119,0,0,75,0,146,81,0
capture_01_ring_buffer.btsnoop,3551.474083,2,adapting,60,74,119,0,0,75,0,146,81,0
capture_01_ring_buffer.btsnoop,3551.780364,2,adapting,60,74,119,0,0,75,0,146,81,0
capture_01_ring_buffer.btsnoop,3552.13043,2,adapting,60,74,119,0,0,75,0,146,81,0
capture_01_ring_buffer.btsnoop,3552.567864,2,adapting,60,74,126,0,0,75,0,146,81,0
capture_01_ring_buffer.btsnoop,3553.136727,2,adapting,60,74,126,0,0,75,0,146,81,0
capture_01_ring_buffer.btsnoop,3553.530407,2,adapting,60,74,116,0,0,75,0,146,81,0
capture_01_ring_buffer.btsnoop,3553.836812,2,adapting,60,74,116,0,0,75,0,146,81,0
capture_01_ring_buffer.btsnoop,3554.142757,2,adapting,60,74,116,0,0,75,0,146,81,0
capture_01_ring_buffer.btsnoop,3554.536659,2,adapting,60,74,116,0,0,75,0,146,81,0
capture_01_ring_buffer.btsnoop,3554.842931,2,adapting,60,74,116,0,0,75,0,146,81,0
capture_01_ring_buffer.btsnoop,3555.149047,2,adapting,60,74,116,0,0,75,0,146,81,0
capture_01_ring_buffer.btsnoop,3555.542998,2,adapting,60,74,116,0,0,75,0,146,81,0
capture_01_ring_buffer.btsnoop,3555.849122,2,adapting,60,74,116,0,0,75,0,146,81,0
capture_01_ring_buffer.btsnoop,3556.199188,2,adapting,60,74,116,0,0,75,0,146,81,0
capture_01_ring_buffer.btsnoop,3556.549177,2,adapting,60,74,116,0,0,75,0,146,81,0
capture_01_ring_buffer.btsnoop,3556.855606,2,adapting,60,74,116,0,0,75,0,146,81,0
capture_01_ring_buffer.btsnoop,3557.205504,2,adapting,60,74,116,0,0,75,0,146,81,0
capture_01_ring_buffer.btsnoop,3557.599272,2,adapting,60,74,116,0,0,75,0,146,81,0
capture_01_ring_buffer.btsnoop,3557.905372,2,adapting,60,74,116,0,0,75,0,146,81,0
capture_01_ring_buffer.btsnoop,3558.2116,2,adapting,60,74,116,0,0,75,0,146,81,0
capture_01_ring_buffer.btsnoop,3558.605597,2,adapting,60,74,116,0,0,75,0,146,81,0
capture_01_ring_buffer.btsnoop,3558.867818,2,adapting,60,74,116,0,0,75,0,146,81,0
capture_01_ring_buffer.btsnoop,3559.261777,2,adapting,60,74,116,0,0,75,0,146,81,0
capture_01_ring_buffer.btsnoop,3559.61138,2,adapting,60,74,116,0,0,75,0,146,81,0
capture_01_ring_buffer.btsnoop,3559.917857,2,adapting,60,74,116,0,0,75,0,146,81,0
capture_01_ring_buffer.btsnoop,3560.224147,2,adapting,60,74,116,0,0,75,0,146,81,0
capture_01_ring_buffer.btsnoop,3560.618154,2,adapting,60,74,102,0,0,75,0,146,81,0
capture_01_ring_buffer.btsnoop,3560.924048,2,adapting,60,74,102,0,0,75,0,146,81,0
capture_01_ring_buffer.btsnoop,3561.274306,2,adapting,60,74,102,0,0,75,0,146,81,0
capture_01_ring_buffer.btsnoop,3561.886797,2,adapting,60,74,102,0,0,75,0,146,81,0
capture_01_ring_buffer.btsnoop,3562.236733,2,adapting,60,74,102,0,0,75,0,146,81,0
capture_01_ring_buffer.btsnoop,3562.630832,2,adapting,60,74,102,0,0,75,0,146,81,0
capture_01_ring_buffer.btsnoop,3562.936724,2,adapting,60,74,102,0,0,75,0,146,81,0
capture_01_ring_buffer.btsnoop,3563.242928,2,adapting,60,74,102,0,0,75,0,146,81,0
capture_01_ring_buffer.btsnoop,3563.680376,2,adapting,60,74,102,0,0,75,0,146,81,0
capture_01_ring_buffer.btsnoop,3564.249313,2,adapting,60,74,102,0,0,75,0,146,81,0
capture_01_ring_buffer.btsnoop,3564.599197,2,adapting,60,74,102,0,0,75,0,146,81,0
capture_01_ring_buffer.btsnoop,3564.949315,2,adapting,60,74,102,0,0,75,0,146,81,0
capture_01_ring_buffer.btsnoop,3565.299121,2,adapting,60,74,102,0,0,75,0,146,81,0
capture_01_ring_buffer.btsnoop,3565.649338,2,adapting,60,74,103,0,0,75,0,146,81,0
capture_01_ring_buffer.btsnoop,3565.999372,2,adapting,60,74,103,0,0,75,0,146,81,0
capture_01_ring_buffer.btsnoop,3566.305406,2,adapting,60,74,103,0,0,75,0,146,81,0
capture_01_ring_buffer.btsnoop,3566.743296,2,adapting,60,74,102,0,0,75,0,146,81,0
capture_01_ring_buffer.btsnoop,3567.312143,2,adapting,60,74,102,0,0,75,0,146,81,0
capture_01_ring_buffer.btsnoop,3567.705452,2,adapting,60,74,109,0,0,75,0,146,81,0
capture_01_ring_buffer.btsnoop,3568.011867,2,adapting,60,74,109,0,0,75,0,146,81,0
capture_01_ring_buffer.btsnoop,3568.317905,2,adapting,60,74,109,0,0,75,0,146,81,0
capture_01_ring_buffer.btsnoop,3568.755489,2,adapting,60,74,109,0,0,75,0,146,81,0
capture_01_ring_buffer.btsnoop,3569.368158,2,adapting,60,74,109,0,0,75,0,146,81,0
capture_01_ring_buffer.btsnoop,3569.76203,2,adapting,60,74,109,0,0,75,0,146,81,0
capture_01_ring_buffer.btsnoop,3570.024141,2,adapting,60,74,109,0,0,75,0,146,81,0
capture_01_ring_buffer.btsnoop,3570.374363,2,adapting,60,74,109,0,0,75,0,146,81,0
capture_01_ring_buffer.btsnoop,3570.767979,3,in_motion,60,74,109,0,0,75,0,146,81,0
capture_01_ring_buffer.btsnoop,3571.074193,3,in_motion,60,74,109,0,0,75,0,146,81,0
capture_01_ring_buffer.btsnoop,3571.380503,3,in_motion,60,74,109,0,0,75,0,146,81,0
capture_01_ring_buffer.btsnoop,3571.730738,3,in_motion,60,74,109,0,0,75,0,146,81,0
capture_01_ring_buffer.btsnoop,3572.036857,3,in_motion,60,74,109,0,0,75,0,146,81,0
capture_01_ring_buffer.btsnoop,3572.387178,3,in_motion,60,74,109,0,0,75,0,146,81,0
capture_01_ring_buffer.btsnoop,3572.780475,3,in_motion,60,74,109,0,0,75,0,146,81,0
capture_01_ring_buffer.btsnoop,3573.086891,3,in_motion,60,74,109,0,0,75,0,146,81,0
capture_01_ring_buffer.btsnoop,3573.393004,3,in_motion,60,74,109,0,0,75,0,146,81,0
capture_01_ring_buffer.btsnoop,3573.743286,3,in_motion,60,74,109,0,0,75,0,146,81,0
capture_01_ring_buffer.btsnoop,3574.04928,3,in_motion,60,74,109,0,0,75,0,146,81,0
capture_01_ring_buffer.btsnoop,3574.399175,3,in_motion,60,74,109,0,0,75,0,146,81,0
capture_01_ring_buffer.btsnoop,3574.749219,3,in_motion,60,74,109,0,0,75,0,146,81,0
capture_01_ring_buffer.btsnoop,3575.099331,3,in_motion,60,74,109,0,0,75,0,146,81,0
capture_01_ring_buffer.btsnoop,3575.405659,3,in_motion,60,74,109,0,0,75,0,146,81,0
capture_01_ring_buffer.btsnoop,3575.755465,3,in_motion,60,74,109,0,0,75,0,146,81,0
capture_01_ring_buffer.btsnoop,3576.105689,3,in_motion,60,74,109,0,0,75,0,146,81,0
capture_01_ring_buffer.btsnoop,3576.411924,3,in_motion,60,74,109,0,0,75,0,146,81,0
capture_01_ring_buffer.btsnoop,3576.805664,3,in_motion,60,74,109,0,0,75,0,146,81,0
capture_01_ring_buffer.btsnoop,3577.111847,3,in_motion,60,74,109,0,0,75,0,146,81,0
capture_01_ring_buffer.btsnoop,3577.417972,3,in_motion,60,74,109,0,0,75,0,146,81,0
capture_01_ring_buffer.btsnoop,3577.811838,2,adapting,60,74,109,0,0,75,0,146,81,0
capture_01_ring_buffer.btsnoop,3578.161804,2,adapting,60,74,109,0,0,75,0,146,81,0
capture_01_ring_buffer.btsnoop,3578.468123,2,adapting,60,74,109,0,0,75,0,146,81,0
capture_01_ring_buffer.btsnoop,3578.818083,2,adapting,60,74,106,0,0,75,0,146,81,0
capture_01_ring_buffer.btsnoop,3579.124544,2,adapting,60,74,106,0,0,75,0,146,81,0
capture_01_ring_buffer.btsnoop,3579.474242,2,adapting,60,74,106,0,0,75,0,146,81,0
capture_01_ring_buffer.btsnoop,3579.955799,2,adapting,60,74,106,0,0,75,0,146,81,0
capture_01_ring_buffer.btsnoop,3580.524284,2,adapting,60,74,106,0,0,75,0,146,81,0
capture_01_ring_buffer.btsnoop,3580.874665,2,adapting,60,74,106,0,0,75,0,146,81,0
capture_01_ring_buffer.btsnoop,3581.136938,2,adapting,60,74,106,0,0,75,0,146,81,0
capture_01_ring_buffer.btsnoop,3581.486907,2,adapting,60,74,106,0,0,75,0,146,81,0
capture_01_ring_buffer.btsnoop,3581.880734,2,adapting,60,74,129,0,0,75,0,146,81,0
capture_01_ring_buffer.btsnoop,3582.14314,2,adapting,60,74,129,0,0,75,0,146,81,0
capture_01_ring_buffer.btsnoop,3582.493122,2,adapting,60,74,129,0,0,75,0,146,81,0
capture_01_ring_buffer.btsnoop,3582.930753,4,distracted,60,74,129,0,0,75,0,146,81,0
capture_01_ring_buffer.btsnoop,3583.499404,4,distracted,60,74,129,0,0,75,0,146,81,0
capture_01_ring_buffer.btsnoop,3583.849257,4,distracted,60,74,129,0,0,75,0,146,81,0
capture_01_ring_buffer.btsnoop,3584.19937,4,distracted,60,74,129,0,0,75,0,146,81,0
capture_01_ring_buffer.btsnoop,3584.549645,4,distracted,60,74,129,0,0,75,0,146,81,0
capture_01_ring_buffer.btsnoop,3584.986944,4,distracted,43,74,101,0,0,75,0,146,81,0
capture_01_ring_buffer.btsnoop,3585.556084,4,distracted,43,74,101,0,0,75,0,146,81,0
capture_01_ring_buffer.btsnoop,3585.993213,4,distracted,70,67,105,0,0,75,0,146,81,0
capture_01_ring_buffer.btsnoop,3586.562176,4,distracted,70,67,105,0,0,75,0,146,81,0
capture_01_ring_buffer.btsnoop,3586.955641,4,distracted,70,67,105,0,0,75,0,146,81,0
capture_01_ring_buffer.btsnoop,3587.56801,4,distracted,70,67,105,0,0,75,0,146,81,0
capture_01_ring_buffer.btsnoop,3587.918403,4,distracted,70,67,105,0,0,75,0,146,81,0
capture_01_ring_buffer.btsnoop,3588.224467,4,distracted,70,67,105,0,0,75,0,146,81,0
capture_01_ring_buffer.btsnoop,3588.574609,4,distracted,70,67,105,0,0,75,0,146,81,0
capture_01_ring_buffer.btsnoop,3588.96813,4,distracted,70,68,117,0,0,75,0,146,81,0
capture_01_ring_buffer.btsnoop,3589.318181,4,distracted,70,68,117,0,0,75,0,146,81,0
capture_01_ring_buffer.btsnoop,3589.974392,4,distracted,71,70,116,0,0,75,0,146,81,0
capture_01_ring_buffer.btsnoop,3590.280864,4,distracted,71,70,116,0,0,75,0,146,81,0
capture_01_ring_buffer.btsnoop,3590.586956,4,distracted,71,70,116,0,0,75,0,146,81,0
capture_01_ring_buffer.btsnoop,3591.024669,4,distracted,71,34,136,0,0,75,0,146,81,0
capture_01_ring_buffer.btsnoop,3591.593274,4,distracted,71,34,136,0,0,75,0,146,81,0
capture_01_ring_buffer.btsnoop,3591.986934,4,distracted,71,34,136,0,0,75,0,146,81,0
capture_01_ring_buffer.btsnoop,3592.293123,4,distracted,71,34,136,0,0,75,0,146,81,0
capture_01_ring_buffer.btsnoop,3592.643471,4,distracted,71,34,136,0,0,75,0,146,81,0
capture_01_ring_buffer.btsnoop,3592.993195,4,distracted,71,31,131,0,0,75,0,146,81,0
capture_01_ring_buffer.btsnoop,3593.299376,4,distracted,71,31,131,0,0,75,0,146,81,0
capture_01_ring_buffer.btsnoop,3593.693224,4,distracted,71,31,131,0,0,75,0,146,81,0
capture_01_ring_buffer.btsnoop,3593.999645,4,distracted,71,31,131,0,0,75,0,146,81,0
capture_01_ring_buffer.btsnoop,3594.305711,4,distracted,71,31,131,0,0,75,0,146,81,0
capture_01_ring_buffer.btsnoop,3594.655845,4,distracted,71,31,131,0,0,75,0,146,81,0
capture_01_ring_buffer.btsnoop,3595.005878,4,distracted,71,31,131,0,0,75,0,146,81,0
capture_01_ring_buffer.btsnoop,3595.311919,4,distracted,71,31,131,0,0,75,0,146,81,0
capture_01_ring_buffer.btsnoop,3595.705731,4,distracted,71,31,131,0,0,75,0,146,81,0
capture_01_ring_buffer.btsnoop,3596.011968,4,distracted,71,34,131,0,0,75,0,146,81,0
capture_01_ring_buffer.btsnoop,3596.318273,4,distracted,71,34,131,0,0,75,0,146,81,0
capture_01_ring_buffer.btsnoop,3596.668658,4,distracted,71,34,131,0,0,75,0,146,81,0
capture_01_ring_buffer.btsnoop,3597.018174,4,distracted,71,34,131,0,0,75,0,146,81,0
capture_01_ring_buffer.btsnoop,3597.324407,4,distracted,71,34,131,0,0,75,0,146,81,0
capture_01_ring_buffer.btsnoop,3597.674697,4,distracted,71,34,131,0,0,75,0,146,81,0
capture_01_ring_buffer.btsnoop,3598.068172,4,distracted,71,34,131,0,0,75,0,146,81,0
capture_01_ring_buffer.btsnoop,3598.374696,4,distracted,71,34,131,0,0,75,0,146,81,0
capture_01_ring_buffer.btsnoop,3598.680702,4,distracted,71,34,131,0,0,75,0,146,81,0
capture_01_ring_buffer.btsnoop,3599.07462,4,distracted,71,34,131,0,0,75,0,146,81,0
capture_01_ring_buffer.btsnoop,3599.424439,4,distracted,71,34,131,0,0,75,0,146,81,0
capture_01_ring_buffer.btsnoop,3600.080761,4,distracted,71,34,131,0,0,75,0,146,81,0
capture_01_ring_buffer.btsnoop,3600.387114,4,distracted,71,34,131,0,0,75,0,146,81,0
capture_01_ring_buffer.btsnoop,3600.693116,4,distracted,71,34,131,0,0,75,0,146,81,0
capture_01_ring_buffer.btsnoop,3601.086988,4,distracted,71,34,131,0,0,75,0,146,81,0
capture_01_ring_buffer.btsnoop,3601.393616,4,distracted,71,34,131,0,0,75,0,146,81,0
capture_01_ring_buffer.btsnoop,3601.743237,4,distracted,71,34,131,0,0,75,0,146,81,0
capture_01_ring_buffer.btsnoop,3602.049555,4,distracted,71,34,131,0,0,75,0,146,81,0
capture_01_ring_buffer.btsnoop,3602.399525,4,distracted,71,34,131,0,0,75,0,146,81,0
capture_01_ring_buffer.btsnoop,3602.749884,4,distracted,71,34,131,0,0,75,0,146,81,0
capture_01_ring_buffer.btsnoop,3603.143255,4,distracted,54,54,154,0,0,75,0,146,81,0
capture_01_ring_buffer.btsnoop,3603.799457,4,distracted,54,54,154,0,0,75,0,146,81,0
capture_01_ring_buffer.btsnoop,3604.105912,4,distracted,54,54,154,0,0,75,0,146,81,0
capture_01_ring_buffer.btsnoop,3604.412024,4,distracted,54,54,154,0,0,75,0,146,81,0
capture_01_ring_buffer.btsnoop,3604.762097,4,distracted,54,54,154,0,0,75,0,146,81,0
capture_01_ring_buffer.btsnoop,3605.155886,4,distracted,52,54,169,0,0,75,0,146,81,0
capture_01_ring_buffer.btsnoop,3605.76858,4,distracted,52,54,169,0,0,75,0,146,81,0
capture_01_ring_buffer.btsnoop,3606.162013,4,distracted,52,54,181,0,0,75,0,146,81,0
capture_01_ring_buffer.btsnoop,3606.468265,4,distracted,52,54,181,0,0,75,0,146,81,0
capture_01_ring_buffer.btsnoop,3606.77452,4,distracted,52,54,181,0,0,75,0,146,81,0
capture_01_ring_buffer.btsnoop,3607.124693,4,distracted,52,54,181,0,0,75,0,146,81,0
capture_01_ring_buffer.btsnoop,3607.518408,4,distracted,52,54,181,0,0,75,0,146,81,0
capture_01_ring_buffer.btsnoop,3608.174589,4,distracted,64,63,178,0,0,75,0,146,81,0
capture_01_ring_buffer.btsnoop,3608.48089,4,distracted,64,63,178,0,0,75,0,146,81,0
capture_01_ring_buffer.btsnoop,3608.787265,4,distracted,64,63,178,0,0,75,0,146,81,0
capture_01_ring_buffer.btsnoop,3609.180877,4,distracted,64,63,178,0,0,75,0,146,81,0
capture_01_ring_buffer.btsnoop,3609.487105,4,distracted,64,63,178,0,0,75,0,146,81,0
capture_01_ring_buffer.btsnoop,3609.837126,4,distracted,64,64,178,0,0,75,0,146,81,0
capture_01_ring_buffer.btsnoop,3610.274488,4,distracted,69,69,171,0,0,75,0,146,81,0
capture_01_ring_buffer.btsnoop,3610.843603,4,distracted,69,69,171,0,0,75,0,146,81,0
capture_01_ring_buffer.btsnoop,3611.193498,4,distracted,55,69,171,0,0,75,0,146,81,0
capture_01_ring_buffer.btsnoop,3611.499817,4,distracted,55,55,171,0,0,75,0,146,81,0
capture_01_ring_buffer.btsnoop,3611.849536,4,distracted,55,55,171,0,0,75,0,146,81,0
capture_01_ring_buffer.btsnoop,3612.243598,4,distracted,54,55,182,0,0,75,0,146,81,0
capture_01_ring_buffer.btsnoop,3612.855908,4,distracted,54,55,182,0,0,75,0,146,81,0
capture_01_ring_buffer.btsnoop,3613.205902,4,distracted,54,55,182,0,0,75,0,146,81,0
capture_01_ring_buffer.btsnoop,3613.512269,4,distracted,54,55,182,0,0,75,0,146,81,0
capture_01_ring_buffer.btsnoop,3613.862027,4,distracted,54,55,182,0,0,75,0,146,81,0
capture_01_ring_buffer.btsnoop,3614.29959,4,distracted,74,75,201,0,0,75,0,146,81,0
capture_01_ring_buffer.btsnoop,3614.86835,4,distracted,74,75,201,0,0,75,0,146,81,0
capture_01_ring_buffer.btsnoop,3615.262403,4,distracted,74,75,201,0,0,75,0,146,81,0
capture_01_ring_buffer.btsnoop,3615.568284,4,distracted,74,75,201,0,0,75,0,146,81,0
capture_01_ring_buffer.btsnoop,3615.874648,4,distracted,74,75,201,0,0,75,0,146,81,0
capture_01_ring_buffer.btsnoop,3616.26854,4,distracted,74,75,210,0,0,75,0,146,81,0
capture_01_ring_buffer.btsnoop,3616.574588,4,distracted,74,75,210,0,0,75,0,146,81,0
capture_01_ring_buffer.btsnoop,3616.880835,4,distracted,74,75,210,0,0,75,0,146,81,0
capture_01_ring_buffer.btsnoop,3617.318491,4,distracted,74,75,210,0,0,75,0,146,81,0
capture_01_ring_buffer.btsnoop,3617.931003,4,distracted,74,75,210,0,0,75,0,146,81,0
capture_01_ring_buffer.btsnoop,3618.324712,4,distracted,77,78,226,0,0,75,0,146,81,0
capture_01_ring_buffer.btsnoop,3618.981077,4,distracted,77,78,226,0,0,75,0,146,81,0
capture_01_ring_buffer.btsnoop,3619.593492,4,distracted,77,78,226,0,0,75,0,146,81,0
capture_01_ring_buffer.btsnoop,3619.943359,4,distracted,77,78,226,0,0,75,0,146,81,0
capture_01_ring_buffer.btsnoop,3620.380978,4,distracted,78,79,233,0,0,75,0,146,81,0
capture_01_ring_buffer.btsnoop,3620.949658,4,distracted,77,78,233,0,0,75,0,146,81,0
capture_01_ring_buffer.btsnoop,3621.343405,4,distracted,74,74,248,0,0,75,0,146,81,0
capture_01_ring_buffer.btsnoop,3621.956133,4,distracted,74,75,248,0,0,75,0,146,81,0
capture_01_ring_buffer.btsnoop,3622.349807,4,distracted,78,79,255,0,0,75,0,146,81,0
capture_01_ring_buffer.btsnoop,3622.962299,4,distracted,78,79,255,0,0,75,0,146,81,0
capture_01_ring_buffer.btsnoop,3623.355964,4,distracted,78,79,255,0,0,75,0,146,81,0
capture_01_ring_buffer.btsnoop,3623.968515,4,distracted,78,79,255,0,0,75,0,146,81,0
capture_01_ring_buffer.btsnoop,3624.362285,4,distracted,78,79,255,0,0,75,0,146,81,0
capture_01_ring_buffer.btsnoop,3624.668445,4,distracted,78,79,255,0,0,75,0,146,81,0
capture_01_ring_buffer.btsnoop,3625.018471,4,distracted,78,79,255,0,0,75,0,146,81,0
capture_01_ring_buffer.btsnoop,3625.368458,4,distracted,78,79,255,0,0,75,0,146,81,0
capture_01_ring_buffer.btsnoop,3625.675035,4,distracted,78,79,255,0,0,75,0,146,81,0
capture_01_ring_buffer.btsnoop,3626.024813,4,distracted,77,78,255,0,0,75,0,146,81,0
capture_01_ring_buffer.btsnoop,3626.374927,4,distracted,77,78,255,0,0,75,0,146,81,0
capture_01_ring_buffer.btsnoop,3626.680916,4,distracted,78,78,255,0,0,75,0,146,81,0
capture_01_ring_buffer.btsnoop,3627.031075,4,distracted,78,78,255,0,0,75,0,146,81,0
capture_01_ring_buffer.btsnoop,3627.556263,4,distracted,78,79,255,0,0,75,0,146,81,0
capture_01_ring_buffer.btsnoop,3628.03723,4,distracted,77,78,255,0,4,76,0,146,81,0
capture_01_ring_buffer.btsnoop,3628.387156,4,distracted,77,78,255,0,4,76,0,146,81,0
capture_01_ring_buffer.btsnoop,3628.693466,4,distracted,77,78,255,0,4,76,0,146,81,0
capture_01_ring_buffer.btsnoop,3629.043431,4,distracted,78,78,255,0,4,76,0,146,81,0
capture_01_ring_buffer.btsnoop,3629.437436,4,distracted,78,78,255,0,4,76,0,146,81,0
capture_01_ring_buffer.btsnoop,3630.049789,4,distracted,78,79,255,0,4,76,0,146,81,0
capture_01_ring_buffer.btsnoop,3630.443473,4,distracted,78,79,255,0,4,76,0,146,81,0
capture_01_ring_buffer.btsnoop,3631.055978,4,distracted,77,78,255,0,4,76,0,146,81,0
capture_01_ring_buffer.btsnoop,3631.449912,4,distracted,73,73,255,0,4,76,0,146,81,0
capture_01_ring_buffer.btsnoop,3632.106645,4,distracted,72,73,255,0,4,76,0,146,81,0
capture_01_ring_buffer.btsnoop,3632.45601,4,distracted,72,73,255,0,4,76,0,146,81,0
capture_01_ring_buffer.btsnoop,3633.11244,4,distracted,72,73,255,0,4,76,0,146,81,0
capture_01_ring_buffer.btsnoop,3633.462431,4,distracted,72,62,255,0,4,76,0,146,81,0
capture_01_ring_buffer.btsnoop,3633.768694,4,distracted,72,63,255,0,4,76,0,146,81,0
capture_01_ring_buffer.btsnoop,3634.118528,4,distracted,72,63,255,0,4,76,0,146,81,0
capture_01_ring_buffer.btsnoop,3634.512318,4,distracted,72,63,255,0,4,76,0,146,81,0
capture_01_ring_buffer.btsnoop,3635.124843,4,distracted,72,63,255,0,4,76,0,146,81,0
capture_01_ring_buffer.btsnoop,3635.518658,4,distracted,72,70,255,0,4,76,0,146,81,0
capture_01_ring_buffer.btsnoop,3636.131099,4,distracted,72,70,255,0,4,76,0,146,81,0
capture_01_ring_buffer.btsnoop,3636.524887,4,distracted,75,76,255,0,4,76,0,146,81,0
capture_01_ring_buffer.btsnoop,3637.181083,4,distracted,75,76,255,0,4,76,0,146,81,0
capture_01_ring_buffer.btsnoop,3637.531165,4,distracted,75,76,255,0,4,76,0,146,81,0
capture_01_ring_buffer.btsnoop,3638.143558,4,distracted,75,76,255,0,4,76,0,146,81,0
capture_01_ring_buffer.btsnoop,3638.537547,4,distracted,78,78,255,0,4,76,0,146,81,0
capture_01_ring_buffer.btsnoop,3639.193596,4,distracted,78,78,255,0,4,76,0,146,81,0
capture_01_ring_buffer.btsnoop,3639.58729,4,distracted,78,78,255,0,4,76,0,146,81,0
capture_01_ring_buffer.btsnoop,3640.199768,4,distracted,78,78,255,0,4,76,0,146,81,0
capture_01_ring_buffer.btsnoop,3640.54987,4,distracted,78,77,255,0,4,76,0,146,81,0
capture_01_ring_buffer.btsnoop,3640.856092,4,distracted,78,77,255,0,4,76,0,146,81,0
capture_01_ring_buffer.btsnoop,3641.206268,4,distracted,78,77,255,0,4,76,0,146,81,0
capture_01_ring_buffer.btsnoop,3641.556025,4,distracted,78,77,255,0,4,76,0,146,81,0
capture_01_ring_buffer.btsnoop,3641.862418,4,distracted,76,75,255,0,4,76,0,146,81,0
capture_01_ring_buffer.btsnoop,3642.212275,4,distracted,74,73,255,0,4,76,0,146,81,0
capture_01_ring_buffer.btsnoop,3642.562452,4,distracted,74,73,255,0,4,76,0,146,81,0
capture_01_ring_buffer.btsnoop,3642.868759,4,distracted,74,73,255,0,4,76,0,146,81,0
capture_01_ring_buffer.btsnoop,3643.218818,4,distracted,74,73,255,0,4,76,0,146,81,0
capture_01_ring_buffer.btsnoop,3643.568253,4,distracted,74,73,255,0,4,76,0,146,81,0
capture_01_ring_buffer.btsnoop,3643.875669,4,distracted,74,73,255,0,4,76,0,146,81,0
capture_01_ring_buffer.btsnoop,3644.312656,4,distracted,74,72,255,0,4,76,0,146,81,0
capture_01_ring_buffer.btsnoop,3644.924977,4,distracted,74,72,255,0,4,76,0,146,80,0
capture_01_ring_buffer.btsnoop,3645.27493,4,distracted,74,72,255,0,4,76,0,146,80,0
capture_01_ring_buffer.btsnoop,3645.668472,4,distracted,74,72,255,0,4,76,0,146,80,0
capture_01_ring_buffer.btsnoop,3646.281101,4,distracted,74,72,255,0,4,76,0,146,80,0
capture_01_ring_buffer.btsnoop,3646.631015,4,distracted,74,72,255,0,4,76,0,146,80,0
capture_01_ring_buffer.btsnoop,3646.981115,4,distracted,74,72,255,0,4,76,0,146,80,0
capture_01_ring_buffer.btsnoop,3647.287342,4,distracted,74,72,255,0,4,76,0,146,80,0
capture_01_ring_buffer.btsnoop,3647.637323,4,distracted,74,72,255,0,4,76,0,146,80,0
capture_01_ring_buffer.btsnoop,3647.98764,4,distracted,74,72,255,0,4,76,0,146,80,0
capture_01_ring_buffer.btsnoop,3648.293454,4,distracted,74,72,255,0,4,76,0,146,80,0
capture_01_ring_buffer.btsnoop,3648.687308,4,distracted,74,72,255,0,4,76,0,146,80,0
capture_01_ring_buffer.btsnoop,3649.34357,4,distracted,74,72,255,0,4,76,0,146,80,0
capture_01_ring_buffer.btsnoop,3649.693814,4,distracted,74,73,254,0,4,76,0,146,80,0
capture_01_ring_buffer.btsnoop,3649.999911,4,distracted,74,73,254,0,4,76,0,146,80,0
capture_01_ring_buffer.btsnoop,3650.349875,4,distracted,74,73,254,0,4,76,0,146,80,0
capture_01_ring_buffer.btsnoop,3650.656346,4,distracted,74,73,254,0,4,76,0,146,80,0
capture_01_ring_buffer.btsnoop,3651.006167,4,distracted,74,73,254,0,4,76,0,146,80,0
capture_01_ring_buffer.btsnoop,3651.356068,4,distracted,74,73,254,0,4,76,0,146,80,0
capture_01_ring_buffer.btsnoop,3651.706378,4,distracted,74,74,254,0,4,76,0,146,80,0
capture_01_ring_buffer.btsnoop,3652.012517,4,distracted,75,74,254,0,4,76,0,146,80,0
capture_01_ring_buffer.btsnoop,3652.362765,4,distracted,75,74,254,0,4,76,0,146,80,0
capture_01_ring_buffer.btsnoop,3652.756,4,distracted,75,74,254,0,4,76,0,146,80,0
capture_01_ring_buffer.btsnoop,3653.368687,4,distracted,75,74,254,0,4,76,0,146,80,0
capture_01_ring_buffer.btsnoop,3653.718592,4,distracted,75,75,254,0,4,76,0,146,80,0
capture_01_ring_buffer.btsnoop,3654.024871,4,distracted,76,75,254,0,4,76,0,146,80,0
capture_01_ring_buffer.btsnoop,3654.374857,4,distracted,75,74,254,0,4,76,0,146,80,0
capture_01_ring_buffer.btsnoop,3654.724922,4,distracted,75,74,254,0,4,76,0,146,80,0
capture_01_ring_buffer.btsnoop,3655.031078,4,distracted,75,74,254,0,4,76,0,146,80,0
capture_01_ring_buffer.btsnoop,3655.381145,4,distracted,75,74,254,0,4,76,0,146,80,0
capture_01_ring_buffer.btsnoop,3655.731185,4,distracted,75,74,254,0,4,76,0,146,80,0
capture_01_ring_buffer.btsnoop,3656.081335,4,distracted,75,74,254,0,4,76,0,146,80,0
capture_01_ring_buffer.btsnoop,3656.387506,4,distracted,75,74,254,0,4,76,0,146,80,0
capture_01_ring_buffer.btsnoop,3656.824923,4,distracted,75,75,238,0,4,76,0,146,80,0
capture_01_ring_buffer.btsnoop,3657.393749,4,distracted,75,75,238,0,4,76,0,146,80,0
capture_01_ring_buffer.btsnoop,3657.743787,4,distracted,76,76,238,0,4,76,0,146,80,0
capture_01_ring_buffer.btsnoop,3658.093826,4,distracted,75,75,238,0,4,76,0,146,80,0
capture_01_ring_buffer.btsnoop,3658.400088,4,distracted,75,75,238,0,4,76,0,146,80,0
capture_01_ring_buffer.btsnoop,3658.794011,4,distracted,75,75,238,0,4,76,0,146,80,0
capture_01_ring_buffer.btsnoop,3659.100022,4,distracted,75,75,238,0,4,76,0,146,80,0
capture_01_ring_buffer.btsnoop,3659.450148,4,distracted,75,75,238,0,4,76,0,146,80,0
capture_01_ring_buffer.btsnoop,3659.843934,4,distracted,75,75,238,0,4,76,0,146,80,0
capture_01_ring_buffer.btsnoop,3660.456238,4,distracted,75,75,238,0,4,76,0,146,80,0
capture_01_ring_buffer.btsnoop,3660.762529,4,distracted,75,75,238,0,4,76,0,146,80,0
capture_01_ring_buffer.btsnoop,3661.112539,4,distracted,76,76,238,0,4,76,0,146,80,0
capture_01_ring_buffer.btsnoop,3661.462365,4,distracted,76,76,238,0,4,76,0,146,80,0
capture_01_ring_buffer.btsnoop,3661.812741,4,distracted,76,76,238,0,4,76,0,146,80,0
capture_01_ring_buffer.btsnoop,3662.119097,4,distracted,76,76,238,0,4,76,0,146,80,0
capture_01_ring_buffer.btsnoop,3662.468802,4,distracted,77,77,238,0,4,76,0,146,80,0
capture_01_ring_buffer.btsnoop,3662.86273,4,distracted,77,77,226,0,4,76,0,146,80,0
capture_01_ring_buffer.btsnoop,3663.475314,4,distracted,76,76,226,0,4,76,0,146,80,0
capture_01_ring_buffer.btsnoop,3663.824869,4,distracted,76,76,226,0,4,76,0,146,80,0
capture_01_ring_buffer.btsnoop,3664.131285,4,distracted,76,76,226,0,4,76,0,146,80,0
capture_01_ring_buffer.btsnoop,3664.481262,4,distracted,77,77,226,0,4,76,0,146,80,0
capture_01_ring_buffer.btsnoop,3664.831497,4,distracted,77,77,226,0,4,76,0,146,80,0
capture_01_ring_buffer.btsnoop,3665.181337,4,distracted,77,77,226,0,4,76,0,146,80,0
capture_01_ring_buffer.btsnoop,3665.487665,4,distracted,77,77,226,0,4,76,0,146,80,0
capture_01_ring_buffer.btsnoop,3665.837536,4,distracted,77,77,226,0,4,76,0,146,80,0
capture_01_ring_buffer.btsnoop,3666.187507,4,distracted,77,77,226,0,4,76,0,146,80,0
capture_01_ring_buffer.btsnoop,3666.493854,4,distracted,77,77,226,0,4,76,0,146,80,0
capture_01_ring_buffer.btsnoop,3666.931302,4,distracted,60,59,213,0,4,76,0,146,80,0
capture_01_ring_buffer.btsnoop,3667.499902,4,distracted,60,58,213,0,4,76,0,146,80,0
capture_01_ring_buffer.btsnoop,3667.937616,4,distracted,60,56,175,0,4,76,0,146,80,0
capture_01_ring_buffer.btsnoop,3668.550131,4,distracted,60,56,175,0,4,76,0,146,80,0
capture_01_ring_buffer.btsnoop,3668.900644,4,distracted,60,55,164,0,4,76,0,146,80,0
capture_01_ring_buffer.btsnoop,3669.206541,4,distracted,60,55,164,0,4,76,0,146,80,0
capture_01_ring_buffer.btsnoop,3669.556215,4,distracted,60,55,164,0,4,76,0,146,80,0
capture_01_ring_buffer.btsnoop,3669.862534,4,distracted,60,56,164,0,4,76,0,146,80,0
capture_01_ring_buffer.btsnoop,3670.212585,4,distracted,60,56,164,0,4,76,0,146,80,0
capture_01_ring_buffer.btsnoop,3670.562523,4,distracted,60,56,164,0,4,76,0,146,80,0
capture_01_ring_buffer.btsnoop,3670.9565,4,distracted,60,57,164,0,4,76,0,146,80,0
capture_01_ring_buffer.btsnoop,3671.568798,4,distracted,60,57,164,0,4,76,0,146,80,0
capture_01_ring_buffer.btsnoop,3671.962583,4,distracted,60,59,145,0,4,76,0,146,80,0
capture_01_ring_buffer.btsnoop,3672.574873,4,distracted,60,57,145,0,4,76,0,146,80,0
capture_01_ring_buffer.btsnoop,3672.925073,4,distracted,64,62,133,0,4,76,0,146,80,0
capture_01_ring_buffer.btsnoop,3673.231381,4,distracted,64,62,133,0,4,76,0,146,80,0
capture_01_ring_buffer.btsnoop,3673.581347,4,distracted,65,63,133,0,4,76,0,146,80,0
capture_01_ring_buffer.btsnoop,3673.975293,4,distracted,65,64,133,0,4,76,0,146,80,0
capture_01_ring_buffer.btsnoop,3674.587626,4,distracted,66,64,133,0,4,76,0,146,80,0
capture_01_ring_buffer.btsnoop,3674.937601,4,distracted,66,64,133,0,4,76,0,146,80,0
capture_01_ring_buffer.btsnoop,3675.243807,4,distracted,66,64,133,0,4,76,0,146,80,0
capture_01_ring_buffer.btsnoop,3675.593811,4,distracted,66,63,133,0,4,76,0,146,80,0
capture_01_ring_buffer.btsnoop,3675.944076,4,distracted,66,63,133,0,4,76,0,146,80,0
capture_01_ring_buffer.btsnoop,3676.250457,4,distracted,66,63,133,0,4,76,0,146,80,0
capture_01_ring_buffer.btsnoop,3676.600161,4,distracted,66,63,133,0,4,76,0,146,80,0
capture_01_ring_buffer.btsnoop,3676.993838,4,distracted,66,63,133,0,4,76,0,146,80,0
capture_01_ring_buffer.btsnoop,3677.300227,4,distracted,66,63,133,0,4,76,0,146,80,0
capture_01_ring_buffer.btsnoop,3677.60658,4,distracted,66,63,133,0,4,76,0,146,80,0
capture_01_ring_buffer.btsnoop,3677.956331,4,distracted,66,63,133,0,4,76,0,146,80,0
capture_01_ring_buffer.btsnoop,3678.306254,4,distracted,66,64,133,0,4,76,0,146,80,0
capture_01_ring_buffer.btsnoop,3678.612581,4,distracted,66,64,133,0,4,76,0,146,80,0
capture_01_ring_buffer.btsnoop,3678.962651,4,distracted,66,64,133,0,4,76,0,146,80,0
capture_01_ring_buffer.btsnoop,3679.312618,4,distracted,66,64,133,0,4,76,0,146,80,0
capture_01_ring_buffer.btsnoop,3679.663077,4,distracted,66,64,133,0,4,76,0,146,80,0
capture_01_ring_buffer.btsnoop,3680.056336,4,distracted,66,64,137,0,4,76,0,146,80,0
capture_01_ring_buffer.btsnoop,3680.668959,4,distracted,66,64,137,0,4,76,0,146,80,0
capture_01_ring_buffer.btsnoop,3681.019038,4,distracted,66,64,137,0,4,76,0,146,80,0
capture_01_ring_buffer.btsnoop,3681.325197,4,distracted,66,64,137,0,4,76,0,146,80,0
capture_01_ring_buffer.btsnoop,3681.675171,4,distracted,66,64,137,0,4,76,0,146,80,0
capture_01_ring_buffer.btsnoop,3682.025248,4,distracted,66,64,137,0,4,76,0,146,80,0
capture_01_ring_buffer.btsnoop,3682.331762,4,distracted,66,64,137,0,4,76,0,146,80,0
capture_01_ring_buffer.btsnoop,3682.681758,4,distracted,66,64,137,0,4,76,0,146,80,0
capture_01_ring_buffer.btsnoop,3683.031388,4,distracted,66,64,137,0,4,76,0,146,80,0
capture_01_ring_buffer.btsnoop,3683.33774,4,distracted,66,64,137,0,4,76,0,146,80,0
capture_01_ring_buffer.btsnoop,3683.687522,4,distracted,66,64,137,0,4,76,0,146,80,0
capture_01_ring_buffer.btsnoop,3684.081524,4,distracted,66,64,120,0,4,76,0,146,80,0
capture_01_ring_buffer.btsnoop,3684.693915,4,distracted,66,64,120,0,4,76,0,146,80,0
capture_01_ring_buffer.btsnoop,3685.087853,4,distracted,66,64,114,0,4,76,0,146,80,0
capture_01_ring_buffer.btsnoop,3685.700239,4,distracted,66,64,114,0,4,76,0,146,80,0
capture_01_ring_buffer.btsnoop,3686.137598,4,distracted,66,64,117,0,4,76,0,146,80,0
capture_01_ring_buffer.btsnoop,3686.750229,4,distracted,66,64,117,0,4,76,0,146,80,0
capture_01_ring_buffer.btsnoop,3687.056561,4,distracted,66,64,117,0,4,76,0,146,80,0
capture_01_ring_buffer.btsnoop,3687.406399,4,distracted,66,64,117,0,4,76,0,146,80,0
capture_01_ring_buffer.btsnoop,3687.712801,4,distracted,66,64,117,0,4,76,0,146,80,0
capture_01_ring_buffer.btsnoop,3688.062706,4,distracted,66,64,117,0,4,76,0,146,80,0
capture_01_ring_buffer.btsnoop,3688.412706,4,distracted,66,64,117,0,4,76,0,146,80,0
capture_01_ring_buffer.btsnoop,3688.719096,4,distracted,66,64,117,0,4,76,0,146,80,0
capture_01_ring_buffer.btsnoop,3689.069272,4,distracted,66,64,117,0,4,76,0,146,80,0
capture_01_ring_buffer.btsnoop,3689.419037,4,distracted,66,64,117,0,4,76,0,146,80,0
capture_01_ring_buffer.btsnoop,3689.768929,4,distracted,66,64,117,0,4,76,0,146,80,0
capture_01_ring_buffer.btsnoop,3690.11894,4,distracted,66,64,117,0,4,76,0,146,80,0
capture_01_ring_buffer.btsnoop,3690.42524,4,distracted,66,64,117,0,4,76,0,146,80,0
capture_01_ring_buffer.btsnoop,3690.77535,4,distracted,66,64,117,0,4,76,0,146,80,0
capture_01_ring_buffer.btsnoop,3691.08142,4,distracted,66,64,117,0,4,76,0,146,80,0
capture_01_ring_buffer.btsnoop,3691.431642,4,distracted,66,64,117,0,4,76,0,146,80,0
capture_01_ring_buffer.btsnoop,3691.781446,4,distracted,66,64,117,0,4,76,0,146,80,0
capture_01_ring_buffer.btsnoop,3692.131484,4,distracted,66,64,117,0,4,76,0,146,80,0
capture_01_ring_buffer.btsnoop,3692.437755,4,distracted,66,64,117,0,4,76,0,146,80,0
capture_01_ring_buffer.btsnoop,3692.787633,4,distracted,66,64,117,0,4,76,0,146,80,0
capture_01_ring_buffer.btsnoop,3693.13774,4,distracted,66,64,117,0,4,76,0,146,80,0
capture_01_ring_buffer.btsnoop,3693.443959,4,distracted,66,64,117,0,4,76,0,146,80,0
capture_01_ring_buffer.btsnoop,3693.793858,4,distracted,66,64,117,0,4,76,0,146,80,0
capture_01_ring_buffer.btsnoop,3694.18774,4,distracted,66,64,138,0,4,76,0,146,80,0
capture_01_ring_buffer.btsnoop,3694.800398,4,distracted,66,64,138,0,4,76,0,146,80,0
capture_01_ring_buffer.btsnoop,3695.194109,4,distracted,66,64,138,0,4,76,0,146,80,0
capture_01_ring_buffer.btsnoop,3695.500114,4,distracted,66,64,138,0,4,76,0,146,80,0
capture_01_ring_buffer.btsnoop,3695.806493,4,distracted,66,64,138,0,4,76,0,146,80,0
capture_01_ring_buffer.btsnoop,3696.156634,4,distracted,66,64,138,0,4,76,0,146,80,0
capture_01_ring_buffer.btsnoop,3696.462871,4,distracted,66,64,138,0,4,76,0,146,80,0
capture_01_ring_buffer.btsnoop,3696.812877,4,distracted,66,64,138,0,4,76,0,146,80,0
capture_01_ring_buffer.btsnoop,3697.162879,4,distracted,66,64,138,0,4,76,0,146,80,0
capture_01_ring_buffer.btsnoop,3697.468991,4,distracted,66,64,138,0,4,76,0,146,80,0
capture_01_ring_buffer.btsnoop,3697.81905,4,distracted,66,64,138,0,4,76,0,146,80,0
capture_01_ring_buffer.btsnoop,3698.16923,4,distracted,66,64,138,0,4,76,0,146,80,0
capture_01_ring_buffer.btsnoop,3698.47535,4,distracted,66,64,138,0,4,76,0,146,80,0
capture_01_ring_buffer.btsnoop,3698.825358,4,distracted,66,64,138,0,4,76,0,146,80,0
capture_01_ring_buffer.btsnoop,3699.175207,4,distracted,66,64,138,0,4,76,0,146,80,0
capture_01_ring_buffer.btsnoop,3699.48147,4,distracted,66,64,138,0,4,76,0,146,80,0
capture_01_ring_buffer.btsnoop,3699.83157,4,distracted,66,64,138,0,4,76,0,146,80,0
capture_01_ring_buffer.btsnoop,3700.181525,4,distracted,66,64,138,0,4,76,0,146,80,0
capture_01_ring_buffer.btsnoop,3700.531545,4,distracted,66,64,138,0,4,76,0,146,80,0
capture_01_ring_buffer.btsnoop,3700.838034,4,distracted,66,64,138,0,4,76,0,146,80,0
capture_01_ring_buffer.btsnoop,3701.231621,4,distracted,66,64,138,0,4,76,0,146,80,0
capture_01_ring_buffer.btsnoop,3701.537753,4,distracted,66,64,138,0,4,76,0,146,80,0
capture_01_ring_buffer.btsnoop,3701.84421,4,distracted,66,64,138,0,4,76,0,146,80,0
capture_01_ring_buffer.btsnoop,3702.237802,4,distracted,66,64,138,0,4,76,0,146,80,0
capture_01_ring_buffer.btsnoop,3702.544039,4,distracted,66,64,138,0,4,76,0,146,80,0
capture_01_ring_buffer.btsnoop,3702.850276,4,distracted,66,64,138,0,4,76,0,146,80,0
capture_01_ring_buffer.btsnoop,3703.244246,4,distracted,66,64,138,0,4,76,0,146,80,0
capture_01_ring_buffer.btsnoop,3703.550429,4,distracted,66,64,138,0,4,76,0,146,80,0
capture_01_ring_buffer.btsnoop,3703.900376,4,distracted,66,64,138,0,4,76,0,146,80,0
capture_01_ring_buffer.btsnoop,3704.250229,4,distracted,66,64,138,0,4,76,0,146,80,0
capture_01_ring_buffer.btsnoop,3704.556694,4,distracted,66,64,138,0,4,76,0,146,80,0
capture_01_ring_buffer.btsnoop,3704.906652,4,distracted,66,64,138,0,4,76,0,146,80,0
capture_01_ring_buffer.btsnoop,3705.256549,4,distracted,66,64,138,0,4,76,0,146,80,0
capture_01_ring_buffer.btsnoop,3705.562736,4,distracted,66,64,138,0,4,76,0,146,80,0
capture_01_ring_buffer.btsnoop,3705.912841,4,distracted,66,64,138,0,4,76,0,146,80,0
capture_01_ring_buffer.btsnoop,3706.263119,4,distracted,66,64,138,0,4,76,0,146,80,0
capture_01_ring_buffer.btsnoop,3706.570198,4,distracted,66,64,138,0,4,76,0,146,80,0
capture_01_ring_buffer.btsnoop,3706.919141,4,distracted,66,64,138,0,4,76,0,146,80,0
capture_01_ring_buffer.btsnoop,3707.312745,4,distracted,66,64,138,0,4,76,0,146,80,0
capture_01_ring_buffer.btsnoop,3707.575323,4,distracted,66,64,138,0,4,76,0,146,80,0
capture_01_ring_buffer.btsnoop,3707.926184,4,distracted,66,64,138,0,4,76,0,146,80,0
capture_01_ring_buffer.btsnoop,3708.275526,4,distracted,66,64,138,0,4,76,0,146,80,0
capture_01_ring_buffer.btsnoop,3708.581562,4,distracted,66,64,138,0,4,76,0,146,80,0
capture_01_ring_buffer.btsnoop,3708.931571,4,distracted,66,64,138,0,4,76,0,146,80,0
capture_01_ring_buffer.btsnoop,3709.281764,4,distracted,66,64,138,0,4,76,0,146,80,0
capture_01_ring_buffer.btsnoop,3709.588109,4,distracted,66,64,138,0,4,76,0,146,80,0
capture_01_ring_buffer.btsnoop,3709.937931,4,distracted,66,64,138,0,4,76,0,146,80,0
capture_01_ring_buffer.btsnoop,3710.331689,4,distracted,66,64,138,0,4,76,0,146,80,0
capture_01_ring_buffer.btsnoop,3710.637837,4,distracted,66,64,138,0,4,76,0,146,80,0
capture_01_ring_buffer.btsnoop,3710.944142,4,distracted,66,64,138,0,4,76,0,146,80,0
capture_01_ring_buffer.btsnoop,3711.337847,4,distracted,66,64,138,0,4,76,0,146,80,0
capture_01_ring_buffer.btsnoop,3711.644255,4,distracted,66,64,138,0,4,76,0,146,80,0
capture_01_ring_buffer.btsnoop,3711.950671,2,adapting,66,64,138,0,4,76,0,146,80,0
capture_01_ring_buffer.btsnoop,3712.300282,2,adapting,66,64,138,0,4,76,0,146,80,0
capture_01_ring_buffer.btsnoop,3712.650778,2,adapting,66,64,138,0,4,76,0,146,80,0
capture_01_ring_buffer.btsnoop,3713.044251,2,adapting,66,64,138,0,4,76,0,146,80,0
capture_01_ring_buffer.btsnoop,3713.30677,2,adapting,66,64,138,0,4,76,0,146,80,0
capture_01_ring_buffer.btsnoop,3713.65675,2,adapting,66,64,138,0,4,76,0,146,80,0
capture_01_ring_buffer.btsnoop,3714.006804,2,adapting,66,64,138,0,4,76,0,146,80,0
capture_01_ring_buffer.btsnoop,3714.40035,2,adapting,66,64,138,0,4,76,0,146,80,0
capture_01_ring_buffer.btsnoop,3714.663424,2,adapting,66,64,138,0,4,76,0,146,80,0
capture_01_ring_buffer.btsnoop,3715.01285,2,adapting,66,64,138,0,4,76,0,146,80,0
capture_01_ring_buffer.btsnoop,3715.363187,2,adapting,66,64,138,0,4,76,0,146,80,0
capture_01_ring_buffer.btsnoop,3715.669277,2,adapting,66,64,138,0,4,76,0,146,80,0
capture_01_ring_buffer.btsnoop,3716.019232,2,adapting,66,64,138,0,4,76,0,146,80,0
capture_01_ring_buffer.btsnoop,3716.369012,2,adapting,66,64,138,0,4,76,0,146,80,0
capture_01_ring_buffer.btsnoop,3716.719425,2,adapting,66,64,138,0,4,76,0,146,80,0
capture_01_ring_buffer.btsnoop,3717.025698,2,adapting,66,64,138,0,4,76,0,146,80,0
capture_01_ring_buffer.btsnoop,3717.375538,2,adapting,66,64,138,0,4,76,0,146,80,0
capture_01_ring_buffer.btsnoop,3717.681653,2,adapting,66,64,138,0,4,76,0,146,80,0
capture_01_ring_buffer.btsnoop,3718.031734,2,adapting,66,64,138,0,4,76,0,146,80,0
capture_01_ring_buffer.btsnoop,3718.381737,2,adapting,66,64,138,0,4,76,0,146,80,0
capture_01_ring_buffer.btsnoop,3718.688107,2,adapting,66,64,138,0,4,76,0,146,80,0
capture_01_ring_buffer.btsnoop,3719.038208,2,adapting,66,64,138,0,4,76,0,146,80,0
capture_01_ring_buffer.btsnoop,3719.475443,2,adapting,66,64,138,0,4,76,0,146,80,0
capture_01_ring_buffer.btsnoop,3720.044399,2,adapting,66,64,138,0,4,76,0,146,80,0
capture_01_ring_buffer.btsnoop,3720.394129,2,adapting,66,64,138,0,4,76,0,146,80,0
capture_01_ring_buffer.btsnoop,3720.744322,2,adapting,66,64,138,0,4,76,0,146,80,0
capture_01_ring_buffer.btsnoop,3721.050725,2,adapting,66,64,138,0,4,76,0,146,80,0
capture_01_ring_buffer.btsnoop,3721.488109,2,adapting,66,64,138,0,4,76,0,146,80,0
capture_01_ring_buffer.btsnoop,3722.10048,2,adapting,66,64,138,0,4,76,0,146,80,0
capture_01_ring_buffer.btsnoop,3722.45089,2,adapting,66,64,138,0,4,76,0,146,80,0
capture_01_ring_buffer.btsnoop,3722.757106,2,adapting,66,64,138,0,4,76,0,146,80,0
capture_01_ring_buffer.btsnoop,3723.106624,2,adapting,66,64,138,0,4,76,0,146,80,0
capture_01_ring_buffer.btsnoop,3723.500482,2,adapting,66,64,138,0,4,76,0,146,80,0
capture_01_ring_buffer.btsnoop,3723.763017,2,adapting,66,64,138,0,4,76,0,146,80,0
capture_01_ring_buffer.btsnoop,3724.157049,2,adapting,66,64,138,0,4,76,0,146,80,0
capture_01_ring_buffer.btsnoop,3724.506849,2,adapting,66,64,138,0,4,76,0,146,80,0
capture_01_ring_buffer.btsnoop,3724.769473,2,adapting,66,64,138,0,4,76,0,146,80,0
capture_01_ring_buffer.btsnoop,3725.119287,2,adapting,66,64,138,0,4,76,0,146,80,0
capture_01_ring_buffer.btsnoop,3725.469361,2,adapting,66,64,138,0,4,76,0,146,80,0
capture_01_ring_buffer.btsnoop,3725.77549,2,adapting,66,64,138,0,4,76,0,146,80,0
capture_01_ring_buffer.btsnoop,3726.125679,2,adapting,66,64,138,0,4,76,0,146,80,0
capture_01_ring_buffer.btsnoop,3726.475713,2,adapting,66,64,165,0,4,76,0,146,80,0
capture_01_ring_buffer.btsnoop,3726.781754,2,adapting,66,64,165,0,4,76,0,146,80,0
capture_01_ring_buffer.btsnoop,3727.175456,2,adapting,66,64,165,0,4,76,0,146,80,0
capture_01_ring_buffer.btsnoop,3727.481774,2,adapting,66,64,165,0,4,76,0,146,80,0
capture_01_ring_buffer.btsnoop,3727.787993,2,adapting,66,64,165,0,4,76,0,146,80,0
capture_01_ring_buffer.btsnoop,3728.138247,2,adapting,66,64,165,0,4,76,0,146,80,0
capture_01_ring_buffer.btsnoop,3728.488136,2,adapting,66,64,165,0,4,76,0,146,80,0
capture_01_ring_buffer.btsnoop,3728.881861,2,adapting,66,64,165,0,4,76,0,146,80,0
capture_01_ring_buffer.btsnoop,3729.144304,2,adapting,66,64,165,0,4,76,0,146,80,0
capture_01_ring_buffer.btsnoop,3729.49424,2,adapting,66,64,165,0,4,76,0,146,80,0
capture_01_ring_buffer.btsnoop,3729.844508,2,adapting,66,64,165,0,4,76,0,146,80,0
capture_01_ring_buffer.btsnoop,3730.150847,2,adapting,66,64,165,0,4,76,0,146,80,0
capture_01_ring_buffer.btsnoop,3730.500546,2,adapting,66,64,165,0,4,76,0,146,80,0
capture_01_ring_buffer.btsnoop,3730.850545,2,adapting,66,64,165,0,4,76,0,146,80,0
capture_01_ring_buffer.btsnoop,3731.201002,2,adapting,66,64,165,0,4,76,0,146,80,0
capture_01_ring_buffer.btsnoop,3731.550707,3,in_motion,66,64,165,0,4,76,0,146,80,0
capture_01_ring_buffer.btsnoop,3731.856953,3,in_motion,66,64,165,0,4,76,0,146,80,0
capture_01_ring_buffer.btsnoop,3732.206874,3,in_motion,66,64,165,0,4,76,0,146,80,0
capture_01_ring_buffer.btsnoop,3732.55694,2,adapting,66,64,165,0,4,76,0,146,80,0
capture_01_ring_buffer.btsnoop,3732.907011,2,adapting,66,64,165,0,4,76,0,146,80,0
capture_01_ring_buffer.btsnoop,3733.213066,2,adapting,66,64,165,0,4,76,0,146,80,0
capture_01_ring_buffer.btsnoop,3733.563155,2,adapting,66,64,165,0,4,76,0,146,80,0
capture_01_ring_buffer.btsnoop,3733.869435,2,adapting,66,64,165,0,4,76,0,146,80,0
capture_01_ring_buffer.btsnoop,3734.219376,2,adapting,66,64,165,0,4,76,0,146,80,0
capture_01_ring_buffer.btsnoop,3734.569258,2,adapting,66,64,133,0,4,76,0,146,80,0
capture_01_ring_buffer.btsnoop,3734.87552,2,adapting,66,64,133,0,4,76,0,146,80,0
capture_01_ring_buffer.btsnoop,3735.225677,2,adapting,66,64,133,0,4,76,0,146,80,0
capture_01_ring_buffer.btsnoop,3735.575817,2,adapting,66,64,133,0,4,76,0,146,80,0
capture_01_ring_buffer.btsnoop,3735.882144,2,adapting,66,64,133,0,4,76,0,146,80,0
capture_01_ring_buffer.btsnoop,3736.231885,2,adapting,66,64,133,0,4,76,0,146,80,0
capture_01_ring_buffer.btsnoop,3736.625581,2,adapting,66,64,0,0,4,76,0,146,80,0
capture_01_ring_buffer.btsnoop,3736.931875,2,adapting,66,64,0,0,4,76,0,146,80,0
capture_01_ring_buffer.btsnoop,3737.282075,2,adapting,66,64,0,0,4,76,0,146,80,0
capture_01_ring_buffer.btsnoop,3737.588209,2,adapting,66,64,0,0,4,76,0,146,80,0
capture_01_ring_buffer.btsnoop,3737.938136,2,adapting,66,64,0,0,4,76,0,146,80,0
capture_01_ring_buffer.btsnoop,3738.244339,2,adapting,66,64,0,0,4,76,0,146,80,0
capture_01_ring_buffer.btsnoop,3738.594456,2,adapting,66,64,0,0,4,76,0,146,80,0
capture_01_ring_buffer.btsnoop,3738.944415,2,adapting,66,64,0,0,4,76,0,146,80,0
capture_01_ring_buffer.btsnoop,3739.2506,2,adapting,66,64,0,0,4,76,0,146,80,0
capture_01_ring_buffer.btsnoop,3739.644475,3,in_motion,66,64,0,0,4,76,0,146,80,0
capture_01_ring_buffer.btsnoop,3739.950846,3,in_motion,66,64,0,0,4,76,0,146,80,0
capture_01_ring_buffer.btsnoop,3740.25694,3,in_motion,66,64,0,0,4,76,0,146,80,0
capture_01_ring_buffer.btsnoop,3740.606798,3,in_motion,66,64,0,0,4,76,0,146,80,0
capture_01_ring_buffer.btsnoop,3740.957092,3,in_motion,66,64,0,0,4,76,0,146,80,0
capture_01_ring_buffer.btsnoop,3741.307009,3,in_motion,66,64,0,0,4,76,0,146,80,0
capture_01_ring_buffer.btsnoop,3741.700839,2,adapting,66,64,0,0,4,76,0,146,80,0
capture_01_ring_buffer.btsnoop,3741.963095,2,adapting,66,64,0,0,4,76,0,146,80,0
capture_01_ring_buffer.btsnoop,3742.313338,2,adapting,66,64,0,0,4,76,0,146,80,0
capture_01_ring_buffer.btsnoop,3742.663655,2,adapting,66,64,0,0,4,76,0,146,80,0
capture_01_ring_buffer.btsnoop,3742.969578,2,adapting,66,64,0,0,4,76,0,146,80,0
capture_01_ring_buffer.btsnoop,3743.319652,2,adapting,66,64,0,0,4,76,0,146,80,0
capture_01_ring_buffer.btsnoop,3743.669491,2,adapting,66,64,0,0,4,76,0,146,80,0
capture_01_ring_buffer.btsnoop,3743.975659,2,adapting,66,64,0,0,4,76,0,146,80,0
capture_01_ring_buffer.btsnoop,3744.325724,2,adapting,66,64,0,0,4,76,0,146,80,0
capture_01_ring_buffer.btsnoop,3744.763447,2,adapting,66,64,0,0,4,76,0,146,80,0
capture_01_ring_buffer.btsnoop,3745.332093,2,adapting,66,64,0,0,4,76,0,146,80,0
capture_01_ring_buffer.btsnoop,3745.725722,2,adapting,66,64,0,0,4,76,0,146,80,0
capture_01_ring_buffer.btsnoop,3745.988275,2,adapting,66,64,0,0,4,76,0,146,80,0
capture_01_ring_buffer.btsnoop,3746.338056,2,adapting,66,64,0,0,4,76,0,146,80,0
capture_01_ring_buffer.btsnoop,3746.732137,2,adapting,66,64,0,0,4,76,0,146,80,0
capture_01_ring_buffer.btsnoop,3747.038544,2,adapting,66,64,0,0,4,76,0,146,80,0
capture_01_ring_buffer.btsnoop,3747.344633,2,adapting,66,64,0,0,4,76,0,146,80,0
capture_01_ring_buffer.btsnoop,3747.738196,2,adapting,66,64,0,0,4,76,0,146,80,0
capture_01_ring_buffer.btsnoop,3748.044631,2,adapting,66,64,0,0,4,76,0,146,80,0
capture_01_ring_buffer.btsnoop,3748.350804,2,adapting,66,64,0,0,4,76,0,146,80,0
capture_01_ring_buffer.btsnoop,3748.701068,2,adapting,66,64,0,0,4,76,0,146,80,0
capture_01_ring_buffer.btsnoop,3749.050685,2,adapting,66,64,0,0,4,76,0,146,76,0
capture_01_ring_buffer.btsnoop,3749.357011,2,adapting,66,64,0,0,4,76,0,146,76,0
capture_01_ring_buffer.btsnoop,3749.707075,2,adapting,66,64,0,0,4,76,0,146,76,0
capture_01_ring_buffer.btsnoop,3750.056963,2,adapting,66,64,0,0,4,76,0,146,76,0
capture_01_ring_buffer.btsnoop,3750.407248,2,adapting,66,64,0,0,4,76,0,146,76,0
capture_01_ring_buffer.btsnoop,3750.713475,2,adapting,66,64,0,0,4,76,0,146,76,0
capture_01_ring_buffer.btsnoop,3751.063196,2,adapting,66,64,0,0,4,76,0,146,76,0
capture_01_ring_buffer.btsnoop,3751.413277,2,adapting,66,64,0,0,4,76,0,146,76,0
capture_01_ring_buffer.btsnoop,3751.763363,3,in_motion,66,64,0,0,4,76,0,146,76,0
capture_01_ring_buffer.btsnoop,3752.069518,3,in_motion,66,64,0,0,4,76,0,146,76,0
capture_01_ring_buffer.btsnoop,3752.419665,3,in_motion,66,64,0,0,4,76,0,146,76,0
capture_01_ring_buffer.btsnoop,3752.813362,2,adapting,66,64,0,0,4,76,0,146,76,0
capture_01_ring_buffer.btsnoop,3753.075667,2,adapting,66,64,0,0,4,76,0,146,76,0
capture_01_ring_buffer.btsnoop,3753.425731,2,adapting,66,64,0,0,4,76,0,146,76,0
capture_01_ring_buffer.btsnoop,3753.775747,2,adapting,66,64,0,0,4,76,0,146,76,0
capture_01_ring_buffer.btsnoop,3754.082691,2,adapting,66,64,0,0,4,76,0,146,76,0
capture_01_ring_buffer.btsnoop,3754.432228,2,adapting,66,64,0,0,4,76,0,146,76,0
capture_01_ring_buffer.btsnoop,3754.825774,2,adapting,66,64,13,0,4,76,0,146,76,0
capture_01_ring_buffer.btsnoop,3755.088413,2,adapting,66,64,13,0,4,76,0,146,76,0
capture_01_ring_buffer.btsnoop,3755.438256,2,adapting,66,64,13,0,4,76,0,146,76,0
capture_01_ring_buffer.btsnoop,3755.83217,2,adapting,66,66,13,0,4,76,0,146,76,0
capture_01_ring_buffer.btsnoop,3756.138613,2,adapting,68,68,13,0,4,76,0,146,76,0
capture_01_ring_buffer.btsnoop,3756.444512,2,adapting,68,68,13,0,4,76,0,146,76,0
capture_01_ring_buffer.btsnoop,3756.794651,2,adapting,70,70,13,0,4,76,0,146,76,0
capture_01_ring_buffer.btsnoop,3757.144453,2,adapting,71,71,13,0,4,76,0,146,76,0
capture_01_ring_buffer.btsnoop,3757.450854,2,adapting,72,72,13,0,4,76,0,146,76,0
capture_01_ring_buffer.btsnoop,3757.844931,2,adapting,72,72,100,0,4,76,0,146,76,0
capture_01_ring_buffer.btsnoop,3758.15079,2,adapting,72,72,100,0,4,76,0,146,76,0
capture_01_ring_buffer.btsnoop,3758.500911,2,adapting,72,72,100,0,4,76,0,146,76,0
capture_01_ring_buffer.btsnoop,3758.850936,2,adapting,72,72,100,0,4,76,0,146,76,0
capture_01_ring_buffer.btsnoop,3759.156955,2,adapting,72,72,100,0,4,76,0,146,76,0
capture_01_ring_buffer.btsnoop,3759.507163,2,adapting,72,72,100,0,4,76,0,146,76,0
capture_01_ring_buffer.btsnoop,3759.901046,2,adapting,72,72,100,0,4,76,0,146,76,0
capture_01_ring_buffer.btsnoop,3760.163335,2,adapting,72,72,100,0,4,76,0,146,76,0
capture_01_ring_buffer.btsnoop,3760.513379,2,adapting,72,72,100,0,4,76,0,146,76,0
capture_01_ring_buffer.btsnoop,3760.906859,2,adapting,72,72,100,0,4,76,0,146,76,0
capture_01_ring_buffer.btsnoop,3761.169377,2,adapting,72,72,100,0,4,76,0,146,76,0
capture_01_ring_buffer.btsnoop,3761.519622,2,adapting,72,72,100,0,4,76,0,146,76,0
capture_01_ring_buffer.btsnoop,3761.869575,2,adapting,72,72,100,0,4,76,0,146,76,0
capture_01_ring_buffer.btsnoop,3762.175749,2,adapting,72,72,100,0,4,76,0,146,76,0
capture_01_ring_buffer.btsnoop,3762.525629,2,adapting,72,72,100,0,4,76,0,146,76,0
capture_01_ring_buffer.btsnoop,3762.919526,2,adapting,72,72,100,0,4,76,0,146,76,0
capture_01_ring_buffer.btsnoop,3763.181993,2,adapting,72,72,100,0,4,76,0,146,76,0
capture_01_ring_buffer.btsnoop,3763.532136,2,adapting,72,72,100,0,4,76,0,146,76,0
capture_01_ring_buffer.btsnoop,3763.882028,2,adapting,72,72,100,0,4,76,0,146,76,0
capture_01_ring_buffer.btsnoop,3764.232047,2,adapting,72,72,100,0,4,76,0,146,76,0
capture_01_ring_buffer.btsnoop,3764.538403,2,adapting,72,72,100,0,4,76,0,146,76,0
capture_01_ring_buffer.btsnoop,3764.932139,2,adapting,72,72,113,0,4,76,0,146,76,0
capture_01_ring_buffer.btsnoop,3765.238565,2,adapting,72,72,113,0,4,76,0,146,76,0
capture_01_ring_buffer.btsnoop,3765.544753,2,adapting,72,72,113,0,4,76,0,146,76,0
capture_01_ring_buffer.btsnoop,3765.938285,2,adapting,72,72,113,0,4,76,0,146,76,0
capture_01_ring_buffer.btsnoop,3766.244596,2,adapting,72,72,113,0,4,76,0,146,76,0
capture_01_ring_buffer.btsnoop,3766.594839,2,adapting,72,72,113,0,4,76,0,146,76,0
capture_01_ring_buffer.btsnoop,3766.944679,2,adapting,72,72,113,0,4,76,0,146,76,0
capture_01_ring_buffer.btsnoop,3767.250863,2,adapting,72,72,113,0,4,76,0,146,76,0
capture_01_ring_buffer.btsnoop,3767.600838,2,adapting,72,72,113,0,4,76,0,146,76,0
capture_01_ring_buffer.btsnoop,3767.994654,2,adapting,72,72,113,0,4,76,0,146,76,0
capture_01_ring_buffer.btsnoop,3768.257446,2,adapting,72,72,113,0,4,76,0,146,76,0
capture_01_ring_buffer.btsnoop,3768.607233,2,adapting,72,72,113,0,4,76,0,146,76,0
capture_01_ring_buffer.btsnoop,3769.000968,2,adapting,72,72,113,0,4,76,0,146,76,0
capture_01_ring_buffer.btsnoop,3769.263795,2,adapting,72,72,113,0,4,76,0,146,76,0
capture_01_ring_buffer.btsnoop,3769.613367,2,adapting,72,72,113,0,4,76,0,146,76,0
capture_01_ring_buffer.btsnoop,3769.963423,2,adapting,72,72,113,0,4,76,0,146,76,0
capture_01_ring_buffer.btsnoop,3770.269581,2,adapting,72,72,113,0,4,76,0,146,76,0
capture_01_ring_buffer.btsnoop,3770.663426,2,adapting,72,72,113,0,4,76,0,146,76,0
capture_01_ring_buffer.btsnoop,3771.057271,2,adapting,72,72,113,0,4,76,0,146,76,0
capture_01_ring_buffer.btsnoop,3771.625889,2,adapting,72,72,113,0,4,76,0,146,76,0
capture_01_ring_buffer.btsnoop,3771.975981,2,adapting,72,72,113,0,4,76,0,146,76,0
capture_01_ring_buffer.btsnoop,3772.282284,2,adapting,72,72,113,0,4,76,0,146,76,0
capture_01_ring_buffer.btsnoop,3772.632968,2,adapting,72,72,113,0,4,76,0,146,76,0
capture_01_ring_buffer.btsnoop,3772.982265,2,adapting,72,72,135,0,4,76,0,146,76,0
capture_01_ring_buffer.btsnoop,3773.33226,2,adapting,72,72,135,0,4,76,0,146,76,0
capture_01_ring_buffer.btsnoop,3773.638412,2,adapting,72,72,135,0,4,76,0,146,76,0
capture_01_ring_buffer.btsnoop,3773.988649,2,adapting,72,72,135,0,4,76,0,146,76,0
capture_01_ring_buffer.btsnoop,3774.338387,2,adapting,72,72,135,0,4,76,0,146,76,0
capture_01_ring_buffer.btsnoop,3774.644765,2,adapting,72,72,135,0,4,76,0,146,76,0
capture_01_ring_buffer.btsnoop,3775.08207,2,adapting,72,72,135,0,4,76,0,146,76,0
capture_01_ring_buffer.btsnoop,3775.694816,2,adapting,72,72,135,0,4,76,0,146,76,0
capture_01_ring_buffer.btsnoop,3776.04477,2,adapting,72,72,135,0,4,76,0,146,76,0
capture_01_ring_buffer.btsnoop,3776.351177,2,adapting,72,72,135,0,4,76,0,146,76,0
capture_01_ring_buffer.btsnoop,3776.701073,2,adapting,72,72,135,0,4,76,0,146,76,0
capture_01_ring_buffer.btsnoop,3777.094777,2,adapting,72,72,135,0,4,76,0,146,76,0
capture_01_ring_buffer.btsnoop,3777.357348,2,adapting,72,72,135,0,4,76,0,146,76,0
capture_01_ring_buffer.btsnoop,3777.707343,2,adapting,72,72,135,0,4,76,0,146,76,0
capture_01_ring_buffer.btsnoop,3778.057244,2,adapting,72,72,135,0,4,76,0,146,76,0
capture_01_ring_buffer.btsnoop,3778.363614,2,adapting,72,72,135,0,4,76,0,146,76,0
capture_01_ring_buffer.btsnoop,3778.713536,2,adapting,72,72,135,0,4,76,0,146,76,0
capture_01_ring_buffer.btsnoop,3779.063348,2,adapting,72,72,135,0,4,76,0,146,76,0
capture_01_ring_buffer.btsnoop,3779.369828,2,adapting,72,72,135,0,4,76,0,146,76,0
capture_01_ring_buffer.btsnoop,3779.719659,2,adapting,72,72,135,0,4,76,0,146,76,0
capture_01_ring_buffer.btsnoop,3780.113548,2,adapting,72,72,135,0,4,76,0,146,76,0
capture_01_ring_buffer.btsnoop,3780.376036,2,adapting,72,72,135,0,4,76,0,146,76,0
capture_01_ring_buffer.btsnoop,3780.726029,2,adapting,72,72,135,0,4,76,0,146,76,0
capture_01_ring_buffer.btsnoop,3781.119673,2,adapting,72,72,135,0,4,76,0,146,76,0
capture_01_ring_buffer.btsnoop,3781.426025,2,adapting,72,72,135,0,4,76,0,146,76,0
capture_01_ring_buffer.btsnoop,3781.73229,2,adapting,72,72,135,0,4,76,0,146,76,0
capture_01_ring_buffer.btsnoop,3782.082395,2,adapting,72,72,135,0,4,76,0,146,76,0
capture_01_ring_buffer.btsnoop,3782.432268,2,adapting,72,72,135,0,4,76,0,146,76,0
capture_01_ring_buffer.btsnoop,3782.739473,2,adapting,72,72,135,0,4,76,0,146,76,0
capture_01_ring_buffer.btsnoop,3783.088539,2,adapting,72,72,135,0,4,76,0,146,76,0
capture_01_ring_buffer.btsnoop,3783.438579,2,adapting,72,72,135,0,4,76,0,146,76,0
capture_01_ring_buffer.btsnoop,3783.744973,2,adapting,72,72,135,0,4,76,0,146,76,0
capture_01_ring_buffer.btsnoop,3784.226104,2,adapting,72,72,100,0,4,76,0,146,76,0
capture_01_ring_buffer.btsnoop,3784.750971,2,adapting,72,72,100,0,4,76,0,146,76,0
capture_01_ring_buffer.btsnoop,3785.144662,2,adapting,72,72,100,0,4,76,0,146,76,0
capture_01_ring_buffer.btsnoop,3785.451006,2,adapting,72,72,100,0,4,76,0,146,76,0
capture_01_ring_buffer.btsnoop,3785.801141,2,adapting,72,72,100,0,4,76,0,146,76,0
capture_01_ring_buffer.btsnoop,3786.150985,2,adapting,72,72,114,0,4,76,0,146,76,0
capture_01_ring_buffer.btsnoop,3786.45724,2,adapting,72,72,114,0,4,76,0,146,76,0
capture_01_ring_buffer.btsnoop,3786.807271,2,adapting,72,72,114,0,4,76,0,146,76,0
capture_01_ring_buffer.btsnoop,3787.157332,2,adapting,72,72,114,0,4,76,0,146,76,0
capture_01_ring_buffer.btsnoop,3787.463727,2,adapting,72,72,114,0,4,76,0,146,76,0
capture_01_ring_buffer.btsnoop,3787.813668,2,adapting,72,72,114,0,4,76,0,146,76,0
capture_01_ring_buffer.btsnoop,3788.207767,2,adapting,72,72,102,0,4,76,0,146,76,0
capture_01_ring_buffer.btsnoop,3788.469822,2,adapting,72,72,102,0,4,76,0,146,76,0
capture_01_ring_buffer.btsnoop,3788.819711,2,adapting,72,72,102,0,4,76,0,146,76,0
capture_01_ring_buffer.btsnoop,3789.16987,2,adapting,72,72,111,0,4,76,0,146,76,0
capture_01_ring_buffer.btsnoop,3789.476165,2,adapting,72,72,111,0,4,76,0,146,76,0
capture_01_ring_buffer.btsnoop,3789.826114,2,adapting,72,72,111,0,4,76,0,146,76,0
capture_01_ring_buffer.btsnoop,3790.176215,2,adapting,72,72,111,0,4,76,0,146,76,0
capture_01_ring_buffer.btsnoop,3790.48246,2,adapting,72,72,111,0,4,76,0,146,76,0
capture_01_ring_buffer.btsnoop,3790.832262,2,adapting,72,72,111,0,4,76,0,146,76,0
capture_01_ring_buffer.btsnoop,3791.226167,2,adapting,72,72,111,0,4,76,0,146,76,0
capture_01_ring_buffer.btsnoop,3791.532492,2,adapting,72,72,111,0,4,76,0,146,76,0
capture_01_ring_buffer.btsnoop,3791.838426,2,adapting,72,72,111,0,4,76,0,146,76,0
capture_01_ring_buffer.btsnoop,3792.232298,2,adapting,72,72,111,0,4,76,0,146,76,0
capture_01_ring_buffer.btsnoop,3792.538667,2,adapting,72,72,111,0,4,76,0,146,76,0
capture_01_ring_buffer.btsnoop,3792.844849,2,adapting,72,72,111,0,4,76,0,146,76,0
capture_01_ring_buffer.btsnoop,3793.238819,2,adapting,72,72,102,0,4,76,0,146,76,0
capture_01_ring_buffer.btsnoop,3793.544953,2,adapting,72,72,102,0,4,76,0,146,76,0
capture_01_ring_buffer.btsnoop,3793.894776,2,adapting,72,72,102,0,4,76,0,146,76,0
capture_01_ring_buffer.btsnoop,3794.244843,2,adapting,72,72,102,0,4,76,0,146,76,0
capture_01_ring_buffer.btsnoop,3794.55107,2,adapting,72,72,102,0,4,76,0,146,76,0
capture_01_ring_buffer.btsnoop,3794.901232,2,adapting,72,72,102,0,4,76,0,146,76,0
capture_01_ring_buffer.btsnoop,3795.251227,2,adapting,72,72,102,0,4,76,0,146,76,0
capture_01_ring_buffer.btsnoop,3795.55732,2,adapting,72,72,102,0,4,76,0,146,76,0
capture_01_ring_buffer.btsnoop,3795.907361,2,adapting,72,72,102,0,4,76,0,146,76,0
capture_01_ring_buffer.btsnoop,3796.257326,2,adapting,72,72,102,0,4,76,0,146,76,0
capture_01_ring_buffer.btsnoop,3796.563784,2,adapting,72,72,102,0,4,76,0,146,76,0
capture_01_ring_buffer.btsnoop,3796.913556,2,adapting,72,72,102,0,4,76,0,146,76,0
capture_01_ring_buffer.btsnoop,3797.263854,2,adapting,72,72,102,0,4,76,0,146,76,0
capture_01_ring_buffer.btsnoop,3797.569831,2,adapting,72,72,102,0,4,76,0,146,76,0
capture_01_ring_buffer.btsnoop,3797.919895,2,adapting,72,72,102,0,4,76,0,146,76,0
capture_01_ring_buffer.btsnoop,3798.313585,2,adapting,72,72,106,0,4,76,0,146,76,0
capture_01_ring_buffer.btsnoop,3798.576095,2,adapting,72,72,106,0,4,76,0,146,76,0
capture_01_ring_buffer.btsnoop,3798.926222,2,adapting,72,72,106,0,4,76,0,146,76,0
capture_01_ring_buffer.btsnoop,3799.276068,2,adapting,72,72,106,0,4,76,0,146,76,0
capture_01_ring_buffer.btsnoop,3799.626286,2,adapting,72,72,106,0,4,76,0,146,76,0
capture_01_ring_buffer.btsnoop,3799.932295,2,adapting,72,72,106,0,4,76,0,146,76,0
capture_01_ring_buffer.btsnoop,3800.369863,2,adapting,72,72,106,0,4,76,0,146,76,0
capture_01_ring_buffer.btsnoop,3800.938897,2,adapting,72,72,106,0,4,76,0,146,76,0
capture_01_ring_buffer.btsnoop,3801.28867,2,adapting,72,72,106,0,4,76,0,146,76,0
capture_01_ring_buffer.btsnoop,3801.638665,2,adapting,72,72,106,0,4,76,0,146,76,0
capture_01_ring_buffer.btsnoop,3801.944938,2,adapting,72,72,106,0,4,76,0,146,76,0
capture_01_ring_buffer.btsnoop,3802.338787,2,adapting,72,72,102,0,4,76,0,146,76,0
capture_01_ring_buffer.btsnoop,3802.688787,2,adapting,72,72,102,0,4,76,0,146,76,0
capture_01_ring_buffer.btsnoop,3802.994966,2,adapting,72,72,102,0,4,76,0,146,76,0
capture_01_ring_buffer.btsnoop,3803.388734,2,adapting,72,72,102,0,4,76,0,146,76,0
capture_01_ring_buffer.btsnoop,3803.651237,2,adapting,72,72,102,0,4,76,0,146,76,0
capture_01_ring_buffer.btsnoop,3804.001188,2,adapting,72,72,102,0,4,76,0,146,76,0
capture_01_ring_buffer.btsnoop,3804.395069,2,adapting,72,72,102,0,4,76,0,146,76,0
capture_01_ring_buffer.btsnoop,3804.657494,2,adapting,72,72,102,0,4,76,0,146,76,0
capture_01_ring_buffer.btsnoop,3805.007355,2,adapting,72,72,102,0,4,76,0,146,76,0
capture_01_ring_buffer.btsnoop,3805.313662,2,adapting,72,72,102,0,4,76,0,146,76,0
capture_01_ring_buffer.btsnoop,3805.663548,2,adapting,72,72,102,0,4,76,0,146,76,0
capture_01_ring_buffer.btsnoop,3806.013696,2,adapting,72,72,102,0,4,76,0,146,76,0
capture_01_ring_buffer.btsnoop,3806.451302,2,adapting,72,72,102,0,4,76,0,146,76,0
capture_01_ring_buffer.btsnoop,3807.019933,2,adapting,72,72,102,0,4,76,0,146,76,0
capture_01_ring_buffer.btsnoop,3807.369938,2,adapting,72,72,102,0,4,76,0,146,76,0
capture_01_ring_buffer.btsnoop,3807.67658,2,adapting,72,72,102,0,4,76,0,146,76,0
capture_01_ring_buffer.btsnoop,3808.026486,2,adapting,72,72,102,0,4,76,0,146,76,0
capture_01_ring_buffer.btsnoop,3808.463742,2,adapting,72,72,102,0,4,76,0,146,76,0
capture_01_ring_buffer.btsnoop,3809.032434,2,adapting,72,72,102,0,4,76,0,146,76,0
capture_01_ring_buffer.btsnoop,3809.382637,2,adapting,72,72,102,0,4,76,0,146,76,0
capture_01_ring_buffer.btsnoop,3809.732382,2,adapting,72,72,102,0,4,76,0,146,73,0
capture_01_ring_buffer.btsnoop,3810.038731,2,adapting,72,72,102,0,4,76,0,146,73,0
capture_01_ring_buffer.btsnoop,3810.432459,2,adapting,72,72,102,0,4,76,0,146,73,0
capture_01_ring_buffer.btsnoop,3810.738789,2,adapting,72,72,102,0,4,76,0,146,73,0
capture_01_ring_buffer.btsnoop,3811.045039,2,adapting,72,72,102,0,4,76,0,146,73,0
capture_01_ring_buffer.btsnoop,3811.438758,2,adapting,72,72,102,0,4,76,0,146,73,0
capture_01_ring_buffer.btsnoop,3811.745248,2,adapting,72,72,102,0,4,76,0,146,73,0
capture_01_ring_buffer.btsnoop,3812.095241,2,adapting,72,72,102,0,4,76,0,146,73,0
capture_01_ring_buffer.btsnoop,3812.444945,2,adapting,72,72,102,0,4,76,0,146,73,0
capture_01_ring_buffer.btsnoop,3812.751448,2,adapting,72,72,102,0,4,76,0,146,73,0
capture_01_ring_buffer.btsnoop,3813.101295,2,adapting,72,72,102,0,4,76,0,146,73,0
capture_01_ring_buffer.btsnoop,3813.451328,2,adapting,72,72,102,0,4,76,0,146,73,0
capture_01_ring_buffer.btsnoop,3813.757441,2,adapting,72,72,102,0,4,76,0,146,73,0
capture_01_ring_buffer.btsnoop,3814.10747,2,adapting,72,72,102,0,4,76,0,146,73,0
capture_01_ring_buffer.btsnoop,3814.457578,2,adapting,72,72,102,0,4,76,0,146,73,0
capture_01_ring_buffer.btsnoop,3814.76407,2,adapting,72,72,102,0,4,76,0,146,73,0
capture_01_ring_buffer.btsnoop,3815.113733,2,adapting,72,72,102,0,4,76,0,146,73,0
capture_01_ring_buffer.btsnoop,3815.507795,2,adapting,72,72,111,0,4,76,0,146,73,0
capture_01_ring_buffer.btsnoop,3815.770134,2,adapting,72,72,111,0,4,76,0,146,73,0
capture_01_ring_buffer.btsnoop,3816.119987,2,adapting,72,72,111,0,4,76,0,146,73,0
capture_01_ring_buffer.btsnoop,3816.513828,2,adapting,72,72,100,0,4,76,0,146,73,0
capture_01_ring_buffer.btsnoop,3816.776256,2,adapting,72,72,100,0,4,76,0,146,73,0
capture_01_ring_buffer.btsnoop,3817.126357,2,adapting,72,72,100,0,4,76,0,146,73,0
capture_01_ring_buffer.btsnoop,3817.476187,2,adapting,72,72,100,0,4,76,0,146,73,0
capture_01_ring_buffer.btsnoop,3817.782744,2,adapting,72,72,100,0,4,76,0,146,73,0
capture_01_ring_buffer.btsnoop,3818.132542,2,adapting,72,72,100,0,4,76,0,146,73,0
capture_01_ring_buffer.btsnoop,3818.526705,2,adapting,72,72,106,0,4,76,0,146,73,0
capture_01_ring_buffer.btsnoop,3818.877121,2,adapting,72,72,106,0,4,76,0,146,73,0
capture_01_ring_buffer.btsnoop,3819.138953,2,adapting,72,72,106,0,4,76,0,146,73,0
capture_01_ring_buffer.btsnoop,3819.532672,2,adapting,72,72,106,0,4,76,0,146,73,0
capture_02_rotation_continuation.btsnoop,0.0,2,adapting,72,72,106,0,4,76,0,146,73,0
capture_02_rotation_continuation.btsnoop,0.306277,2,adapting,72,72,106,0,4,76,0,146,73,0
capture_02_rotation_continuation.btsnoop,0.700016,2,adapting,72,72,106,0,4,76,0,146,73,0
capture_02_rotation_continuation.btsnoop,1.006202,2,adapting,72,72,106,0,4,76,0,146,73,0
capture_02_rotation_continuation.btsnoop,1.356093,2,adapting,72,72,106,0,4,76,0,146,73,0
capture_02_rotation_continuation.btsnoop,1.662498,2,adapting,72,72,106,0,4,76,0,146,73,0
capture_02_rotation_continuation.btsnoop,2.012443,2,adapting,72,72,106,0,4,76,0,146,73,0
capture_02_rotation_continuation.btsnoop,2.362423,2,adapting,72,72,106,0,4,76,0,146,73,0
capture_02_rotation_continuation.btsnoop,2.712446,2,adapting,72,72,106,0,4,76,0,146,73,0
capture_02_rotation_continuation.btsnoop,3.018931,2,adapting,72,72,106,0,4,76,0,146,73,0
capture_02_rotation_continuation.btsnoop,3.412607,2,adapting,72,72,106,0,4,76,0,146,73,0
capture_02_rotation_continuation.btsnoop,3.719062,2,adapting,72,72,106,0,4,76,0,146,73,0
capture_02_rotation_continuation.btsnoop,4.025376,2,adapting,72,72,106,0,4,76,0,146,73,0
capture_02_rotation_continuation.btsnoop,4.418714,2,adapting,72,72,106,0,4,76,0,146,73,0
capture_02_rotation_continuation.btsnoop,4.769871,2,adapting,81,81,62,0,4,76,0,146,73,0
capture_02_rotation_continuation.btsnoop,5.031368,2,adapting,81,81,62,0,4,76,0,146,73,0
capture_02_rotation_continuation.btsnoop,5.381246,2,adapting,81,81,62,0,4,76,0,146,73,0
capture_02_rotation_continuation.btsnoop,5.774896,2,adapting,81,81,75,0,4,76,0,146,73,0
capture_02_rotation_continuation.btsnoop,6.037437,2,adapting,81,81,75,0,4,76,0,146,73,0
capture_02_rotation_continuation.btsnoop,6.387595,2,adapting,81,81,75,0,4,76,0,146,73,0
capture_02_rotation_continuation.btsnoop,6.781236,2,adapting,82,82,75,0,4,76,0,146,73,0
capture_02_rotation_continuation.btsnoop,7.044139,2,adapting,82,82,75,0,4,76,0,146,73,0
capture_02_rotation_continuation.btsnoop,7.393746,2,adapting,82,82,75,0,4,76,0,146,73,0
capture_02_rotation_continuation.btsnoop,7.787922,2,adapting,82,82,86,0,4,76,0,146,73,0
capture_02_rotation_continuation.btsnoop,8.093826,2,adapting,82,82,86,0,4,76,0,146,73,0
capture_02_rotation_continuation.btsnoop,8.400045,2,adapting,82,82,86,0,4,76,0,146,73,0
capture_02_rotation_continuation.btsnoop,8.793726,2,adapting,32,32,103,0,4,76,0,146,73,0
capture_02_rotation_continuation.btsnoop,9.100145,2,adapting,39,39,103,0,4,76,0,146,73,0
capture_02_rotation_continuation.btsnoop,9.406353,2,adapting,39,39,103,0,4,76,0,146,73,0
capture_02_rotation_continuation.btsnoop,9.800098,2,adapting,75,70,103,0,4,76,0,146,73,0
capture_02_rotation_continuation.btsnoop,10.106286,2,adapting,75,70,103,0,4,76,0,146,73,0
capture_02_rotation_continuation.btsnoop,10.456496,2,adapting,75,70,103,0,4,76,0,146,73,0
capture_02_rotation_continuation.btsnoop,10.850175,5,calm,78,77,106,0,4,76,0,146,73,0
capture_02_rotation_continuation.btsnoop,11.112593,5,calm,78,77,106,0,4,76,0,146,73,0
capture_02_rotation_continuation.btsnoop,11.462542,5,calm,78,77,106,0,4,76,0,146,73,0
capture_02_rotation_continuation.btsnoop,11.812492,5,calm,78,77,106,0,4,76,0,146,73,0
capture_02_rotation_continuation.btsnoop,12.118729,5,calm,78,77,106,0,4,76,0,146,73,0
capture_02_rotation_continuation.btsnoop,12.469135,5,calm,78,77,106,0,4,76,0,146,73,0
capture_02_rotation_continuation.btsnoop,12.863493,5,calm,80,79,121,0,4,76,0,146,73,0
capture_02_rotation_continuation.btsnoop,13.168928,5,calm,80,79,121,0,4,76,0,146,73,0
capture_02_rotation_continuation.btsnoop,13.518698,5,calm,80,79,121,0,4,76,0,146,73,0
capture_02_rotation_continuation.btsnoop,13.869041,5,calm,80,79,121,0,4,76,0,146,73,0
capture_02_rotation_continuation.btsnoop,14.175341,5,calm,80,79,121,0,4,76,0,146,73,0
capture_02_rotation_continuation.btsnoop,14.481556,5,calm,80,79,121,0,4,76,0,146,73,0
capture_02_rotation_continuation.btsnoop,14.87501,5,calm,74,74,134,0,4,76,0,146,73,0
capture_02_rotation_continuation.btsnoop,15.18144,5,calm,74,74,134,0,4,76,0,146,73,0
capture_02_rotation_continuation.btsnoop,15.531341,5,calm,74,74,134,0,4,76,0,146,73,0
capture_02_rotation_continuation.btsnoop,15.881271,5,calm,74,74,134,0,4,76,0,146,73,0
capture_02_rotation_continuation.btsnoop,16.187769,5,calm,74,74,134,0,4,76,0,146,73,0
capture_02_rotation_continuation.btsnoop,16.53758,5,calm,74,74,134,0,4,76,0,146,73,0
capture_02_rotation_continuation.btsnoop,16.931314,5,calm,76,77,144,0,4,76,0,146,73,0
capture_02_rotation_continuation.btsnoop,17.54398,5,calm,76,77,144,0,4,76,0,146,73,0
capture_02_rotation_continuation.btsnoop,17.937693,5,calm,77,78,155,0,4,76,0,146,73,0
capture_02_rotation_continuation.btsnoop,18.243957,5,calm,77,78,155,0,4,76,0,146,73,0
capture_02_rotation_continuation.btsnoop,18.549993,5,calm,77,78,155,0,4,76,0,146,73,0
capture_02_rotation_continuation.btsnoop,18.943817,5,calm,81,80,164,0,4,76,0,146,73,0
capture_02_rotation_continuation.btsnoop,19.250089,5,calm,81,80,164,0,4,76,0,146,73,0
capture_02_rotation_continuation.btsnoop,19.556471,5,calm,81,80,164,0,4,76,0,146,73,0
capture_02_rotation_continuation.btsnoop,19.993997,5,calm,76,75,174,0,4,76,0,146,73,0
capture_02_rotation_continuation.btsnoop,20.606374,5,calm,76,75,174,0,4,76,0,146,73,0
capture_02_rotation_continuation.btsnoop,20.956887,5,calm,76,75,174,0,4,76,0,146,73,0
capture_02_rotation_continuation.btsnoop,21.262605,5,calm,76,75,174,0,4,76,0,146,73,0
capture_02_rotation_continuation.btsnoop,21.612761,5,calm,76,75,174,0,4,76,0,146,73,0
capture_02_rotation_continuation.btsnoop,21.962767,5,calm,76,75,174,0,4,76,0,146,73,0
capture_02_rotation_continuation.btsnoop,22.268987,5,calm,76,75,174,0,4,76,0,146,73,0
capture_02_rotation_continuation.btsnoop,22.618987,5,calm,76,75,174,0,4,76,0,146,73,0
capture_02_rotation_continuation.btsnoop,22.968908,5,calm,76,75,174,0,4,76,0,146,73,0
capture_02_rotation_continuation.btsnoop,23.275029,5,calm,76,75,174,0,4,76,0,146,73,0
capture_02_rotation_continuation.btsnoop,23.625294,5,calm,76,75,174,0,4,76,0,146,73,0
capture_02_rotation_continuation.btsnoop,23.975069,5,calm,78,77,174,0,4,76,0,146,73,0
capture_02_rotation_continuation.btsnoop,24.28141,5,calm,78,77,174,0,4,76,0,146,73,0
capture_02_rotation_continuation.btsnoop,24.631375,4,distracted,78,77,174,0,4,76,0,146,73,0
capture_02_rotation_continuation.btsnoop,25.02524,4,distracted,77,76,174,0,4,76,0,146,73,0
capture_02_rotation_continuation.btsnoop,25.637713,4,distracted,77,76,174,0,4,76,0,146,73,0
capture_02_rotation_continuation.btsnoop,26.031503,4,distracted,77,76,174,0,4,76,0,146,73,0
capture_02_rotation_continuation.btsnoop,26.337675,4,distracted,77,76,174,0,4,76,0,146,73,0
capture_02_rotation_continuation.btsnoop,26.644174,4,distracted,77,76,174,0,4,76,0,146,73,0
capture_02_rotation_continuation.btsnoop,27.037861,4,distracted,79,78,174,0,4,76,0,146,73,0
capture_02_rotation_continuation.btsnoop,27.344032,4,distracted,79,78,174,0,4,76,0,146,73,0
capture_02_rotation_continuation.btsnoop,27.69393,4,distracted,78,77,174,0,4,76,0,146,73,0
capture_02_rotation_continuation.btsnoop,28.044132,4,distracted,77,77,174,0,4,76,0,146,73,0
capture_02_rotation_continuation.btsnoop,28.350165,4,distracted,76,75,174,0,4,76,0,146,73,0
capture_02_rotation_continuation.btsnoop,28.700307,4,distracted,76,75,174,0,4,76,0,146,73,0
capture_02_rotation_continuation.btsnoop,29.006527,4,distracted,76,75,174,0,4,76,0,146,73,0
capture_02_rotation_continuation.btsnoop,29.356538,4,distracted,76,75,174,0,4,76,0,146,73,0
capture_02_rotation_continuation.btsnoop,29.706425,4,distracted,75,74,174,0,4,76,0,146,73,0
capture_02_rotation_continuation.btsnoop,30.056411,4,distracted,79,77,174,0,4,76,0,146,73,0
capture_02_rotation_continuation.btsnoop,30.362617,4,distracted,79,77,174,0,4,76,0,146,73,0
capture_02_rotation_continuation.btsnoop,30.712854,4,distracted,79,77,174,0,4,76,0,146,73,0
capture_02_rotation_continuation.btsnoop,31.062924,4,distracted,79,77,174,0,4,76,0,146,73,0
capture_02_rotation_continuation.btsnoop,31.369071,4,distracted,79,77,174,0,4,76,0,146,73,0
capture_02_rotation_continuation.btsnoop,31.719088,4,distracted,79,77,174,0,4,76,0,146,73,0
capture_02_rotation_continuation.btsnoop,32.20019,4,distracted,64,65,229,0,4,76,0,146,73,0
capture_02_rotation_continuation.btsnoop,32.72543,4,distracted,64,65,229,0,4,76,0,146,73,0
capture_02_rotation_continuation.btsnoop,33.075668,4,distracted,64,65,229,0,4,76,0,146,73,0
capture_02_rotation_continuation.btsnoop,33.425254,4,distracted,64,65,229,0,4,76,0,146,73,0
capture_02_rotation_continuation.btsnoop,33.731522,4,distracted,65,66,229,0,4,76,0,146,73,0
capture_02_rotation_continuation.btsnoop,34.081508,4,distracted,66,66,229,0,4,76,0,146,73,0
capture_02_rotation_continuation.btsnoop,34.431578,4,distracted,66,67,229,0,4,76,0,146,73,0
capture_02_rotation_continuation.btsnoop,34.737915,4,distracted,67,67,229,0,4,76,0,146,73,0
capture_02_rotation_continuation.btsnoop,35.131701,4,distracted,67,68,229,0,4,76,0,146,73,0
capture_02_rotation_continuation.btsnoop,35.437661,4,distracted,67,68,229,0,4,76,0,146,73,0
capture_02_rotation_continuation.btsnoop,35.788066,4,distracted,67,68,229,0,4,76,0,146,73,0
capture_02_rotation_continuation.btsnoop,36.181577,4,distracted,67,68,229,0,4,76,0,146,73,0
capture_02_rotation_continuation.btsnoop,36.795491,4,distracted,68,69,229,0,4,76,0,146,73,0
capture_02_rotation_continuation.btsnoop,37.187868,4,distracted,68,69,229,0,4,76,0,146,73,0
capture_02_rotation_continuation.btsnoop,37.800355,4,distracted,68,69,229,0,4,76,0,146,73,0
capture_02_rotation_continuation.btsnoop,38.150261,4,distracted,68,69,229,0,4,76,0,146,73,0
capture_02_rotation_continuation.btsnoop,38.456725,4,distracted,68,69,229,0,4,76,0,146,73,0
capture_02_rotation_continuation.btsnoop,38.806701,4,distracted,68,68,229,0,4,76,0,146,73,0
capture_02_rotation_continuation.btsnoop,39.156623,4,distracted,68,68,229,0,4,76,0,146,73,0
capture_02_rotation_continuation.btsnoop,39.462871,4,distracted,68,69,229,0,4,76,0,146,73,0
capture_02_rotation_continuation.btsnoop,39.812823,4,distracted,67,67,229,0,4,76,0,146,73,0
capture_02_rotation_continuation.btsnoop,40.250544,4,distracted,75,77,229,0,4,76,0,146,73,0
capture_02_rotation_continuation.btsnoop,40.81906,4,distracted,75,77,229,0,4,76,0,146,73,0
capture_02_rotation_continuation.btsnoop,41.212911,4,distracted,76,77,255,0,4,76,0,146,73,0
capture_02_rotation_continuation.btsnoop,41.825289,4,distracted,75,76,255,0,4,76,0,146,73,0
capture_02_rotation_continuation.btsnoop,42.175531,4,distracted,74,76,255,0,4,76,0,146,73,0
capture_02_rotation_continuation.btsnoop,42.525523,4,distracted,75,76,255,0,4,76,0,146,73,0
capture_02_rotation_continuation.btsnoop,42.832074,4,distracted,75,77,255,0,4,76,0,146,73,0
capture_02_rotation_continuation.btsnoop,43.225301,4,distracted,75,77,255,0,4,76,0,146,73,0
capture_02_rotation_continuation.btsnoop,43.531726,4,distracted,75,77,255,0,4,76,0,146,73,0
capture_02_rotation_continuation.btsnoop,43.837815,4,distracted,75,77,255,0,4,76,0,146,73,0
capture_02_rotation_continuation.btsnoop,44.231674,4,distracted,75,76,255,0,4,76,0,146,73,0
capture_02_rotation_continuation.btsnoop,44.53779,4,distracted,74,76,255,0,4,76,0,146,73,0
capture_02_rotation_continuation.btsnoop,44.887918,4,distracted,75,76,255,0,4,76,0,146,73,0
capture_02_rotation_continuation.btsnoop,45.237887,4,distracted,74,76,255,0,4,76,0,146,73,0
capture_02_rotation_continuation.btsnoop,45.544243,4,distracted,74,76,255,0,4,76,0,146,73,0
capture_02_rotation_continuation.btsnoop,45.894157,4,distracted,74,76,255,0,4,76,0,146,73,0
capture_02_rotation_continuation.btsnoop,46.200508,4,distracted,74,76,255,0,4,76,0,146,73,0
capture_02_rotation_continuation.btsnoop,46.550432,4,distracted,74,76,255,0,4,76,0,146,73,0
capture_02_rotation_continuation.btsnoop,46.900291,4,distracted,74,76,255,0,4,76,0,146,73,0
capture_02_rotation_continuation.btsnoop,47.250307,4,distracted,74,76,255,0,4,76,0,146,73,0
capture_02_rotation_continuation.btsnoop,47.556679,4,distracted,74,76,255,0,4,76,0,146,73,0
capture_02_rotation_continuation.btsnoop,47.906736,4,distracted,74,76,255,0,4,76,0,146,73,0
capture_02_rotation_continuation.btsnoop,48.344096,4,distracted,74,76,255,0,4,76,0,146,73,0
capture_02_rotation_continuation.btsnoop,48.912926,4,distracted,75,76,255,0,4,76,0,146,73,0
capture_02_rotation_continuation.btsnoop,49.306578,4,distracted,75,77,255,0,4,76,0,146,73,0
capture_02_rotation_continuation.btsnoop,49.919276,4,distracted,75,76,255,0,4,76,0,146,73,0
capture_02_rotation_continuation.btsnoop,50.400401,4,distracted,74,76,255,0,4,76,0,146,73,0
capture_02_rotation_continuation.btsnoop,51.144021,4,distracted,75,77,255,0,4,76,0,146,70,0
capture_02_rotation_continuation.btsnoop,51.800298,4,distracted,75,77,255,0,4,76,0,146,70,0
capture_02_rotation_continuation.btsnoop,52.456423,4,distracted,75,77,255,0,4,76,0,146,70,0
capture_02_rotation_continuation.btsnoop,53.200335,4,distracted,76,77,255,0,4,76,0,146,70,0
capture_02_rotation_continuation.btsnoop,53.900226,4,distracted,76,78,242,0,4,76,0,146,70,0
capture_02_rotation_continuation.btsnoop,54.557082,4,distracted,76,78,242,0,4,76,0,146,70,0
capture_02_rotation_continuation.btsnoop,55.169092,4,distracted,76,78,242,0,4,76,0,146,70,0
capture_02_rotation_continuation.btsnoop,55.82528,4,distracted,76,78,242,0,4,76,0,146,70,0
capture_02_rotation_continuation.btsnoop,56.569154,4,distracted,76,78,242,0,4,76,0,146,70,0
capture_02_rotation_continuation.btsnoop,57.225681,4,distracted,76,78,242,0,4,76,0,146,70,0
capture_02_rotation_continuation.btsnoop,57.83791,4,distracted,48,48,223,0,4,76,0,146,70,0
capture_02_rotation_continuation.btsnoop,58.537945,4,distracted,75,78,223,0,4,76,0,146,70,0
capture_02_rotation_continuation.btsnoop,59.238153,4,distracted,76,78,223,0,4,76,0,146,70,0
capture_02_rotation_continuation.btsnoop,59.850428,4,distracted,75,78,223,0,4,76,0,146,70,0
capture_02_rotation_continuation.btsnoop,60.550239,4,distracted,75,77,223,0,4,76,0,146,70,0
capture_02_rotation_continuation.btsnoop,61.250425,4,distracted,74,77,223,0,4,76,0,146,70,0
capture_02_rotation_continuation.btsnoop,61.906531,4,distracted,75,77,223,0,4,76,0,146,70,0
capture_02_rotation_continuation.btsnoop,62.607021,4,distracted,75,78,223,0,4,76,0,146,70,0
capture_02_rotation_continuation.btsnoop,63.263045,4,distracted,76,78,223,0,4,76,0,146,70,0
capture_02_rotation_continuation.btsnoop,63.919344,4,distracted,76,78,216,0,4,76,0,146,70,0
capture_02_rotation_continuation.btsnoop,64.619118,4,distracted,76,78,200,0,4,76,0,146,70,0
capture_02_rotation_continuation.btsnoop,65.407095,4,distracted,76,78,200,0,4,76,0,146,70,0
capture_02_rotation_continuation.btsnoop,65.93191,4,distracted,74,76,200,0,4,76,0,146,70,0
capture_02_rotation_continuation.btsnoop,66.675752,4,distracted,74,76,200,0,4,76,0,146,70,0
capture_02_rotation_continuation.btsnoop,67.331887,4,distracted,74,76,200,0,4,76,0,146,70,0
capture_02_rotation_continuation.btsnoop,67.94447,4,distracted,74,76,188,0,4,76,0,146,70,0
capture_02_rotation_continuation.btsnoop,74.944283,4,distracted,79,77,147,0,4,76,0,146,70,0
capture_02_rotation_continuation.btsnoop,75.556749,4,distracted,79,77,147,0,4,76,0,146,70,0
capture_02_rotation_continuation.btsnoop,76.212979,4,distracted,82,82,147,0,4,76,0,146,70,0
capture_02_rotation_continuation.btsnoop,76.781792,4,distracted,82,82,106,0,4,76,0,146,70,0
capture_02_rotation_continuation.btsnoop,77.350409,4,distracted,82,82,106,0,4,76,0,146,70,0
capture_02_rotation_continuation.btsnoop,77.700769,4,distracted,82,82,106,0,4,76,0,146,70,0
capture_02_rotation_continuation.btsnoop,78.050439,4,distracted,82,82,106,0,4,76,0,146,70,0
capture_02_rotation_continuation.btsnoop,78.35676,4,distracted,82,82,106,0,4,76,0,146,70,0
capture_02_rotation_continuation.btsnoop,78.750544,4,distracted,83,83,100,0,4,76,0,146,70,0
capture_02_rotation_continuation.btsnoop,79.056964,4,distracted,83,83,100,0,4,76,0,146,70,0
capture_02_rotation_continuation.btsnoop,79.363215,4,distracted,83,83,100,0,4,76,0,146,70,0
capture_02_rotation_continuation.btsnoop,79.800622,4,distracted,21,21,122,0,4,76,0,146,70,0
capture_02_rotation_continuation.btsnoop,80.369372,4,distracted,21,21,122,0,4,76,0,146,70,0
capture_02_rotation_continuation.btsnoop,80.762993,4,distracted,21,21,122,0,4,76,0,146,70,0
capture_02_rotation_continuation.btsnoop,81.069607,4,distracted,21,21,122,0,4,76,0,146,70,0
capture_02_rotation_continuation.btsnoop,81.419593,4,distracted,21,21,122,0,4,76,0,146,70,0
capture_02_rotation_continuation.btsnoop,81.725747,4,distracted,21,21,122,0,4,76,0,146,70,0
capture_02_rotation_continuation.btsnoop,82.075675,4,distracted,21,21,122,0,4,76,0,146,70,0
capture_02_rotation_continuation.btsnoop,82.425606,4,distracted,21,21,122,0,4,76,0,146,70,0
capture_02_rotation_continuation.btsnoop,82.775607,4,distracted,21,21,149,0,4,76,0,146,70,0
capture_02_rotation_continuation.btsnoop,83.082,4,distracted,21,21,149,0,4,76,0,146,70,0
capture_02_rotation_continuation.btsnoop,83.432051,4,distracted,21,21,149,0,4,76,0,146,70,0
capture_02_rotation_continuation.btsnoop,83.86953,4,distracted,21,21,149,0,4,76,0,146,70,0
capture_02_rotation_continuation.btsnoop,84.438218,4,distracted,21,21,149,0,4,76,0,146,70,0
capture_02_rotation_continuation.btsnoop,84.788232,4,distracted,21,21,138,0,4,76,0,146,70,0
capture_02_rotation_continuation.btsnoop,85.094332,4,distracted,21,21,138,0,4,76,0,146,70,0
capture_02_rotation_continuation.btsnoop,85.444367,4,distracted,21,21,138,0,4,76,0,146,70,0
capture_02_rotation_continuation.btsnoop,85.794386,4,distracted,21,21,138,0,4,76,0,146,70,0
capture_02_rotation_continuation.btsnoop,86.100609,4,distracted,21,21,138,0,4,76,0,146,70,0
capture_02_rotation_continuation.btsnoop,86.450881,4,distracted,21,21,138,0,4,76,0,146,70,0
capture_02_rotation_continuation.btsnoop,86.844248,4,distracted,21,21,138,0,4,76,0,146,70,0
capture_02_rotation_continuation.btsnoop,87.150756,4,distracted,21,21,138,0,4,76,0,146,70,0
capture_02_rotation_continuation.btsnoop,87.456948,4,distracted,21,21,138,0,4,76,0,146,70,0
capture_02_rotation_continuation.btsnoop,87.807176,4,distracted,21,21,138,0,4,76,0,146,70,0
capture_02_rotation_continuation.btsnoop,88.156948,4,distracted,21,21,138,0,4,76,0,146,70,0
capture_02_rotation_continuation.btsnoop,88.507044,4,distracted,21,21,138,0,4,76,0,146,70,0
capture_02_rotation_continuation.btsnoop,88.85744,4,distracted,21,21,138,0,4,76,0,146,70,0
capture_02_rotation_continuation.btsnoop,89.16313,4,distracted,21,21,138,0,4,76,0,146,70,0
capture_02_rotation_continuation.btsnoop,89.469371,4,distracted,21,21,138,0,4,76,0,146,70,0
capture_02_rotation_continuation.btsnoop,89.863269,4,distracted,21,21,113,0,4,76,0,146,70,0
capture_02_rotation_continuation.btsnoop,90.169442,4,distracted,21,21,113,0,4,76,0,146,70,0
capture_02_rotation_continuation.btsnoop,90.475843,4,distracted,21,21,113,0,4,76,0,146,70,0
capture_02_rotation_continuation.btsnoop,90.870049,4,distracted,21,21,113,0,4,76,0,146,70,0
capture_02_rotation_continuation.btsnoop,91.175814,4,distracted,21,21,113,0,4,76,0,146,70,0
capture_02_rotation_continuation.btsnoop,91.481869,4,distracted,21,21,113,0,4,76,0,146,70,0
capture_02_rotation_continuation.btsnoop,91.920475,4,distracted,22,22,158,0,4,76,0,146,70,0
capture_02_rotation_continuation.btsnoop,92.531999,4,distracted,22,22,158,0,4,76,0,146,70,0
capture_02_rotation_continuation.btsnoop,92.881949,4,distracted,23,23,168,0,4,76,0,146,70,0
capture_02_rotation_continuation.btsnoop,93.188232,4,distracted,23,23,168,0,4,76,0,146,70,0
capture_02_rotation_continuation.btsnoop,93.581925,4,distracted,24,24,168,0,4,76,0,146,70,0
capture_02_rotation_continuation.btsnoop,93.888536,4,distracted,24,24,168,0,4,76,0,146,70,0
capture_02_rotation_continuation.btsnoop,94.194781,4,distracted,24,24,168,0,4,76,0,146,70,0
capture_02_rotation_continuation.btsnoop,94.544674,4,distracted,24,24,168,0,4,76,0,146,70,0
capture_02_rotation_continuation.btsnoop,94.938169,4,distracted,24,24,168,0,4,76,0,146,70,0
capture_02_rotation_continuation.btsnoop,95.20061,4,distracted,24,24,168,0,4,76,0,146,70,0
capture_02_rotation_continuation.btsnoop,95.550786,4,distracted,24,24,168,0,4,76,0,146,70,0
capture_02_rotation_continuation.btsnoop,95.900638,4,distracted,24,24,168,0,4,76,0,146,70,0
capture_02_rotation_continuation.btsnoop,96.207166,4,distracted,24,24,168,0,4,76,0,146,70,0
capture_02_rotation_continuation.btsnoop,96.556795,4,distracted,24,24,168,0,4,76,0,146,70,0
capture_02_rotation_continuation.btsnoop,96.906815,4,distracted,24,24,168,0,4,76,0,146,70,0
capture_02_rotation_continuation.btsnoop,97.213486,4,distracted,24,24,168,0,4,76,0,146,70,0
capture_02_rotation_continuation.btsnoop,97.607015,4,distracted,24,24,168,0,4,76,0,146,70,0
capture_02_rotation_continuation.btsnoop,97.957151,4,distracted,24,24,168,0,4,76,0,146,70,0
capture_02_rotation_continuation.btsnoop,98.263366,4,distracted,24,24,168,0,4,76,0,146,70,0
capture_02_rotation_continuation.btsnoop,98.569538,4,distracted,24,24,168,0,4,76,0,146,70,0
capture_02_rotation_continuation.btsnoop,98.963149,4,distracted,24,24,168,0,4,76,0,146,70,0
capture_02_rotation_continuation.btsnoop,99.269397,4,distracted,24,24,168,0,4,76,0,146,70,0
capture_02_rotation_continuation.btsnoop,99.575746,4,distracted,24,24,168,0,4,76,0,146,70,0
capture_02_rotation_continuation.btsnoop,99.96954,4,distracted,24,24,168,0,4,76,0,146,70,0
capture_02_rotation_continuation.btsnoop,100.275761,4,distracted,24,24,168,0,4,76,0,146,70,0
capture_02_rotation_continuation.btsnoop,100.582039,4,distracted,24,24,168,0,4,76,0,146,70,0
capture_02_rotation_continuation.btsnoop,100.932053,4,distracted,24,24,168,0,4,76,0,146,70,0
capture_02_rotation_continuation.btsnoop,101.281931,4,distracted,24,24,168,0,4,76,0,146,70,0
capture_02_rotation_continuation.btsnoop,101.632226,4,distracted,24,24,168,0,4,76,0,146,70,0
capture_02_rotation_continuation.btsnoop,101.982159,4,distracted,24,24,168,0,4,76,0,146,70,0
capture_02_rotation_continuation.btsnoop,102.288223,4,distracted,24,24,168,0,4,76,0,146,70,0
capture_02_rotation_continuation.btsnoop,102.638191,4,distracted,24,24,168,0,4,76,0,146,70,0
capture_02_rotation_continuation.btsnoop,102.988244,4,distracted,24,24,168,0,4,76,0,146,70,0
capture_02_rotation_continuation.btsnoop,103.338209,4,distracted,24,24,168,0,4,76,0,146,70,0
capture_02_rotation_continuation.btsnoop,103.688782,4,distracted,24,24,168,0,4,76,0,146,70,0
capture_02_rotation_continuation.btsnoop,103.994509,4,distracted,24,24,168,0,4,76,0,146,70,0
capture_02_rotation_continuation.btsnoop,104.300768,4,distracted,24,24,168,0,4,76,0,146,70,0
capture_02_rotation_continuation.btsnoop,104.650771,2,adapting,24,24,168,0,4,76,0,146,70,0
capture_02_rotation_continuation.btsnoop,105.000843,3,in_motion,24,24,168,0,4,76,0,146,70,0
capture_02_rotation_continuation.btsnoop,105.30712,3,in_motion,24,24,168,0,4,76,0,146,70,0
capture_02_rotation_continuation.btsnoop,105.657126,3,in_motion,24,24,168,0,4,76,0,146,70,0
capture_02_rotation_continuation.btsnoop,106.007162,2,adapting,24,24,168,0,4,76,0,146,70,0
capture_02_rotation_continuation.btsnoop,106.313732,2,adapting,24,24,168,0,4,76,0,146,70,0
capture_02_rotation_continuation.btsnoop,106.663375,2,adapting,24,24,168,0,4,76,0,146,70,0
capture_02_rotation_continuation.btsnoop,107.057144,2,adapting,24,24,168,0,4,76,0,146,70,0
capture_02_rotation_continuation.btsnoop,107.363372,2,adapting,24,24,168,0,4,76,0,146,70,0
capture_02_rotation_continuation.btsnoop,107.669726,2,adapting,24,24,168,0,4,76,0,146,70,0
capture_02_rotation_continuation.btsnoop,108.019577,2,adapting,24,24,168,0,4,76,0,146,70,0
capture_02_rotation_continuation.btsnoop,108.369561,2,adapting,24,24,168,0,4,76,0,146,70,0
capture_02_rotation_continuation.btsnoop,108.675814,2,adapting,24,24,168,0,4,76,0,146,70,0
capture_02_rotation_continuation.btsnoop,109.026126,2,adapting,24,24,168,0,4,76,0,146,70,0
capture_02_rotation_continuation.btsnoop,109.376043,2,adapting,24,24,168,0,4,76,0,146,64,0
capture_02_rotation_continuation.btsnoop,109.682217,2,adapting,24,24,168,0,4,76,0,146,64,0
capture_02_rotation_continuation.btsnoop,110.119549,2,adapting,24,24,200,0,4,76,0,146,64,0
capture_02_rotation_continuation.btsnoop,110.732056,2,adapting,24,24,200,0,4,76,0,146,64,0
capture_02_rotation_continuation.btsnoop,111.038559,2,adapting,24,24,200,0,4,76,0,146,64,0
capture_02_rotation_continuation.btsnoop,111.388566,2,adapting,24,24,200,0,4,76,0,146,64,0
capture_02_rotation_continuation.btsnoop,111.783314,2,adapting,24,24,200,0,4,76,0,146,64,0
capture_02_rotation_continuation.btsnoop,112.044576,2,adapting,24,24,200,0,4,76,0,146,64,0
capture_02_rotation_continuation.btsnoop,112.438369,2,adapting,24,24,200,0,4,76,0,146,64,0
capture_02_rotation_continuation.btsnoop,112.744842,2,adapting,24,24,200,0,4,76,0,146,64,0
capture_02_rotation_continuation.btsnoop,113.094737,3,in_motion,24,24,172,0,4,76,0,146,64,0
capture_02_rotation_continuation.btsnoop,113.400823,3,in_motion,24,24,172,0,4,76,0,146,64,0
capture_02_rotation_continuation.btsnoop,113.75083,3,in_motion,24,24,172,0,4,76,0,146,64,0
capture_02_rotation_continuation.btsnoop,114.100879,3,in_motion,24,24,172,0,4,76,0,146,64,0
capture_02_rotation_continuation.btsnoop,114.407135,3,in_motion,24,24,172,0,4,76,0,146,64,0
capture_02_rotation_continuation.btsnoop,114.757264,3,in_motion,24,24,172,0,4,76,0,146,64,0
capture_02_rotation_continuation.btsnoop,115.107258,2,adapting,24,24,172,0,4,76,0,146,64,0
capture_02_rotation_continuation.btsnoop,115.413354,2,adapting,24,24,172,0,4,76,0,146,64,0
capture_02_rotation_continuation.btsnoop,115.763378,2,adapting,24,24,172,0,4,76,0,146,64,0
capture_02_rotation_continuation.btsnoop,116.157155,2,adapting,40,40,144,0,4,76,0,146,64,0
capture_02_rotation_continuation.btsnoop,116.463588,2,adapting,40,40,144,0,4,76,0,146,64,0
capture_02_rotation_continuation.btsnoop,116.813613,2,adapting,40,40,144,0,4,76,0,146,64,0
capture_02_rotation_continuation.btsnoop,117.11988,2,adapting,40,40,144,0,4,76,0,146,64,0
capture_02_rotation_continuation.btsnoop,117.469601,2,adapting,40,40,144,0,4,76,0,146,64,0
capture_02_rotation_continuation.btsnoop,117.775852,2,adapting,40,40,144,0,4,76,0,146,64,0
capture_02_rotation_continuation.btsnoop,118.125856,2,adapting,40,40,144,0,4,76,0,146,64,0
capture_02_rotation_continuation.btsnoop,118.476193,2,adapting,40,40,144,0,4,76,0,146,64,0
capture_02_rotation_continuation.btsnoop,118.782319,2,adapting,40,40,144,0,4,76,0,146,64,0
capture_02_rotation_continuation.btsnoop,119.132126,2,adapting,40,40,144,0,4,76,0,146,64,0
capture_02_rotation_continuation.btsnoop,119.482015,2,adapting,40,40,144,0,4,76,0,146,64,0
capture_02_rotation_continuation.btsnoop,119.832281,2,adapting,40,40,144,0,4,76,0,146,64,0
capture_02_rotation_continuation.btsnoop,120.225989,2,adapting,40,40,143,0,4,76,0,146,64,0
capture_02_rotation_continuation.btsnoop,120.83841,2,adapting,40,40,143,0,4,76,0,146,64,0
capture_02_rotation_continuation.btsnoop,121.144667,2,adapting,40,40,143,0,4,76,0,146,64,0
capture_02_rotation_continuation.btsnoop,121.494902,2,adapting,40,40,143,0,4,76,0,146,64,0
capture_02_rotation_continuation.btsnoop,121.844989,2,adapting,40,40,143,0,4,76,0,146,64,0
capture_02_rotation_continuation.btsnoop,122.282119,2,adapting,40,40,153,0,4,76,0,146,64,0
capture_02_rotation_continuation.btsnoop,122.850847,2,adapting,40,40,153,0,4,76,0,146,64,0
capture_02_rotation_continuation.btsnoop,123.244702,2,adapting,40,40,145,0,4,76,0,146,64,0
capture_02_rotation_continuation.btsnoop,123.507084,2,adapting,40,40,145,0,4,76,0,146,64,0
capture_02_rotation_continuation.btsnoop,123.857176,2,adapting,40,40,145,0,4,76,0,146,64,0
capture_02_rotation_continuation.btsnoop,124.207362,2,adapting,40,40,145,0,4,76,0,146,64,0
capture_02_rotation_continuation.btsnoop,124.51346,2,adapting,40,40,145,0,4,76,0,146,64,0
capture_02_rotation_continuation.btsnoop,124.863579,2,adapting,40,40,145,0,4,76,0,146,64,0
capture_02_rotation_continuation.btsnoop,125.257269,2,adapting,40,40,130,0,4,76,0,146,64,0
capture_02_rotation_continuation.btsnoop,125.56351,2,adapting,40,40,130,0,4,76,0,146,64,0
capture_02_rotation_continuation.btsnoop,125.869932,2,adapting,40,40,130,0,4,76,0,146,64,0
capture_02_rotation_continuation.btsnoop,126.263661,2,adapting,40,40,130,0,4,76,0,146,64,0
capture_02_rotation_continuation.btsnoop,126.613507,2,adapting,40,40,130,0,4,76,0,146,64,0
capture_02_rotation_continuation.btsnoop,126.875879,2,adapting,40,40,130,0,4,76,0,146,64,0
capture_02_rotation_continuation.btsnoop,127.269684,2,adapting,40,40,130,0,4,76,0,146,64,0
capture_02_rotation_continuation.btsnoop,127.576079,2,adapting,40,40,130,0,4,76,0,146,64,0
capture_02_rotation_continuation.btsnoop,127.882169,2,adapting,40,40,130,0,4,76,0,146,64,0
capture_02_rotation_continuation.btsnoop,128.276137,2,adapting,40,40,107,0,4,76,0,146,64,0
capture_02_rotation_continuation.btsnoop,128.582225,2,adapting,40,40,107,0,4,76,0,146,64,0
capture_02_rotation_continuation.btsnoop,128.932183,2,adapting,40,40,107,0,4,76,0,146,64,0
capture_02_rotation_continuation.btsnoop,129.3259,2,adapting,40,40,107,0,4,76,0,146,64,0
capture_02_rotation_continuation.btsnoop,129.938692,2,adapting,40,40,107,0,4,76,0,146,64,0
capture_02_rotation_continuation.btsnoop,130.244742,2,adapting,40,40,107,0,4,76,0,146,64,0
capture_02_rotation_continuation.btsnoop,130.5948,2,adapting,40,40,107,0,4,76,0,146,64,0
capture_02_rotation_continuation.btsnoop,130.944725,2,adapting,40,40,107,0,4,76,0,146,64,0
capture_02_rotation_continuation.btsnoop,131.294755,2,adapting,40,40,107,0,4,76,0,146,64,0
capture_02_rotation_continuation.btsnoop,131.601223,2,adapting,40,40,107,0,4,76,0,146,64,0
capture_02_rotation_continuation.btsnoop,131.951851,2,adapting,40,40,107,0,4,76,0,146,64,0
capture_02_rotation_continuation.btsnoop,132.30099,3,in_motion,40,40,107,0,4,76,0,146,64,0
capture_02_rotation_continuation.btsnoop,132.607129,3,in_motion,40,40,107,0,4,76,0,146,64,0
capture_02_rotation_continuation.btsnoop,132.957281,3,in_motion,40,40,107,0,4,76,0,146,64,0
capture_02_rotation_continuation.btsnoop,133.307724,3,in_motion,40,40,107,0,4,76,0,146,64,0
capture_02_rotation_continuation.btsnoop,133.613549,3,in_motion,40,40,107,0,4,76,0,146,64,0
capture_02_rotation_continuation.btsnoop,133.963498,3,in_motion,40,40,107,0,4,76,0,146,64,0
capture_02_rotation_continuation.btsnoop,134.357174,3,in_motion,40,40,122,0,4,76,0,146,64,0
capture_02_rotation_continuation.btsnoop,134.663547,3,in_motion,40,40,122,0,4,76,0,146,64,0
capture_02_rotation_continuation.btsnoop,134.96976,3,in_motion,40,40,122,0,4,76,0,146,64,0
capture_02_rotation_continuation.btsnoop,135.319915,2,adapting,40,40,123,0,4,76,0,146,64,0
capture_02_rotation_continuation.btsnoop,135.66967,2,adapting,40,40,123,0,4,76,0,146,64,0
capture_02_rotation_continuation.btsnoop,135.976044,2,adapting,40,40,123,0,4,76,0,146,64,0
capture_02_rotation_continuation.btsnoop,136.369806,2,adapting,40,40,123,0,4,76,0,146,64,0
capture_02_rotation_continuation.btsnoop,136.676172,2,adapting,40,40,123,0,4,76,0,146,64,0
capture_02_rotation_continuation.btsnoop,136.982436,2,adapting,40,40,123,0,4,76,0,146,64,0
capture_02_rotation_continuation.btsnoop,137.376154,2,adapting,40,40,123,0,4,76,0,146,64,0
capture_02_rotation_continuation.btsnoop,137.682391,2,adapting,40,40,123,0,4,76,0,146,64,0
capture_02_rotation_continuation.btsnoop,138.032428,2,adapting,40,40,123,0,4,76,0,146,64,0
capture_02_rotation_continuation.btsnoop,138.382496,2,adapting,40,40,125,0,4,76,0,146,64,0
capture_02_rotation_continuation.btsnoop,138.68846,2,adapting,40,40,125,0,4,76,0,146,64,0
capture_02_rotation_continuation.btsnoop,139.03846,2,adapting,40,40,125,0,4,76,0,146,64,0
capture_02_rotation_continuation.btsnoop,139.389121,2,adapting,40,40,125,0,4,76,0,146,64,0
capture_02_rotation_continuation.btsnoop,139.694756,2,adapting,40,40,125,0,4,76,0,146,64,0
capture_02_rotation_continuation.btsnoop,140.04484,2,adapting,40,40,125,0,4,76,0,146,64,0
capture_02_rotation_continuation.btsnoop,140.438512,2,adapting,40,40,125,0,4,76,0,146,64,0
capture_02_rotation_continuation.btsnoop,140.701257,2,adapting,40,40,125,0,4,76,0,146,64,0
capture_02_rotation_continuation.btsnoop,141.051199,2,adapting,40,40,125,0,4,76,0,146,64,0
capture_02_rotation_continuation.btsnoop,141.44477,2,adapting,40,40,125,0,4,76,0,146,64,0
capture_02_rotation_continuation.btsnoop,141.707537,2,adapting,40,40,125,0,4,76,0,146,64,0
capture_02_rotation_continuation.btsnoop,142.057374,2,adapting,40,40,125,0,4,76,0,146,64,0
capture_02_rotation_continuation.btsnoop,142.407695,2,adapting,40,40,125,0,4,76,0,146,64,0
capture_02_rotation_continuation.btsnoop,142.713851,2,adapting,40,40,125,0,4,76,0,146,64,0
capture_02_rotation_continuation.btsnoop,143.063619,2,adapting,40,40,125,0,4,76,0,146,64,0
capture_02_rotation_continuation.btsnoop,143.45736,2,adapting,40,40,125,0,4,76,0,146,64,0
capture_02_rotation_continuation.btsnoop,143.719824,2,adapting,40,40,125,0,4,76,0,146,64,0
capture_02_rotation_continuation.btsnoop,144.069857,2,adapting,40,40,125,0,4,76,0,146,64,0
capture_02_rotation_continuation.btsnoop,144.463831,2,adapting,40,40,114,0,4,76,0,146,64,0
capture_02_rotation_continuation.btsnoop,144.769991,2,adapting,40,40,114,0,4,76,0,146,64,0
capture_02_rotation_continuation.btsnoop,145.076028,2,adapting,40,40,114,0,4,76,0,146,64,0
capture_02_rotation_continuation.btsnoop,145.426076,2,adapting,40,40,114,0,4,76,0,146,64,0
capture_02_rotation_continuation.btsnoop,145.776094,2,adapting,40,40,114,0,4,76,0,146,64,0
capture_02_rotation_continuation.btsnoop,146.082421,2,adapting,40,40,114,0,4,76,0,146,64,0
capture_02_rotation_continuation.btsnoop,146.476224,2,adapting,40,40,114,0,4,76,0,146,64,0
capture_02_rotation_continuation.btsnoop,146.782585,2,adapting,40,40,114,0,4,76,0,146,64,0
capture_02_rotation_continuation.btsnoop,147.132552,2,adapting,40,40,114,0,4,76,0,146,64,0
capture_02_rotation_continuation.btsnoop,147.43861,2,adapting,40,40,114,0,4,76,0,146,64,0
capture_02_rotation_continuation.btsnoop,147.788732,2,adapting,40,40,114,0,4,76,0,146,64,0
capture_02_rotation_continuation.btsnoop,148.138524,2,adapting,40,40,114,0,4,76,0,146,64,0
capture_02_rotation_continuation.btsnoop,148.489173,3,in_motion,40,40,113,0,4,76,0,146,64,0
capture_02_rotation_continuation.btsnoop,148.795308,3,in_motion,40,40,113,0,4,76,0,146,64,0
capture_02_rotation_continuation.btsnoop,149.145005,3,in_motion,40,40,113,0,4,76,0,146,64,0
capture_02_rotation_continuation.btsnoop,149.538737,3,in_motion,40,40,113,0,4,76,0,146,64,0
capture_02_rotation_continuation.btsnoop,149.801074,3,in_motion,40,40,113,0,4,76,0,146,64,0
capture_02_rotation_continuation.btsnoop,150.151328,3,in_motion,40,40,113,0,4,76,0,146,64,0
capture_02_rotation_continuation.btsnoop,150.501745,3,in_motion,40,40,113,0,4,76,0,146,64,0
capture_02_rotation_continuation.btsnoop,150.807594,3,in_motion,40,40,113,0,4,76,0,146,64,0
capture_02_rotation_continuation.btsnoop,151.15742,3,in_motion,40,40,113,0,4,76,0,146,64,0
capture_02_rotation_continuation.btsnoop,151.507871,3,in_motion,40,40,103,0,4,76,0,146,64,0
capture_02_rotation_continuation.btsnoop,151.814589,3,in_motion,40,40,103,0,4,76,0,146,64,0
capture_02_rotation_continuation.btsnoop,152.163939,3,in_motion,40,40,103,0,4,76,0,146,64,0
capture_02_rotation_continuation.btsnoop,152.513708,3,in_motion,40,40,103,0,4,76,0,146,64,0
capture_02_rotation_continuation.btsnoop,152.819953,3,in_motion,40,40,103,0,4,76,0,146,64,0
capture_02_rotation_continuation.btsnoop,153.169987,3,in_motion,40,40,103,0,4,76,0,146,64,0
capture_02_rotation_continuation.btsnoop,153.520074,3,in_motion,40,40,103,0,4,76,0,146,64,0
capture_02_rotation_continuation.btsnoop,153.826289,3,in_motion,40,40,103,0,4,76,0,146,64,0
capture_02_rotation_continuation.btsnoop,154.176366,3,in_motion,40,40,103,0,4,76,0,146,64,0
capture_02_rotation_continuation.btsnoop,154.569957,2,adapting,40,40,103,0,4,76,0,146,64,0
capture_02_rotation_continuation.btsnoop,154.876209,2,adapting,40,40,103,0,4,76,0,146,64,0
capture_02_rotation_continuation.btsnoop,155.182397,2,adapting,40,40,103,0,4,76,0,146,64,0
capture_02_rotation_continuation.btsnoop,155.620261,2,adapting,68,68,22,0,4,76,0,146,64,0
capture_02_rotation_continuation.btsnoop,156.188728,2,adapting,70,70,22,0,4,76,0,146,64,0
capture_02_rotation_continuation.btsnoop,156.582336,2,adapting,70,70,22,0,4,76,0,146,64,0
capture_02_rotation_continuation.btsnoop,156.888885,2,adapting,70,70,22,0,4,76,0,146,64,0
capture_02_rotation_continuation.btsnoop,157.195123,2,adapting,70,70,22,0,4,76,0,146,64,0
capture_02_rotation_continuation.btsnoop,157.589195,2,adapting,70,70,22,0,4,76,0,146,64,0
capture_02_rotation_continuation.btsnoop,157.895442,2,adapting,70,70,22,0,4,76,0,146,64,0
capture_02_rotation_continuation.btsnoop,158.2449,2,adapting,70,70,22,0,4,76,0,146,64,0
capture_02_rotation_continuation.btsnoop,158.638667,2,adapting,70,70,22,0,4,76,0,146,64,0
capture_02_rotation_continuation.btsnoop,158.901235,2,adapting,70,70,22,0,4,76,0,146,64,0
capture_02_rotation_continuation.btsnoop,159.251565,2,adapting,70,70,22,0,4,76,0,146,64,0
capture_02_rotation_continuation.btsnoop,159.601299,2,adapting,70,70,40,0,4,76,0,146,64,0
capture_02_rotation_continuation.btsnoop,159.907555,2,adapting,70,70,40,0,4,76,0,146,64,0
capture_02_rotation_continuation.btsnoop,160.257479,2,adapting,70,70,40,0,4,76,0,146,64,0
capture_02_rotation_continuation.btsnoop,160.651236,2,adapting,71,71,48,0,4,76,0,146,64,0
capture_02_rotation_continuation.btsnoop,160.913734,2,adapting,73,73,48,0,4,76,0,146,64,0
capture_02_rotation_continuation.btsnoop,161.264106,2,adapting,73,73,48,0,4,76,0,146,64,0
capture_02_rotation_continuation.btsnoop,161.657578,2,adapting,73,73,110,0,4,76,0,146,64,0
capture_02_rotation_continuation.btsnoop,161.920349,2,adapting,73,73,110,0,4,76,0,146,64,0
capture_02_rotation_continuation.btsnoop,162.269952,2,adapting,73,73,110,0,4,76,0,146,64,0
capture_02_rotation_continuation.btsnoop,162.620024,2,adapting,73,73,110,0,4,76,0,146,64,0
capture_02_rotation_continuation.btsnoop,162.970141,2,adapting,73,73,110,0,4,76,0,146,64,0
capture_02_rotation_continuation.btsnoop,163.276387,2,adapting,73,73,110,0,4,76,0,146,64,0
capture_02_rotation_continuation.btsnoop,163.670051,2,adapting,73,73,110,0,4,76,0,146,64,0
capture_02_rotation_continuation.btsnoop,163.976233,2,adapting,73,73,110,0,4,76,0,146,64,0
capture_02_rotation_continuation.btsnoop,164.282625,2,adapting,73,73,110,0,4,76,0,146,64,0
capture_02_rotation_continuation.btsnoop,164.676246,2,adapting,73,73,110,0,4,76,0,146,64,0
capture_02_rotation_continuation.btsnoop,164.982723,2,adapting,73,73,110,0,4,76,0,146,64,0
capture_02_rotation_continuation.btsnoop,165.288886,2,adapting,73,73,110,0,4,76,0,146,64,0
capture_02_rotation_continuation.btsnoop,165.6825,2,adapting,73,73,115,0,4,76,0,146,64,0
capture_02_rotation_continuation.btsnoop,165.988907,2,adapting,73,73,115,0,4,76,0,146,64,0
capture_02_rotation_continuation.btsnoop,166.338822,2,adapting,73,73,115,0,4,76,0,146,64,0
capture_02_rotation_continuation.btsnoop,166.732938,2,adapting,73,73,115,0,4,76,0,146,64,0
capture_02_rotation_continuation.btsnoop,166.995693,2,adapting,73,73,115,0,4,76,0,146,64,0
capture_02_rotation_continuation.btsnoop,167.347906,2,adapting,73,73,115,0,4,76,0,146,64,0
capture_02_rotation_continuation.btsnoop,167.695175,2,adapting,73,73,115,0,4,76,0,146,64,0
capture_02_rotation_continuation.btsnoop,168.001264,2,adapting,73,73,115,0,4,76,0,146,64,0
capture_02_rotation_continuation.btsnoop,168.35132,2,adapting,73,73,115,0,4,76,0,146,64,0
capture_02_rotation_continuation.btsnoop,168.745084,2,adapting,73,73,115,0,4,76,0,146,64,0
capture_02_rotation_continuation.btsnoop,169.007858,2,adapting,73,73,115,0,4,76,0,146,64,0
capture_02_rotation_continuation.btsnoop,169.357468,2,adapting,73,73,115,0,4,76,0,146,64,0
capture_02_rotation_continuation.btsnoop,169.751582,2,adapting,73,73,115,0,4,76,0,146,64,0
capture_02_rotation_continuation.btsnoop,170.014023,2,adapting,73,73,115,0,4,76,0,146,55,0
capture_02_rotation_continuation.btsnoop,170.363786,2,adapting,73,73,115,0,4,76,0,146,55,0
capture_02_rotation_continuation.btsnoop,170.757782,2,adapting,73,73,110,0,4,76,0,146,55,0
capture_02_rotation_continuation.btsnoop,171.063907,2,adapting,73,73,110,0,4,76,0,146,55,0
capture_02_rotation_continuation.btsnoop,171.370123,2,adapting,73,73,110,0,4,76,0,146,55,0
capture_02_rotation_continuation.btsnoop,171.76385,2,adapting,73,73,110,0,4,76,0,146,55,0
capture_02_rotation_continuation.btsnoop,172.070281,2,adapting,73,73,110,0,4,76,0,146,55,0
capture_02_rotation_continuation.btsnoop,172.376702,2,adapting,73,73,110,0,4,76,0,146,55,0
capture_02_rotation_continuation.btsnoop,172.813971,2,adapting,73,73,113,0,4,76,0,146,55,0
capture_02_rotation_continuation.btsnoop,173.426352,2,adapting,73,73,113,0,4,76,0,146,55,0
capture_02_rotation_continuation.btsnoop,173.732689,2,adapting,73,73,113,0,4,76,0,146,55,0
capture_02_rotation_continuation.btsnoop,174.126304,2,adapting,73,73,113,0,4,76,0,146,55,0
capture_02_rotation_continuation.btsnoop,174.432873,2,adapting,73,73,113,0,4,76,0,146,55,0
capture_02_rotation_continuation.btsnoop,174.870108,2,adapting,73,73,122,0,4,76,0,146,55,0
capture_02_rotation_continuation.btsnoop,175.438938,2,adapting,73,73,122,0,4,76,0,146,55,0
capture_02_rotation_continuation.btsnoop,175.789042,2,adapting,73,73,126,0,4,76,0,146,55,0
capture_02_rotation_continuation.btsnoop,176.095504,2,adapting,73,73,126,0,4,76,0,146,55,0
capture_02_rotation_continuation.btsnoop,176.445151,2,adapting,73,73,126,0,4,76,0,146,55,0
capture_02_rotation_continuation.btsnoop,176.795102,2,adapting,73,73,141,0,4,76,0,146,55,0
capture_02_rotation_continuation.btsnoop,177.10143,2,adapting,73,73,141,0,4,76,0,146,55,0
capture_02_rotation_continuation.btsnoop,177.451556,2,adapting,73,73,141,0,4,76,0,146,55,0
capture_02_rotation_continuation.btsnoop,177.801395,2,adapting,73,73,141,0,4,76,0,146,55,0
capture_02_rotation_continuation.btsnoop,178.107651,2,adapting,73,73,141,0,4,76,0,146,55,0
capture_02_rotation_continuation.btsnoop,178.457668,2,adapting,73,73,141,0,4,76,0,146,55,0
capture_02_rotation_continuation.btsnoop,178.895183,2,adapting,73,73,141,0,4,76,0,146,55,0
capture_02_rotation_continuation.btsnoop,179.464187,2,adapting,73,73,141,0,4,76,0,146,55,0
capture_02_rotation_continuation.btsnoop,179.857786,2,adapting,73,73,167,0,4,76,0,146,55,0
capture_02_rotation_continuation.btsnoop,180.164064,2,adapting,73,73,167,0,4,76,0,146,55,0
capture_02_rotation_continuation.btsnoop,180.470197,2,adapting,73,73,167,0,4,76,0,146,55,0
capture_02_rotation_continuation.btsnoop,180.864499,2,adapting,73,73,167,0,4,76,0,146,55,0
capture_02_rotation_continuation.btsnoop,181.170145,2,adapting,73,73,167,0,4,76,0,146,55,0
capture_02_rotation_continuation.btsnoop,181.520396,2,adapting,73,73,167,0,4,76,0,146,55,0
capture_02_rotation_continuation.btsnoop,181.871119,2,adapting,73,73,167,0,4,76,0,146,55,0
capture_02_rotation_continuation.btsnoop,182.176395,2,adapting,73,73,167,0,4,76,0,146,55,0
capture_02_rotation_continuation.btsnoop,182.526467,2,adapting,73,73,167,0,4,76,0,146,55,0
capture_02_rotation_continuation.btsnoop,182.876647,2,adapting,73,73,167,0,4,76,0,146,55,0
capture_02_rotation_continuation.btsnoop,183.182717,2,adapting,73,73,167,0,4,76,0,146,55,0
capture_02_rotation_continuation.btsnoop,183.53286,2,adapting,73,73,167,0,4,76,0,146,55,0
capture_02_rotation_continuation.btsnoop,183.882845,2,adapting,73,73,167,0,4,76,0,146,55,0
capture_02_rotation_continuation.btsnoop,184.189048,2,adapting,73,73,167,0,4,76,0,146,55,0
capture_02_rotation_continuation.btsnoop,184.538943,2,adapting,73,73,167,0,4,76,0,146,55,0
capture_02_rotation_continuation.btsnoop,184.93289,2,adapting,73,73,167,0,4,76,0,146,55,0
capture_02_rotation_continuation.btsnoop,185.195173,2,adapting,73,73,167,0,4,76,0,146,55,0
capture_02_rotation_continuation.btsnoop,185.545163,2,adapting,73,73,167,0,4,76,0,146,55,0
capture_02_rotation_continuation.btsnoop,185.895126,2,adapting,73,73,167,0,4,76,0,146,55,0
capture_02_rotation_continuation.btsnoop,186.201405,2,adapting,73,73,167,0,4,76,0,146,55,0
capture_02_rotation_continuation.btsnoop,186.55142,2,adapting,73,73,167,0,4,76,0,146,55,0
capture_02_rotation_continuation.btsnoop,186.9452,2,adapting,73,73,167,0,4,76,0,146,55,0
capture_02_rotation_continuation.btsnoop,187.251793,2,adapting,73,73,167,0,4,76,0,146,55,0
capture_02_rotation_continuation.btsnoop,187.557957,2,adapting,73,73,167,0,4,76,0,146,55,0
capture_02_rotation_continuation.btsnoop,187.907773,2,adapting,73,73,167,0,4,76,0,146,55,0
capture_02_rotation_continuation.btsnoop,188.257723,2,adapting,73,73,167,0,4,76,0,146,55,0
capture_02_rotation_continuation.btsnoop,188.563983,2,adapting,73,73,167,0,4,76,0,146,55,0
capture_02_rotation_continuation.btsnoop,189.001678,4,distracted,73,40,121,0,4,76,0,146,55,0
capture_02_rotation_continuation.btsnoop,189.613937,4,distracted,73,39,121,0,4,76,0,146,55,0
capture_02_rotation_continuation.btsnoop,189.920254,4,distracted,73,38,121,0,4,76,0,146,55,0
capture_02_rotation_continuation.btsnoop,190.270228,4,distracted,73,39,121,0,4,76,0,146,55,0
capture_02_rotation_continuation.btsnoop,190.620272,4,distracted,73,39,121,0,4,76,0,146,55,0
capture_02_rotation_continuation.btsnoop,191.014581,4,distracted,73,39,132,0,4,76,0,146,55,0
capture_02_rotation_continuation.btsnoop,191.62649,4,distracted,73,39,132,0,4,76,0,146,55,0
capture_02_rotation_continuation.btsnoop,191.976539,4,distracted,73,39,132,0,4,76,0,146,55,0
capture_02_rotation_continuation.btsnoop,192.282801,4,distracted,73,39,132,0,4,76,0,146,55,0
capture_02_rotation_continuation.btsnoop,192.632761,4,distracted,73,40,132,0,4,76,0,146,55,0
capture_02_rotation_continuation.btsnoop,192.982721,4,distracted,73,40,132,0,4,76,0,146,55,0
capture_02_rotation_continuation.btsnoop,193.289076,4,distracted,73,39,132,0,4,76,0,146,55,0
capture_02_rotation_continuation.btsnoop,193.638992,4,distracted,73,39,132,0,4,76,0,146,55,0
capture_02_rotation_continuation.btsnoop,194.120273,4,distracted,73,52,119,0,4,76,0,146,55,0
capture_02_rotation_continuation.btsnoop,194.645622,4,distracted,73,52,119,0,4,76,0,146,55,0
capture_02_rotation_continuation.btsnoop,195.039185,4,distracted,73,52,119,0,4,76,0,146,55,0
capture_02_rotation_continuation.btsnoop,195.345367,4,distracted,73,53,119,0,4,76,0,146,55,0
capture_02_rotation_continuation.btsnoop,195.651583,4,distracted,73,53,119,0,4,76,0,146,55,0
capture_02_rotation_continuation.btsnoop,196.001528,4,distracted,73,53,119,0,4,76,0,146,55,0
capture_02_rotation_continuation.btsnoop,196.351623,4,distracted,73,53,119,0,4,76,0,146,55,0
capture_02_rotation_continuation.btsnoop,196.701573,4,distracted,73,53,119,0,4,76,0,146,55,0
capture_02_rotation_continuation.btsnoop,197.139005,4,distracted,73,54,119,0,4,76,0,146,55,0
capture_02_rotation_continuation.btsnoop,197.707966,4,distracted,73,54,119,0,4,76,0,146,55,0
capture_02_rotation_continuation.btsnoop,198.057857,4,distracted,73,54,119,0,4,76,0,146,55,0
capture_02_rotation_continuation.btsnoop,198.408071,4,distracted,73,54,119,0,4,76,0,146,55,0
capture_02_rotation_continuation.btsnoop,198.714288,4,distracted,73,52,119,0,4,76,0,146,55,0
capture_02_rotation_continuation.btsnoop,199.064559,4,distracted,73,51,119,0,4,76,0,146,55,0
capture_02_rotation_continuation.btsnoop,199.370262,4,distracted,73,50,119,0,4,76,0,146,55,0
capture_02_rotation_continuation.btsnoop,199.720311,4,distracted,73,50,119,0,4,76,0,146,55,0
capture_02_rotation_continuation.btsnoop,200.114062,4,distracted,73,49,119,0,4,76,0,146,55,0
capture_02_rotation_continuation.btsnoop,200.726771,4,distracted,73,49,119,0,4,76,0,146,55,0
capture_02_rotation_continuation.btsnoop,201.076587,4,distracted,73,49,119,0,4,76,0,146,55,0
capture_02_rotation_continuation.btsnoop,201.382916,4,distracted,73,49,119,0,4,76,0,146,55,0
capture_02_rotation_continuation.btsnoop,201.732836,4,distracted,73,49,119,0,4,76,0,146,55,0
capture_02_rotation_continuation.btsnoop,202.126836,4,distracted,73,49,119,0,4,76,0,146,55,0
capture_02_rotation_continuation.btsnoop,202.739287,4,distracted,73,49,119,0,4,76,0,146,55,0
capture_02_rotation_continuation.btsnoop,203.089115,4,distracted,73,49,119,0,4,76,0,146,55,0
capture_02_rotation_continuation.btsnoop,203.439108,4,distracted,73,49,119,0,4,76,0,146,55,0
capture_02_rotation_continuation.btsnoop,203.745318,4,distracted,73,49,119,0,4,76,0,146,55,0
capture_02_rotation_continuation.btsnoop,204.095832,4,distracted,73,49,119,0,4,76,0,146,55,0
capture_02_rotation_continuation.btsnoop,204.44539,4,distracted,73,49,119,0,4,76,0,146,55,0
capture_02_rotation_continuation.btsnoop,204.751608,4,distracted,73,49,119,0,4,76,0,146,55,0
capture_02_rotation_continuation.btsnoop,205.10163,4,distracted,73,49,119,0,4,76,0,146,55,0
capture_02_rotation_continuation.btsnoop,205.451705,4,distracted,73,49,119,0,4,76,0,146,55,0
capture_02_rotation_continuation.btsnoop,205.801884,4,distracted,73,49,119,0,4,76,0,146,55,0
capture_02_rotation_continuation.btsnoop,206.151988,4,distracted,73,51,119,0,4,76,0,146,55,0
capture_02_rotation_continuation.btsnoop,206.457957,4,distracted,73,51,119,0,4,76,0,146,55,0
capture_02_rotation_continuation.btsnoop,206.80792,4,distracted,73,52,119,0,4,76,0,146,55,0
capture_02_rotation_continuation.btsnoop,207.157824,4,distracted,73,51,119,0,4,76,0,146,55,0
capture_02_rotation_continuation.btsnoop,207.464251,4,distracted,73,51,119,0,4,76,0,146,55,0
capture_02_rotation_continuation.btsnoop,207.814244,4,distracted,73,52,119,0,4,76,0,146,55,0
capture_02_rotation_continuation.btsnoop,208.207889,4,distracted,73,52,119,0,4,76,0,146,55,0
capture_02_rotation_continuation.btsnoop,208.820456,4,distracted,73,53,119,0,4,76,0,146,55,0
capture_02_rotation_continuation.btsnoop,209.17045,4,distracted,73,52,119,0,4,76,0,146,55,0
capture_02_rotation_continuation.btsnoop,209.520679,4,distracted,73,53,119,0,4,76,0,146,55,0
capture_02_rotation_continuation.btsnoop,209.82689,4,distracted,73,53,119,0,4,76,0,146,55,0
capture_02_rotation_continuation.btsnoop,210.176782,4,distracted,73,53,119,0,4,76,0,146,55,0
capture_02_rotation_continuation.btsnoop,210.482967,4,distracted,73,53,119,0,4,76,0,146,55,0
capture_02_rotation_continuation.btsnoop,210.832971,4,distracted,73,53,119,0,4,76,0,146,55,0
capture_02_rotation_continuation.btsnoop,211.226703,4,distracted,52,53,170,0,4,76,0,146,55,0
capture_02_rotation_continuation.btsnoop,211.839665,4,distracted,52,53,170,0,4,76,0,146,55,0
capture_02_rotation_continuation.btsnoop,212.233205,4,distracted,40,53,170,0,4,76,0,146,55,0
capture_02_rotation_continuation.btsnoop,212.539344,4,distracted,40,53,170,0,4,76,0,146,55,0
capture_02_rotation_continuation.btsnoop,212.845513,4,distracted,40,53,170,0,4,76,0,146,55,0
capture_02_rotation_continuation.btsnoop,213.239336,4,distracted,77,72,184,0,4,76,0,146,55,0
capture_02_rotation_continuation.btsnoop,213.545775,4,distracted,77,72,184,0,4,76,0,146,55,0
capture_02_rotation_continuation.btsnoop,213.851659,4,distracted,77,72,184,0,4,76,0,146,55,0
capture_02_rotation_continuation.btsnoop,214.201694,4,distracted,77,72,184,0,4,76,0,146,55,0
capture_02_rotation_continuation.btsnoop,214.551745,4,distracted,77,72,184,0,4,76,0,146,55,0
capture_02_rotation_continuation.btsnoop,214.901817,4,distracted,77,72,184,0,4,76,0,146,55,0
capture_02_rotation_continuation.btsnoop,215.295524,4,distracted,67,72,204,0,4,76,0,146,55,0
capture_02_rotation_continuation.btsnoop,215.908167,4,distracted,67,72,204,0,4,76,0,146,55,0
capture_02_rotation_continuation.btsnoop,216.301707,4,distracted,67,72,204,0,4,76,0,146,55,0
capture_02_rotation_continuation.btsnoop,216.91458,4,distracted,68,72,204,0,4,76,0,146,55,0
capture_02_rotation_continuation.btsnoop,217.264441,4,distracted,67,72,204,0,4,76,0,146,55,0
capture_02_rotation_continuation.btsnoop,217.570508,4,distracted,68,72,204,0,4,76,0,146,55,0
capture_02_rotation_continuation.btsnoop,217.920749,4,distracted,67,72,204,0,4,76,0,146,55,0
capture_02_rotation_continuation.btsnoop,218.270617,4,distracted,67,72,204,0,4,76,0,146,55,0
capture_02_rotation_continuation.btsnoop,218.620453,4,distracted,67,72,204,0,4,76,0,146,55,0
capture_02_rotation_continuation.btsnoop,218.926933,4,distracted,67,72,204,0,4,76,0,146,55,0
capture_02_rotation_continuation.btsnoop,219.320546,4,distracted,33,72,218,0,4,76,0,146,55,0
capture_02_rotation_continuation.btsnoop,219.93325,4,distracted,34,72,218,0,4,76,0,146,55,0
capture_02_rotation_continuation.btsnoop,220.326795,4,distracted,34,34,218,0,4,76,0,146,55,0
capture_02_rotation_continuation.btsnoop,220.93963,4,distracted,34,34,218,0,4,76,0,146,55,0
capture_02_rotation_continuation.btsnoop,221.333131,4,distracted,34,34,211,0,4,76,0,146,55,0
capture_02_rotation_continuation.btsnoop,221.639272,4,distracted,34,34,211,0,4,76,0,146,55,0
capture_02_rotation_continuation.btsnoop,221.945849,4,distracted,34,34,211,0,4,76,0,146,55,0
capture_02_rotation_continuation.btsnoop,222.295609,4,distracted,33,34,211,0,4,76,0,146,55,0
capture_02_rotation_continuation.btsnoop,222.645732,4,distracted,33,34,211,0,4,76,0,146,55,0
capture_02_rotation_continuation.btsnoop,222.995805,4,distracted,32,34,211,0,4,76,0,146,55,0
capture_02_rotation_continuation.btsnoop,223.389269,4,distracted,29,34,212,0,4,76,0,146,55,0
capture_02_rotation_continuation.btsnoop,224.001855,7,stressed,29,34,212,0,4,76,0,146,55,0
capture_02_rotation_continuation.btsnoop,224.352565,7,stressed,29,34,225,0,4,76,0,146,55,0
capture_02_rotation_continuation.btsnoop,224.658201,7,stressed,29,34,225,0,4,76,0,146,55,0
capture_02_rotation_continuation.btsnoop,225.008182,7,stressed,29,34,225,0,4,76,0,146,55,0
capture_02_rotation_continuation.btsnoop,225.358062,7,stressed,29,34,225,0,4,76,0,146,55,0
capture_02_rotation_continuation.btsnoop,225.664404,7,stressed,29,34,225,0,4,76,0,146,55,0
capture_02_rotation_continuation.btsnoop,226.058081,7,stressed,29,34,225,0,4,76,0,146,55,0
capture_02_rotation_continuation.btsnoop,226.670677,7,stressed,30,34,234,0,4,76,0,146,55,0
capture_02_rotation_continuation.btsnoop,227.020739,7,stressed,30,34,234,0,4,76,0,146,55,0
capture_02_rotation_continuation.btsnoop,227.414332,7,stressed,30,34,234,0,4,76,0,146,55,0
capture_02_rotation_continuation.btsnoop,228.026743,7,stressed,31,34,234,0,4,76,0,146,55,0
capture_02_rotation_continuation.btsnoop,228.420666,7,stressed,31,34,234,0,4,76,0,146,55,0
capture_02_rotation_continuation.btsnoop,229.033137,7,stressed,30,30,234,0,4,76,0,146,55,0
capture_02_rotation_continuation.btsnoop,229.383208,7,stressed,30,30,234,0,4,76,0,146,55,0
capture_02_rotation_continuation.btsnoop,229.733269,7,stressed,31,31,234,0,4,76,0,146,55,0
capture_02_rotation_continuation.btsnoop,230.039685,7,stressed,31,31,234,0,4,76,0,146,55,0
capture_02_rotation_continuation.btsnoop,230.52062,7,stressed,31,31,234,0,4,76,0,146,55,0
capture_02_rotation_continuation.btsnoop,231.089456,7,stressed,31,31,234,0,4,76,0,130,52,0
capture_02_rotation_continuation.btsnoop,231.483205,7,stressed,30,31,216,0,4,76,0,130,52,0
capture_02_rotation_continuation.btsnoop,232.051917,7,stressed,29,31,216,0,4,76,0,130,52,0
capture_02_rotation_continuation.btsnoop,232.402024,7,stressed,29,31,216,0,4,76,0,130,52,0
capture_02_rotation_continuation.btsnoop,232.751847,7,stressed,29,31,216,0,4,76,0,130,52,0
capture_02_rotation_continuation.btsnoop,233.101924,7,stressed,29,31,216,0,4,76,0,130,52,0
capture_02_rotation_continuation.btsnoop,233.495753,7,stressed,29,31,216,0,4,76,0,130,52,0
capture_02_rotation_continuation.btsnoop,234.108377,7,stressed,29,31,216,0,4,76,0,130,52,0
capture_02_rotation_continuation.btsnoop,234.458215,7,stressed,29,31,216,0,4,76,0,130,52,0
capture_02_rotation_continuation.btsnoop,234.7645,7,stressed,29,31,216,0,4,76,0,130,52,0
capture_02_rotation_continuation.btsnoop,235.114524,7,stressed,29,31,216,0,4,76,0,130,52,0
capture_02_rotation_continuation.btsnoop,235.508397,7,stressed,29,31,202,0,4,76,0,130,52,0
capture_02_rotation_continuation.btsnoop,236.12061,7,stressed,29,31,202,0,4,76,0,130,52,0
capture_02_rotation_continuation.btsnoop,236.514417,7,stressed,29,31,183,0,4,76,0,130,52,0
capture_02_rotation_continuation.btsnoop,237.126971,7,stressed,29,31,183,0,4,76,0,130,52,0
capture_02_rotation_continuation.btsnoop,237.477087,7,stressed,29,31,183,0,4,76,0,130,52,0
capture_02_rotation_continuation.btsnoop,237.783439,7,stressed,29,31,183,0,4,76,0,130,52,0
capture_02_rotation_continuation.btsnoop,238.133117,7,stressed,29,31,183,0,4,76,0,130,52,0
capture_02_rotation_continuation.btsnoop,238.483119,7,stressed,29,31,183,0,4,76,0,130,52,0
capture_02_rotation_continuation.btsnoop,238.833132,7,stressed,29,31,183,0,4,76,0,130,52,0
capture_02_rotation_continuation.btsnoop,239.18376,7,stressed,29,31,183,0,4,76,0,130,52,0
capture_02_rotation_continuation.btsnoop,239.533284,7,stressed,29,31,183,0,4,76,0,130,52,0
capture_02_rotation_continuation.btsnoop,239.839412,7,stressed,29,31,183,0,4,76,0,130,52,0
capture_02_rotation_continuation.btsnoop,240.145778,7,stressed,29,31,183,0,4,76,0,130,52,0
capture_02_rotation_continuation.btsnoop,240.539412,7,stressed,29,31,183,0,4,76,0,130,52,0
capture_02_rotation_continuation.btsnoop,240.845697,7,stressed,29,28,183,0,4,76,0,130,52,0
capture_02_rotation_continuation.btsnoop,241.15223,7,stressed,29,28,183,0,4,76,0,130,52,0
capture_02_rotation_continuation.btsnoop,241.502118,7,stressed,29,28,183,0,4,76,0,130,52,0
capture_02_rotation_continuation.btsnoop,241.85267,7,stressed,29,28,183,0,4,76,0,130,52,0
capture_02_rotation_continuation.btsnoop,242.201909,7,stressed,29,28,183,0,4,76,0,130,52,0
capture_02_rotation_continuation.btsnoop,242.552269,7,stressed,29,28,183,0,4,76,0,130,52,0
capture_02_rotation_continuation.btsnoop,242.858236,7,stressed,29,28,183,0,4,76,0,130,52,0
capture_02_rotation_continuation.btsnoop,243.20814,7,stressed,29,28,183,0,4,76,0,130,52,0
capture_02_rotation_continuation.btsnoop,243.558423,7,stressed,29,28,183,0,4,76,0,130,52,0
capture_02_rotation_continuation.btsnoop,243.864406,7,stressed,29,28,183,0,4,76,0,130,52,0
capture_02_rotation_continuation.btsnoop,244.21453,7,stressed,29,28,183,0,4,76,0,130,52,0
capture_02_rotation_continuation.btsnoop,244.564752,7,stressed,29,28,183,0,4,76,0,130,52,0
capture_02_rotation_continuation.btsnoop,244.870987,7,stressed,29,28,183,0,4,76,0,130,52,0
capture_02_rotation_continuation.btsnoop,245.221129,7,stressed,29,28,183,0,4,76,0,130,52,0
capture_02_rotation_continuation.btsnoop,245.614661,7,stressed,29,28,183,0,4,76,0,130,52,0
capture_02_rotation_continuation.btsnoop,246.226958,7,stressed,29,28,183,0,4,76,0,130,52,0
capture_02_rotation_continuation.btsnoop,246.576988,7,stressed,29,28,183,0,4,76,0,130,52,0
capture_02_rotation_continuation.btsnoop,246.883682,7,stressed,29,29,183,0,4,76,0,130,52,0
capture_02_rotation_continuation.btsnoop,247.233308,7,stressed,29,29,183,0,4,76,0,130,52,0
capture_02_rotation_continuation.btsnoop,247.583345,7,stressed,29,29,183,0,4,76,0,130,52,0
capture_02_rotation_continuation.btsnoop,247.933383,7,stressed,29,29,183,0,4,76,0,130,52,0
capture_02_rotation_continuation.btsnoop,248.239444,7,stressed,29,29,183,0,4,76,0,130,52,0
capture_02_rotation_continuation.btsnoop,248.677226,7,stressed,32,32,171,0,4,76,0,130,52,0
capture_02_rotation_continuation.btsnoop,249.245755,7,stressed,31,32,171,0,4,76,0,130,52,0
capture_02_rotation_continuation.btsnoop,249.639608,7,stressed,31,28,140,0,4,76,0,130,52,0
capture_02_rotation_continuation.btsnoop,249.945947,7,stressed,31,29,140,0,4,76,0,130,52,0
capture_02_rotation_continuation.btsnoop,250.252185,7,stressed,31,29,140,0,4,76,0,130,52,0
capture_02_rotation_continuation.btsnoop,250.646008,7,stressed,31,29,116,0,4,76,0,130,52,0
capture_02_rotation_continuation.btsnoop,250.952109,7,stressed,31,29,116,0,4,76,0,130,52,0
capture_02_rotation_continuation.btsnoop,251.258286,7,stressed,31,29,116,0,4,76,0,130,52,0
capture_02_rotation_continuation.btsnoop,251.608333,7,stressed,31,29,116,0,4,76,0,130,52,0
capture_02_rotation_continuation.btsnoop,251.958776,7,stressed,31,29,116,0,4,76,0,130,52,0
capture_02_rotation_continuation.btsnoop,252.264863,7,stressed,31,29,116,0,4,76,0,130,52,0
capture_02_rotation_continuation.btsnoop,252.658487,7,stressed,31,29,116,0,4,76,0,130,52,0
capture_02_rotation_continuation.btsnoop,252.964645,7,stressed,31,29,116,0,4,76,0,130,52,0
capture_02_rotation_continuation.btsnoop,253.314598,4,distracted,31,29,116,0,4,76,0,130,52,0
capture_02_rotation_continuation.btsnoop,253.664545,4,distracted,31,29,116,0,4,76,0,130,52,0
capture_02_rotation_continuation.btsnoop,253.970897,4,distracted,31,29,116,0,4,76,0,130,52,0
capture_02_rotation_continuation.btsnoop,254.321401,4,distracted,31,29,116,0,4,76,0,130,52,0
capture_02_rotation_continuation.btsnoop,254.671039,4,distracted,31,29,116,0,4,76,0,130,52,0
capture_02_rotation_continuation.btsnoop,254.977068,4,distracted,31,29,116,0,4,76,0,130,52,0
capture_02_rotation_continuation.btsnoop,255.327272,4,distracted,31,29,116,0,4,76,0,130,52,0
capture_02_rotation_continuation.btsnoop,255.720913,4,distracted,38,38,116,0,4,76,0,130,52,0
capture_02_rotation_continuation.btsnoop,256.333573,4,distracted,38,38,116,0,4,76,0,130,52,0
capture_02_rotation_continuation.btsnoop,256.727,4,distracted,38,38,116,0,4,76,0,130,52,0
capture_02_rotation_continuation.btsnoop,256.9897,4,distracted,39,39,116,0,4,76,0,130,52,0
capture_02_rotation_continuation.btsnoop,257.339693,4,distracted,39,39,116,0,4,76,0,130,52,0
capture_02_rotation_continuation.btsnoop,257.733415,4,distracted,39,38,136,0,4,76,0,130,52,0
capture_02_rotation_continuation.btsnoop,257.996109,4,distracted,39,38,136,0,4,76,0,130,52,0
capture_02_rotation_continuation.btsnoop,258.345894,4,distracted,39,38,136,0,4,76,0,130,52,0
capture_02_rotation_continuation.btsnoop,258.696005,4,distracted,39,38,136,0,4,76,0,130,52,0
capture_02_rotation_continuation.btsnoop,259.045961,4,distracted,39,38,136,0,4,76,0,130,52,0
capture_02_rotation_continuation.btsnoop,259.352158,4,distracted,39,38,136,0,4,76,0,130,52,0
capture_02_rotation_continuation.btsnoop,259.746351,4,distracted,39,38,136,0,4,76,0,130,52,0
capture_02_rotation_continuation.btsnoop,260.052264,4,distracted,39,38,136,0,4,76,0,130,52,0
capture_02_rotation_continuation.btsnoop,260.358602,4,distracted,39,39,136,0,4,76,0,130,52,0
capture_02_rotation_continuation.btsnoop,260.752272,4,distracted,39,39,136,0,4,76,0,130,52,0
capture_02_rotation_continuation.btsnoop,261.05835,4,distracted,39,39,136,0,4,76,0,130,52,0
capture_02_rotation_continuation.btsnoop,261.408333,4,distracted,39,39,136,0,4,76,0,130,52,0
capture_02_rotation_continuation.btsnoop,261.803206,4,distracted,39,39,136,0,4,76,0,130,52,0
capture_02_rotation_continuation.btsnoop,262.414637,4,distracted,39,39,136,0,4,76,0,130,52,0
capture_02_rotation_continuation.btsnoop,262.764811,4,distracted,39,38,136,0,4,76,0,130,52,0
capture_02_rotation_continuation.btsnoop,263.071126,4,distracted,39,38,136,0,4,76,0,130,52,0
capture_02_rotation_continuation.btsnoop,263.421114,4,distracted,39,36,136,0,4,76,0,130,52,0
capture_02_rotation_continuation.btsnoop,263.771208,4,distracted,39,35,136,0,4,76,0,130,52,0
capture_02_rotation_continuation.btsnoop,264.077265,4,distracted,39,34,136,0,4,76,0,130,52,0
capture_02_rotation_continuation.btsnoop,264.427169,4,distracted,39,34,136,0,4,76,0,130,52,0
capture_02_rotation_continuation.btsnoop,264.777267,4,distracted,39,34,136,0,4,76,0,130,52,0
capture_02_rotation_continuation.btsnoop,265.083419,4,distracted,39,33,136,0,4,76,0,130,52,0
capture_02_rotation_continuation.btsnoop,265.433691,4,distracted,39,33,136,0,4,76,0,130,52,0
capture_02_rotation_continuation.btsnoop,265.827256,4,distracted,39,33,136,0,4,76,0,130,52,0
capture_02_rotation_continuation.btsnoop,266.133479,4,distracted,39,33,136,0,4,76,0,130,52,0
capture_02_rotation_continuation.btsnoop,266.439845,4,distracted,39,33,136,0,4,76,0,130,52,0
capture_02_rotation_continuation.btsnoop,266.78967,4,distracted,39,33,136,0,4,76,0,130,52,0
capture_02_rotation_continuation.btsnoop,267.140074,4,distracted,39,33,136,0,4,76,0,130,52,0
capture_02_rotation_continuation.btsnoop,267.489916,4,distracted,39,33,136,0,4,76,0,130,52,0
capture_02_rotation_continuation.btsnoop,267.79604,4,distracted,39,33,136,0,4,76,0,130,52,0
capture_02_rotation_continuation.btsnoop,268.145852,4,distracted,39,33,136,0,4,76,0,130,52,0
capture_02_rotation_continuation.btsnoop,268.452195,4,distracted,39,33,136,0,4,76,0,130,52,0
capture_02_rotation_continuation.btsnoop,268.802314,4,distracted,39,33,136,0,4,76,0,130,52,0
capture_02_rotation_continuation.btsnoop,269.152518,4,distracted,39,33,136,0,4,76,0,130,52,0
capture_02_rotation_continuation.btsnoop,269.502338,4,distracted,39,33,136,0,4,76,0,130,52,0
capture_02_rotation_continuation.btsnoop,269.808465,4,distracted,39,33,136,0,4,76,0,130,52,0
capture_02_rotation_continuation.btsnoop,270.158605,4,distracted,39,33,136,0,4,76,0,130,52,0
capture_02_rotation_continuation.btsnoop,270.508449,4,distracted,39,33,136,0,4,76,0,130,52,0
capture_02_rotation_continuation.btsnoop,270.858703,4,distracted,39,33,136,0,4,76,0,130,52,0
capture_02_rotation_continuation.btsnoop,271.208773,4,distracted,39,33,136,0,4,76,0,130,52,0
capture_02_rotation_continuation.btsnoop,271.558473,4,distracted,39,30,121,0,4,76,0,130,52,0
capture_02_rotation_continuation.btsnoop,272.171077,4,distracted,39,30,121,0,4,76,0,130,52,0
capture_02_rotation_continuation.btsnoop,272.521149,4,distracted,39,30,121,0,4,76,0,130,52,0
capture_02_rotation_continuation.btsnoop,272.871301,4,distracted,39,30,121,0,4,76,0,130,52,0
capture_02_rotation_continuation.btsnoop,273.177405,4,distracted,39,30,121,0,4,76,0,130,52,0
capture_02_rotation_continuation.btsnoop,273.570936,4,distracted,39,30,121,0,4,76,0,130,52,0
capture_02_rotation_continuation.btsnoop,273.920873,4,distracted,39,30,121,0,4,76,0,130,52,0
capture_02_rotation_continuation.btsnoop,274.533617,4,distracted,39,30,121,0,4,76,0,130,52,0
capture_02_rotation_continuation.btsnoop,274.883745,4,distracted,39,30,121,0,4,76,0,130,52,0
capture_02_rotation_continuation.btsnoop,275.233496,4,distracted,39,30,121,0,4,76,0,130,52,0
capture_02_rotation_continuation.btsnoop,275.539808,4,distracted,39,30,121,0,4,76,0,130,52,0
capture_02_rotation_continuation.btsnoop,275.889715,4,distracted,39,30,121,0,4,76,0,130,52,0
capture_02_rotation_continuation.btsnoop,276.23988,4,distracted,39,30,171,0,4,76,0,130,52,0
capture_02_rotation_continuation.btsnoop,276.546253,4,distracted,39,31,171,0,4,76,0,130,52,0
capture_02_rotation_continuation.btsnoop,276.940017,4,distracted,39,31,171,0,4,76,0,130,52,0
capture_02_rotation_continuation.btsnoop,277.246237,4,distracted,39,33,148,0,4,76,0,130,52,0
capture_02_rotation_continuation.btsnoop,277.552316,4,distracted,39,34,148,0,4,76,0,130,52,0
capture_02_rotation_continuation.btsnoop,277.90259,4,distracted,39,35,148,0,4,76,0,130,52,0
capture_02_rotation_continuation.btsnoop,278.296123,4,distracted,52,52,110,0,4,76,0,130,52,0
capture_02_rotation_continuation.btsnoop,278.55902,4,distracted,53,53,110,0,4,76,0,130,52,0
capture_02_rotation_continuation.btsnoop,278.908534,4,distracted,53,53,110,0,4,76,0,130,52,0
capture_02_rotation_continuation.btsnoop,279.302294,4,distracted,53,51,103,0,4,76,0,130,52,0
capture_02_rotation_continuation.btsnoop,279.608571,4,distracted,53,52,103,0,4,76,0,130,52,0
capture_02_rotation_continuation.btsnoop,279.914762,4,distracted,53,51,103,0,4,76,0,130,52,0
capture_02_rotation_continuation.btsnoop,280.265186,4,distracted,53,51,103,0,4,76,0,130,52,0
capture_02_rotation_continuation.btsnoop,280.615133,4,distracted,53,51,103,0,4,76,0,130,52,0
capture_02_rotation_continuation.btsnoop,280.921127,4,distracted,53,51,103,0,4,76,0,130,52,0
capture_02_rotation_continuation.btsnoop,281.314898,4,distracted,53,51,150,0,4,76,0,130,52,0
capture_02_rotation_continuation.btsnoop,281.621017,4,distracted,53,51,150,0,4,76,0,130,52,0
capture_02_rotation_continuation.btsnoop,281.928479,4,distracted,53,51,150,0,4,76,0,130,52,0
capture_02_rotation_continuation.btsnoop,282.277485,4,distracted,53,51,150,0,4,76,0,130,52,0
capture_02_rotation_continuation.btsnoop,282.627587,4,distracted,53,51,150,0,4,76,0,130,52,0
capture_02_rotation_continuation.btsnoop,282.933595,4,distracted,53,51,150,0,4,76,0,130,52,0
capture_02_rotation_continuation.btsnoop,283.327385,4,distracted,53,51,160,0,4,76,0,130,52,0
capture_02_rotation_continuation.btsnoop,283.633738,4,distracted,53,51,160,0,4,76,0,130,52,0
capture_02_rotation_continuation.btsnoop,283.984047,4,distracted,53,51,160,0,4,76,0,130,52,0
capture_02_rotation_continuation.btsnoop,284.334423,4,distracted,53,51,160,0,4,76,0,130,52,0
capture_02_rotation_continuation.btsnoop,284.639967,4,distracted,53,51,160,0,4,76,0,130,52,0
capture_02_rotation_continuation.btsnoop,284.989885,4,distracted,53,51,160,0,4,76,0,130,52,0
capture_02_rotation_continuation.btsnoop,285.383604,4,distracted,57,57,162,0,4,76,0,130,52,0
capture_02_rotation_continuation.btsnoop,285.996099,4,distracted,57,57,162,0,4,76,0,130,52,0
capture_02_rotation_continuation.btsnoop,286.346481,4,distracted,57,57,162,0,4,76,0,130,52,0
capture_02_rotation_continuation.btsnoop,286.652313,4,distracted,57,57,162,0,4,76,0,130,52,0
capture_02_rotation_continuation.btsnoop,287.002278,4,distracted,57,57,162,0,4,76,0,130,52,0
capture_02_rotation_continuation.btsnoop,287.396175,4,distracted,57,57,162,0,4,76,0,130,52,0
capture_02_rotation_continuation.btsnoop,287.658836,4,distracted,57,57,162,0,4,76,0,130,52,0
capture_02_rotation_continuation.btsnoop,288.008929,4,distracted,57,57,162,0,4,76,0,130,52,0
capture_02_rotation_continuation.btsnoop,288.358651,4,distracted,57,57,162,0,4,76,0,130,52,0
capture_02_rotation_continuation.btsnoop,288.708602,4,distracted,57,57,162,0,4,76,0,130,52,0
capture_02_rotation_continuation.btsnoop,289.014964,4,distracted,57,57,162,0,4,76,0,130,52,0
capture_02_rotation_continuation.btsnoop,289.452558,4,distracted,57,57,151,0,4,76,0,130,52,0
capture_02_rotation_continuation.btsnoop,290.02123,4,distracted,57,57,151,0,4,76,0,130,52,0
capture_02_rotation_continuation.btsnoop,290.371182,4,distracted,57,57,151,0,4,76,0,130,52,0
capture_02_rotation_continuation.btsnoop,290.721199,4,distracted,57,57,151,0,4,76,0,130,52,0
capture_02_rotation_continuation.btsnoop,291.071124,4,distracted,57,57,151,0,4,76,0,130,52,0
capture_02_rotation_continuation.btsnoop,291.464968,4,distracted,57,57,140,0,4,76,0,130,52,0
capture_02_rotation_continuation.btsnoop,292.165,4,distracted,57,57,140,0,4,76,0,130,52,0
capture_02_rotation_continuation.btsnoop,292.733586,4,distracted,57,57,140,0,4,76,0,130,53,0
capture_02_rotation_continuation.btsnoop,293.083789,4,distracted,57,57,140,0,4,76,0,130,53,0
capture_02_rotation_continuation.btsnoop,293.433721,4,distracted,57,57,140,0,4,76,0,130,53,0
capture_02_rotation_continuation.btsnoop,293.783809,4,distracted,57,57,140,0,4,76,0,130,53,0
capture_02_rotation_continuation.btsnoop,294.0899,4,distracted,57,57,140,0,4,76,0,130,53,0
capture_02_rotation_continuation.btsnoop,294.483719,4,distracted,57,57,120,0,4,76,0,130,53,0
capture_02_rotation_continuation.btsnoop,294.746267,4,distracted,57,57,120,0,4,76,0,130,53,0
capture_02_rotation_continuation.btsnoop,295.096272,4,distracted,57,57,120,0,4,76,0,130,53,0
capture_02_rotation_continuation.btsnoop,295.446389,4,distracted,57,57,120,0,4,76,0,130,53,0
capture_02_rotation_continuation.btsnoop,295.796222,4,distracted,57,57,120,0,4,76,0,130,53,0
capture_02_rotation_continuation.btsnoop,296.10243,4,distracted,57,57,120,0,4,76,0,130,53,0
capture_02_rotation_continuation.btsnoop,296.452418,4,distracted,57,57,120,0,4,76,0,130,53,0
capture_02_rotation_continuation.btsnoop,296.802527,4,distracted,57,57,120,0,4,76,0,130,53,0
capture_02_rotation_continuation.btsnoop,297.196499,4,distracted,57,57,120,0,4,76,0,130,53,0
capture_02_rotation_continuation.btsnoop,297.808641,4,distracted,57,57,120,0,4,76,0,130,53,0
capture_02_rotation_continuation.btsnoop,298.158697,4,distracted,57,57,120,0,4,76,0,130,53,0
capture_02_rotation_continuation.btsnoop,298.552506,4,distracted,57,57,120,0,4,76,0,130,53,0
capture_02_rotation_continuation.btsnoop,299.165239,4,distracted,57,57,120,0,4,76,0,130,53,0
capture_02_rotation_continuation.btsnoop,299.55885,4,distracted,57,57,120,0,4,76,0,130,53,0
capture_02_rotation_continuation.btsnoop,300.171154,4,distracted,57,57,120,0,4,76,0,130,53,0
capture_02_rotation_continuation.btsnoop,300.521311,4,distracted,46,57,121,0,4,76,0,130,53,0
capture_02_rotation_continuation.btsnoop,300.827813,4,distracted,46,57,121,0,4,76,0,130,53,0
capture_02_rotation_continuation.btsnoop,301.177845,4,distracted,46,57,121,0,4,76,0,130,53,0
capture_02_rotation_continuation.btsnoop,301.527602,4,distracted,46,57,121,0,4,76,0,130,53,0
capture_02_rotation_continuation.btsnoop,301.834451,4,distracted,46,57,121,0,4,76,0,130,53,0
capture_02_rotation_continuation.btsnoop,302.183835,4,distracted,45,57,121,0,4,76,0,130,53,0
capture_02_rotation_continuation.btsnoop,302.57747,4,distracted,44,57,139,0,4,76,0,130,53,0
capture_02_rotation_continuation.btsnoop,302.840136,4,distracted,44,57,139,0,4,76,0,130,53,0
capture_02_rotation_continuation.btsnoop,303.190219,4,distracted,43,57,139,0,4,76,0,130,53,0
capture_02_rotation_continuation.btsnoop,303.540259,4,distracted,43,57,139,0,4,76,0,130,53,0
capture_02_rotation_continuation.btsnoop,303.846425,4,distracted,43,57,139,0,4,76,0,130,53,0
capture_02_rotation_continuation.btsnoop,304.196328,4,distracted,43,57,139,0,4,76,0,130,53,0
capture_02_rotation_continuation.btsnoop,304.634027,4,distracted,35,57,136,0,4,76,0,130,53,0
capture_02_rotation_continuation.btsnoop,305.202525,4,distracted,36,57,136,0,4,76,0,130,53,0
capture_02_rotation_continuation.btsnoop,305.640113,4,distracted,36,57,136,0,4,76,0,130,53,0
capture_02_rotation_continuation.btsnoop,306.252792,4,distracted,37,57,136,0,4,76,0,130,53,0
capture_02_rotation_continuation.btsnoop,306.646582,4,distracted,37,57,136,0,4,76,0,130,53,0
capture_02_rotation_continuation.btsnoop,307.30274,4,distracted,37,57,136,0,4,76,0,130,53,0
capture_02_rotation_continuation.btsnoop,307.915067,4,distracted,37,57,136,0,4,76,0,130,53,0
capture_02_rotation_continuation.btsnoop,308.265187,4,distracted,35,57,136,0,4,76,0,130,53,0
capture_02_rotation_continuation.btsnoop,308.615282,4,distracted,11,57,136,0,4,76,0,130,53,0
capture_02_rotation_continuation.btsnoop,308.964886,4,distracted,11,57,136,0,4,76,0,130,53,0
capture_02_rotation_continuation.btsnoop,309.27134,4,distracted,11,57,136,0,4,76,0,130,53,0
capture_02_rotation_continuation.btsnoop,309.665145,4,distracted,11,57,136,0,4,76,0,130,53,0
capture_02_rotation_continuation.btsnoop,310.277849,4,distracted,12,57,136,0,4,76,0,130,53,0
capture_02_rotation_continuation.btsnoop,310.71506,4,distracted,13,57,136,0,4,76,0,130,53,0
capture_02_rotation_continuation.btsnoop,311.283878,4,distracted,14,57,136,0,4,76,0,130,53,0
capture_02_rotation_continuation.btsnoop,311.633768,4,distracted,14,57,136,0,4,76,0,130,53,0
capture_02_rotation_continuation.btsnoop,311.983744,4,distracted,14,57,136,0,4,76,0,130,53,0
capture_02_rotation_continuation.btsnoop,312.29009,4,distracted,14,57,136,0,4,76,0,130,53,0
capture_02_rotation_continuation.btsnoop,312.640091,4,distracted,14,57,136,0,4,76,0,130,53,0
capture_02_rotation_continuation.btsnoop,312.990402,4,distracted,14,57,136,0,4,76,0,130,53,0
capture_02_rotation_continuation.btsnoop,313.296743,4,distracted,14,57,136,0,4,76,0,130,53,0
capture_02_rotation_continuation.btsnoop,313.646586,4,distracted,14,57,136,0,4,76,0,130,53,0
capture_02_rotation_continuation.btsnoop,313.996368,4,distracted,14,57,136,0,4,76,0,130,53,0
capture_02_rotation_continuation.btsnoop,314.302598,4,distracted,14,12,136,0,4,76,0,130,53,0
capture_02_rotation_continuation.btsnoop,314.696349,4,distracted,14,12,136,0,4,76,0,130,53,0
capture_02_rotation_continuation.btsnoop,315.002826,4,distracted,14,12,136,0,4,76,0,130,53,0
capture_02_rotation_continuation.btsnoop,315.352502,4,distracted,14,13,136,0,4,76,0,130,53,0
capture_02_rotation_continuation.btsnoop,315.702665,4,distracted,14,13,136,0,4,76,0,130,53,0
capture_02_rotation_continuation.btsnoop,316.008917,4,distracted,14,13,136,0,4,76,0,130,53,0
capture_02_rotation_continuation.btsnoop,316.358867,4,distracted,14,13,136,0,4,76,0,130,53,0
capture_02_rotation_continuation.btsnoop,316.708758,4,distracted,14,13,136,0,4,76,0,130,53,0
capture_02_rotation_continuation.btsnoop,317.015143,4,distracted,14,13,136,0,4,76,0,130,53,0
capture_02_rotation_continuation.btsnoop,317.365267,4,distracted,14,13,136,0,4,76,0,130,53,0
capture_02_rotation_continuation.btsnoop,317.802899,4,distracted,14,13,136,0,4,76,0,130,53,0
capture_02_rotation_continuation.btsnoop,318.371498,4,distracted,14,13,136,0,4,76,0,130,53,0
capture_02_rotation_continuation.btsnoop,318.721411,4,distracted,14,13,136,0,4,76,0,130,53,0
capture_02_rotation_continuation.btsnoop,319.027768,4,distracted,14,13,136,0,4,76,0,130,53,0
capture_02_rotation_continuation.btsnoop,319.37791,4,distracted,14,13,136,0,4,76,0,130,53,0
capture_02_rotation_continuation.btsnoop,319.72776,4,distracted,14,13,136,0,4,76,0,130,53,0
capture_02_rotation_continuation.btsnoop,320.033932,4,distracted,14,13,136,0,4,76,0,130,53,0
capture_02_rotation_continuation.btsnoop,320.383907,4,distracted,14,14,136,0,4,76,0,130,53,0
capture_02_rotation_continuation.btsnoop,320.777801,4,distracted,14,14,131,0,4,76,0,130,53,0
capture_02_rotation_continuation.btsnoop,321.040353,4,distracted,14,14,131,0,4,76,0,130,53,0
capture_02_rotation_continuation.btsnoop,321.390338,4,distracted,14,14,131,0,4,76,0,130,53,0
capture_02_rotation_continuation.btsnoop,321.783986,4,distracted,14,14,131,0,4,76,0,130,53,0
capture_02_rotation_continuation.btsnoop,322.09011,4,distracted,14,14,131,0,4,76,0,130,53,0
capture_02_rotation_continuation.btsnoop,322.396543,4,distracted,14,14,131,0,4,76,0,130,53,0
capture_02_rotation_continuation.btsnoop,322.790272,4,distracted,14,14,131,0,4,76,0,130,53,0
capture_02_rotation_continuation.btsnoop,323.096706,4,distracted,14,14,131,0,4,76,0,130,53,0
capture_02_rotation_continuation.btsnoop,323.402868,4,distracted,14,14,131,0,4,76,0,130,53,0
capture_02_rotation_continuation.btsnoop,323.796586,4,distracted,14,14,131,0,4,76,0,130,53,0
capture_02_rotation_continuation.btsnoop,324.102695,4,distracted,14,14,131,0,4,76,0,130,53,0
capture_02_rotation_continuation.btsnoop,324.409024,4,distracted,14,14,131,0,4,76,0,130,53,0
capture_02_rotation_continuation.btsnoop,324.802859,4,distracted,14,14,131,0,4,76,0,130,53,0
capture_02_rotation_continuation.btsnoop,325.109155,4,distracted,14,14,131,0,4,76,0,130,53,0
capture_02_rotation_continuation.btsnoop,325.458972,4,distracted,14,14,131,0,4,76,0,130,53,0
capture_02_rotation_continuation.btsnoop,325.808863,4,distracted,14,14,131,0,4,76,0,130,53,0
capture_02_rotation_continuation.btsnoop,326.115276,4,distracted,14,14,131,0,4,76,0,130,53,0
capture_02_rotation_continuation.btsnoop,326.465107,4,distracted,14,14,131,0,4,76,0,130,53,0
capture_02_rotation_continuation.btsnoop,326.815345,4,distracted,14,14,131,0,4,76,0,130,53,0
capture_02_rotation_continuation.btsnoop,327.121595,4,distracted,14,14,131,0,4,76,0,130,53,0
capture_02_rotation_continuation.btsnoop,327.471688,4,distracted,14,14,131,0,4,76,0,130,53,0
capture_02_rotation_continuation.btsnoop,327.821652,4,distracted,14,14,131,0,4,76,0,130,53,0
capture_02_rotation_continuation.btsnoop,328.128216,4,distracted,14,14,131,0,4,76,0,130,53,0
capture_02_rotation_continuation.btsnoop,328.477668,4,distracted,14,14,131,0,4,76,0,130,53,0
capture_02_rotation_continuation.btsnoop,328.91539,4,distracted,14,14,155,0,4,76,0,130,53,0
capture_02_rotation_continuation.btsnoop,329.484307,4,distracted,14,14,155,0,4,76,0,130,53,0
capture_02_rotation_continuation.btsnoop,329.921849,4,distracted,14,14,177,0,4,76,0,130,53,0
capture_02_rotation_continuation.btsnoop,330.490679,4,distracted,14,14,177,0,4,76,0,130,53,0
capture_02_rotation_continuation.btsnoop,330.840432,4,distracted,15,15,177,0,4,76,0,130,53,0
capture_02_rotation_continuation.btsnoop,331.19027,4,distracted,15,15,177,0,4,76,0,130,53,0
capture_02_rotation_continuation.btsnoop,331.496509,4,distracted,15,15,177,0,4,76,0,130,53,0
capture_02_rotation_continuation.btsnoop,331.890406,4,distracted,15,15,177,0,4,76,0,130,53,0
capture_02_rotation_continuation.btsnoop,332.196576,4,distracted,15,15,177,0,4,76,0,130,53,0
capture_02_rotation_continuation.btsnoop,332.502666,4,distracted,15,15,177,0,4,76,0,130,53,0
capture_02_rotation_continuation.btsnoop,332.896481,4,distracted,15,15,177,0,4,76,0,130,53,0
capture_02_rotation_continuation.btsnoop,333.202823,4,distracted,15,15,177,0,4,76,0,130,53,0
capture_02_rotation_continuation.btsnoop,333.552684,4,distracted,15,15,177,0,4,76,0,130,53,0
capture_02_rotation_continuation.btsnoop,333.946544,4,distracted,15,15,177,0,4,76,0,130,53,0
capture_02_rotation_continuation.btsnoop,334.559191,7,stressed,15,15,177,0,4,76,0,130,53,0
capture_02_rotation_continuation.btsnoop,334.908962,7,stressed,15,15,177,0,4,76,0,130,53,0
capture_02_rotation_continuation.btsnoop,335.215252,7,stressed,15,15,177,0,4,76,0,130,53,0
capture_02_rotation_continuation.btsnoop,335.565205,7,stressed,15,15,177,0,4,76,0,130,53,0
capture_02_rotation_continuation.btsnoop,335.915153,7,stressed,15,15,177,0,4,76,0,130,53,0
capture_02_rotation_continuation.btsnoop,336.571399,7,stressed,15,15,177,0,4,76,0,130,53,0
capture_02_rotation_continuation.btsnoop,336.965349,7,stressed,15,15,177,0,4,76,0,130,53,0
capture_02_rotation_continuation.btsnoop,337.577628,7,stressed,15,15,177,0,4,76,0,130,53,0
capture_02_rotation_continuation.btsnoop,337.928264,7,stressed,15,15,177,0,4,76,0,130,53,0
capture_02_rotation_continuation.btsnoop,338.234241,7,stressed,15,15,177,0,4,76,0,130,53,0
capture_02_rotation_continuation.btsnoop,338.584012,7,stressed,15,15,177,0,4,76,0,130,53,0
capture_02_rotation_continuation.btsnoop,338.977865,7,stressed,15,15,177,0,4,76,0,130,53,0
capture_02_rotation_continuation.btsnoop,339.284021,7,stressed,15,15,177,0,4,76,0,130,53,0
capture_02_rotation_continuation.btsnoop,339.590603,7,stressed,15,15,177,0,4,76,0,130,53,0
capture_02_rotation_continuation.btsnoop,339.941294,7,stressed,15,15,177,0,4,76,0,130,53,0
capture_02_rotation_continuation.btsnoop,340.290521,7,stressed,15,15,177,0,4,76,0,130,53,0
capture_02_rotation_continuation.btsnoop,340.597011,7,stressed,15,15,177,0,4,76,0,130,53,0
capture_02_rotation_continuation.btsnoop,340.946781,7,stressed,15,15,177,0,4,76,0,130,53,0
capture_02_rotation_continuation.btsnoop,341.296642,7,stressed,15,15,177,0,4,76,0,130,53,0
capture_02_rotation_continuation.btsnoop,341.603164,7,stressed,15,15,177,0,4,76,0,130,53,0
capture_02_rotation_continuation.btsnoop,341.996745,7,stressed,48,48,194,0,4,76,0,130,53,0
capture_02_rotation_continuation.btsnoop,342.302895,7,stressed,48,48,194,0,4,76,0,130,53,0
capture_02_rotation_continuation.btsnoop,342.609255,7,stressed,48,47,194,0,4,76,0,130,53,0
capture_02_rotation_continuation.btsnoop,342.959276,7,stressed,48,47,194,0,4,76,0,130,53,0
capture_02_rotation_continuation.btsnoop,343.309215,7,stressed,48,47,194,0,4,76,0,130,53,0
capture_02_rotation_continuation.btsnoop,343.658965,7,stressed,48,48,194,0,4,76,0,130,53,0
capture_02_rotation_continuation.btsnoop,344.052952,7,stressed,52,52,165,0,4,76,0,130,53,0
capture_02_rotation_continuation.btsnoop,344.665602,7,stressed,53,53,165,0,4,76,0,130,53,0
capture_02_rotation_continuation.btsnoop,345.015666,7,stressed,35,53,165,0,4,76,0,130,53,0
capture_02_rotation_continuation.btsnoop,345.321776,7,stressed,35,53,165,0,4,76,0,130,53,0
capture_02_rotation_continuation.btsnoop,345.671729,7,stressed,36,53,165,0,4,76,0,130,53,0
capture_02_rotation_continuation.btsnoop,346.109228,7,stressed,26,53,154,0,4,76,0,130,53,0
capture_02_rotation_continuation.btsnoop,346.677912,7,stressed,26,53,154,0,4,76,0,130,53,0
capture_02_rotation_continuation.btsnoop,347.027939,7,stressed,26,53,154,0,4,76,0,130,53,0
capture_02_rotation_continuation.btsnoop,347.334303,7,stressed,26,53,154,0,4,76,0,130,53,0
capture_02_rotation_continuation.btsnoop,347.684141,7,stressed,27,53,154,0,4,76,0,130,53,0
capture_02_rotation_continuation.btsnoop,348.077896,7,stressed,27,14,168,0,4,76,0,130,53,0
capture_02_rotation_continuation.btsnoop,348.340401,7,stressed,27,19,168,0,4,76,0,130,53,0
capture_02_rotation_continuation.btsnoop,348.690466,7,stressed,27,19,168,0,4,76,0,130,53,0
capture_02_rotation_continuation.btsnoop,349.040472,7,stressed,32,32,168,0,4,76,0,130,53,0
capture_02_rotation_continuation.btsnoop,349.390332,7,stressed,32,30,168,0,4,76,0,130,53,0
capture_02_rotation_continuation.btsnoop,349.696686,7,stressed,32,29,168,0,4,76,0,130,53,0
capture_02_rotation_continuation.btsnoop,350.046699,7,stressed,32,29,168,0,4,76,0,130,53,0
capture_02_rotation_continuation.btsnoop,350.396783,7,stressed,32,29,168,0,4,76,0,130,53,0
capture_02_rotation_continuation.btsnoop,350.702794,7,stressed,32,29,168,0,4,76,0,130,53,0
capture_02_rotation_continuation.btsnoop,351.052918,7,stressed,32,29,168,0,4,76,0,130,53,0
capture_02_rotation_continuation.btsnoop,351.402862,7,stressed,32,29,168,0,4,76,0,130,53,0
capture_02_rotation_continuation.btsnoop,351.752949,7,stressed,32,29,168,0,4,76,0,130,53,0
capture_02_rotation_continuation.btsnoop,352.059306,7,stressed,32,29,168,0,4,76,0,130,53,0
capture_02_rotation_continuation.btsnoop,352.409181,7,stressed,32,29,168,0,4,76,0,130,53,0
capture_02_rotation_continuation.btsnoop,352.759251,7,stressed,32,29,168,0,4,76,0,130,53,0
capture_02_rotation_continuation.btsnoop,353.196768,7,stressed,32,29,149,0,4,76,0,130,53,0
capture_02_rotation_continuation.btsnoop,353.765416,7,stressed,32,29,149,0,0,72,0,162,55,0
capture_02_rotation_continuation.btsnoop,354.071774,7,stressed,32,29,149,0,0,72,0,162,55,0
capture_02_rotation_continuation.btsnoop,354.421691,7,stressed,32,29,149,0,0,72,0,162,55,0
capture_02_rotation_continuation.btsnoop,354.771935,7,stressed,32,29,149,0,0,72,0,162,55,0
capture_02_rotation_continuation.btsnoop,355.121879,7,stressed,32,29,149,0,0,72,0,162,55,0
capture_02_rotation_continuation.btsnoop,355.42823,7,stressed,32,29,149,0,0,72,0,162,55,0
capture_02_rotation_continuation.btsnoop,355.778048,7,stressed,32,29,149,0,0,72,0,162,55,0
capture_02_rotation_continuation.btsnoop,356.128126,7,stressed,32,29,149,0,0,72,0,162,55,0
capture_02_rotation_continuation.btsnoop,356.434385,7,stressed,32,29,149,0,0,72,0,162,55,0
capture_02_rotation_continuation.btsnoop,356.784596,7,stressed,32,29,149,0,0,72,0,162,55,0
capture_02_rotation_continuation.btsnoop,357.178112,7,stressed,32,29,117,0,0,72,0,162,55,0
capture_02_rotation_continuation.btsnoop,357.44059,7,stressed,32,29,117,0,0,72,0,162,55,0
capture_02_rotation_continuation.btsnoop,357.790691,7,stressed,32,29,117,0,0,72,0,162,55,0
capture_02_rotation_continuation.btsnoop,358.228412,4,distracted,32,29,117,0,0,72,0,162,55,0
capture_02_rotation_continuation.btsnoop,358.796792,4,distracted,32,29,117,0,0,72,0,162,55,0
capture_02_rotation_continuation.btsnoop,359.190549,4,distracted,32,29,117,0,0,72,0,162,55,0
capture_02_rotation_continuation.btsnoop,359.496922,4,distracted,32,29,117,0,0,72,0,162,55,0
capture_02_rotation_continuation.btsnoop,359.847184,4,distracted,32,29,117,0,0,72,0,162,55,0
capture_02_rotation_continuation.btsnoop,360.153144,4,distracted,32,29,117,0,0,72,0,162,55,0
capture_02_rotation_continuation.btsnoop,360.503008,4,distracted,32,29,117,0,0,72,0,162,55,0
capture_02_rotation_continuation.btsnoop,360.809591,4,distracted,32,29,117,0,0,72,0,162,55,0
capture_02_rotation_continuation.btsnoop,361.203156,4,distracted,32,29,117,0,0,72,0,162,55,0
capture_02_rotation_continuation.btsnoop,361.50943,4,distracted,32,29,117,0,0,72,0,162,55,0
capture_02_rotation_continuation.btsnoop,361.859413,4,distracted,32,29,117,0,0,72,0,162,55,0
capture_02_rotation_continuation.btsnoop,362.252964,4,distracted,32,29,167,0,0,72,0,162,55,0
capture_02_rotation_continuation.btsnoop,362.821774,4,distracted,32,29,167,0,0,72,0,162,55,0
capture_02_rotation_continuation.btsnoop,363.215556,4,distracted,32,29,167,0,0,72,0,162,55,0
capture_02_rotation_continuation.btsnoop,363.5218,4,distracted,32,29,167,0,0,72,0,162,55,0
capture_02_rotation_continuation.btsnoop,363.871786,4,distracted,32,29,167,0,0,72,0,162,55,0
capture_02_rotation_continuation.btsnoop,364.22188,4,distracted,32,29,167,0,0,72,0,162,55,0
capture_02_rotation_continuation.btsnoop,364.528376,4,distracted,32,29,167,0,0,72,0,162,55,0
capture_02_rotation_continuation.btsnoop,364.878008,4,distracted,32,29,167,0,0,72,0,162,55,0
capture_02_rotation_continuation.btsnoop,365.228491,4,distracted,32,29,167,0,0,72,0,162,55,0
capture_02_rotation_continuation.btsnoop,365.534374,4,distracted,32,29,167,0,0,72,0,162,55,0
capture_02_rotation_continuation.btsnoop,365.884401,4,distracted,32,29,167,0,0,72,0,162,55,0
capture_02_rotation_continuation.btsnoop,366.278212,4,distracted,32,29,167,0,0,72,0,162,55,0
capture_02_rotation_continuation.btsnoop,366.540656,4,distracted,32,29,167,0,0,72,0,162,55,0
capture_02_rotation_continuation.btsnoop,366.890665,4,distracted,32,29,167,0,0,72,0,162,55,0
capture_02_rotation_continuation.btsnoop,367.240598,4,distracted,32,29,167,0,0,72,0,162,55,0
